pincode,office,office_type,delivery,taluk,district
600001,Chennai G.P.O.,H.O,Delivery,Chennai,Chennai
600001,Flower Bazaar S.O,S.O,Non-Delivery,NA,Chennai
600001,Govt Stanley Hospital S.O,S.O,Non-Delivery,Tondiarpet Fort St George,Chennai
600001,MPT AO S.O,S.O,Non-Delivery,Tondiarpet Fort St Goerge,Chennai
600001,Mannady S.O (Chennai),S.O,Non-Delivery,Tondiarpet Fort St George,Chennai
600001,Mint Building S.O,S.O,Non-Delivery,Tondiarpet Fort St George,Chennai
600001,Sowcarpet S.O,S.O,Non-Delivery,Tondiarpet Fort St George,Chennai
600002,Anna Road H.O,H.O,Delivery,Chennai,Chennai
600002,Chintadripet S.O,S.O,Non-Delivery,Chennai,Chennai
600002,Madras Electricity System S.O,S.O,Non-Delivery,Chennai,Chennai
600003,Edapalayam S.O,S.O,Non-Delivery,Tondiarpet Fort St George,Chennai
600003,Madras Medical College S.O,S.O,Non-Delivery,Tondiarpet Fort St George,Chennai
600003,Park Town H.O,H.O,Delivery,Tondiarpet Fort St George,Chennai
600003,Ripon Buildings S.O,S.O,Non-Delivery,Tondiarpet Fort St George,Chennai
600004,Mandaveli S.O,S.O,Non-Delivery,Chennai,Chennai
600004,Mylapore H.O,H.O,Delivery,Chennai,Chennai
600004,Vivekananda College Madras S.O,S.O,Non-Delivery,Chennai,Chennai
600005,Chepauk S.O,S.O,Non-Delivery,Chennai,Chennai
600005,Madras University S.O,S.O,Non-Delivery,Chennai,Chennai
600005,Tiruvallikkeni S.O,S.O,Delivery,Chennai,Chennai
600006,Greams Road S.O,S.O,Delivery,Chennai,Chennai
600006,Old College Buildings S.O,S.O,Non-Delivery,Chennai,Chennai
600006,Shastri Bhavan S.O,S.O,Non-Delivery,Chennai,Chennai
600006,Teynampet West S.O,S.O,Non-Delivery,Chennai,Chennai
600007,Vepery S.O,S.O,Delivery,Perambur Purasawalkam,Chennai
600008,Egmore ND S.O,S.O,Non-Delivery,NA,Chennai
600008,Egmore S.O,S.O,Delivery,NA,Chennai
600008,Ethiraj Salai S.O,S.O,Non-Delivery,Egmore Nungambakka,Chennai
600009,Fort St George S.O,S.O,Delivery,Tondiarpet Fort St George,Chennai
600010,Kilpauk Medical College S.O,S.O,Non-Delivery,Perambur Purasawalkam,Chennai
600010,Kilpauk S.O,S.O,Delivery,Perambur Purasawalkam,Chennai
600010,Medavakkam Tank Road S.O,S.O,Non-Delivery,Perambur Purasawalkam,Chennai
600011,Perambur North S.O,S.O,Non-Delivery,Perambur Purasawalkam,Chennai
600011,Perambur S.O,S.O,Delivery,Perambur Purasawalkam,Chennai
600011,Sembiam S.O,S.O,Non-Delivery,Perambur Purasawalkam,Chennai
600012,Perambur Barracks S.O,S.O,Delivery,Perambur Purasawalkam,Chennai
600012,Puliyanthope S.O,S.O,Non-Delivery,Perambur Purasawalkam,Chennai
600012,Venkatesapuram S.O,S.O,Non-Delivery,Perambur Purasawalkam,Chennai
600013,Rayapuram S.O,S.O,Delivery,Egmore Nungambakkam,Chennai
600014,Lloyds Estate S.O,S.O,Non-Delivery,Chennai,Chennai
600014,Royapettah S.O,S.O,Delivery,Chennai,Chennai
600014,Triplicane South S.O,S.O,Non-Delivery,Chennai,Chennai
600015,Guindy North S.O,S.O,Non-Delivery,Chennai City Corporation,Chennai
600015,Saidapet S.O (Chennai),S.O,Delivery,Chennai City Corporation,Chennai
600016,Alandur(Reopened W.E.F.6.6.05) S.O,S.O,Non-Delivery,Saidapet,Kanchipuram
600016,Chennai Airport S.O,S.O,Non-Delivery,Saidapet,Kanchipuram
600016,Meenambakkam S.O,S.O,Non-Delivery,Sriperumbudur,Kanchipuram
600016,St.Thomas Mount H.O,H.O,Delivery,Saidapet,Kanchipuram
600017,Hindi Prachar Sabha S.O,S.O,Non-Delivery,Chennai,Chennai
600017,Thygarayanagar H.O,H.O,Delivery,Chennai,Chennai
600017,Thygarayanagar North ND S.O,S.O,Non-Delivery,Chennai,Chennai
600017,Thygarayanagar South NDS.O,S.O,Non-Delivery,Chennai,Chennai
600018,Pr. Accountant General S.O,S.O,Non-Delivery,Chennai,Chennai
600018,Teynampet S.O,S.O,Delivery,Chennai,Chennai
600019,Kaladipet S.O,S.O,Non-Delivery,Ambattur,Tiruvallur
600019,Shanmugapuram S.O,S.O,Non-Delivery,Ambattur,Tiruvallur
600019,Tiruvottiyur S.O,S.O,Delivery,Ambattur,Tiruvallur
600019,Tiruvottiyur West S.O,S.O,Non-Delivery,NA,Tiruvallur
600019,Tondiarpet Rly Colony B.O,B.O,Non-Delivery,Ambattur,Tiruvallur
600020,Adyar S.O (Chennai),S.O,Delivery,Chennai City Corporation,Chennai
600020,Kasturibai Nagar S.O,S.O,Non-Delivery,Chennai City Corporation,Chennai
600020,Shastri Nagar S.O (Chennai),S.O,Non-Delivery,Chennai City Corporation,Chennai
600021,Washermanpet East S.O,S.O,Non-Delivery,Tondiarpet Fort St George,Chennai
600021,Washermanpet S.O,S.O,Delivery,Tondiarpet Fort St George,Chennai
600022,Rajbhavan S.O (Chennai),S.O,Delivery,Chennai City Corporation,Chennai
600023,Aynavaram S.O,S.O,Delivery,Perambur Purasawalkam,Chennai
600024,Kodambakkam S.O,S.O,Delivery,Chennai City Corporation,Chennai
600025,Engineering College S.O (Chennai),S.O,Delivery,Chennai City Corporation,Chennai
600026,Vadapalani S.O,S.O,Delivery,Chennai City Corporation,Chennai
600028,Raja Annamalaipuram S.O,S.O,Delivery,Chennai City Corporation,Chennai
600028,Ramakrishna Nagar S.O (Chennai),S.O,Non-Delivery,Chennai City Corporation,Chennai
600030,Aminjikarai S.O,S.O,Non-Delivery,Egmore Nungambakkam,Chennai
600030,Shenoy Nagar S.O,S.O,Delivery,Egmore Nungambakkam,Chennai
600031,Chetput S.O,S.O,Delivery,Egmore Nungambakkam,Chennai
600031,World University Centre S.O,S.O,Non-Delivery,Egmore Nungambakkm,Chennai
600032,Ekkaduthangal S.O,S.O,Non-Delivery,Chennai City Corporation,Chennai
600032,Guindy Industrial Estate S.O,S.O,Delivery,Chennai City Corporation,Chennai
600033,Mambalam R.S. S.O,S.O,Non-Delivery,Chennai City Corporation,Chennai
600033,West Mambalam S.O,S.O,Delivery,Chennai City Corporation,Chennai
600034,Loyola College S.O,S.O,Non-Delivery,Chennai,Chennai
600034,Nungambakkam High Road S.O,S.O,Non-Delivery,Chennai,Chennai
600034,Nungambakkam S.O,S.O,Delivery,Chennai,Chennai
600035,Nandanam S.O,S.O,Delivery,Chennai City Corporation,Chennai
600036,Indian Institute Of Technology S.O,S.O,Delivery,Chennai City Corporation,Chennai
600037,Mogappair S.O,S.O,Delivery,Ambattur,Tiruvallur
600037,Mogappair West S.O,S.O,Non-Delivery,Ambattur,Tiruvallur
600038,Icf Colony S.O,S.O,Delivery,Perambur Purasawalkam,Chennai
600039,Vyasar Nagar Colony S.O,S.O,Non-Delivery,Tondiarpet Fort St George,Chennai
600039,Vyasarpadi S.O,S.O,Delivery,Tondiarpet Fort St George,Chennai
600040,Anna Nagar S.O (Chennai),S.O,Delivery,Egmore Nungambakkam,Chennai
600041,Neelankarai B.O,B.O,Non-Delivery,Chennai City Corporation,Kanchipuram
600041,Palavakkam S.O (Kanchipuram),S.O,Non-Delivery,Saidapet,Kanchipuram
600041,Tiruvanmiyur S.O,S.O,Delivery,Chennai City Corporation,Chennai
600041,Valmiki Nagar S.O,S.O,Non-Delivery,Mylapore - Triplicane,Chennai
600042,Velacheri S.O,S.O,Delivery,Chennai City Corporation,Chennai
600043,Pallavaram S.O,S.O,Delivery,NA,Kanchipuram
600043,Rajajinagar S.O (Kanchipuram),S.O,Non-Delivery,NA,Kanchipuram
600043,Tirusulam S.O,S.O,Non-Delivery,NA,Kanchipuram
600044,Bharathipuram S.O (Kanchipuram),S.O,Non-Delivery,NA,Kanchipuram
600044,Chromepet S.O,S.O,Delivery,NA,Kanchipuram
600044,Darkash B.O,B.O,Delivery,Sriperumbudur,Kanchipuram
600044,Lakshmipuram B.O,B.O,Non-Delivery,NA,Kanchipuram
600044,Nagalkeni S.O,S.O,Non-Delivery,NA,Kanchipuram
600044,Nehrunagar B.O,B.O,Non-Delivery,NA,Kanchipuram
600044,Nemilichery B.O,B.O,Non-Delivery,Tambaram,Kanchipuram
600044,Radhanagar S.O (Kanchipuram),S.O,Non-Delivery,NA,Kanchipuram
600044,Tirumudivakkam B.O,B.O,Delivery,Sriperumbudur,Kanchipuram
600044,Tiruneermalai B.O,B.O,Delivery,Tambaram,Kanchipuram
600045,Irumbuliyur B.O,B.O directly a/w Head Office,Non-Delivery,Tambaram,Kanchipuram
600045,MEPZ Tambaram S.O,S.O,Non-Delivery,Tambaram,Kanchipuram
600045,Tambaram H.O,H.O,Delivery,Tambaram,Kanchipuram
600045,Tambaram West S.O,S.O,Non-Delivery,Tambaram,Kanchipuram
600046,Tambaram IAF S.O,S.O,Delivery,Tambaram,Kanchipuram
600047,Kadaperi B.O,B.O,Non-Delivery,Tambaram,Kanchipuram
600047,Tambaram Sanatorium S.O,S.O,Delivery,Tambaram,Kanchipuram
600048,Mannivakkam B.O,B.O,Delivery,Chinglepet,Kanchipuram
600048,Mudichur S.O,S.O,Non-Delivery,Tambaram,Kanchipuram
600048,Otteri Extension B.O,B.O,Non-Delivery,Tambaram,Kanchipuram
600048,Vandalur S.O,S.O,Delivery,Tambaram,Kanchipuram
600049,Rajajinagar B.O,B.O,Non-Delivery,Ambattur,Tiruvallur
600049,Srinivasanagar B.O,B.O,Non-Delivery,Ambattur,Tiruvallur
600049,Tirumangalam Road S.O,S.O,Non-Delivery,Ambattur,Tiruvallur
600049,Villivakkam S.O,S.O,Delivery,Ambattur,Tiruvallur
600050,Jagadambigainagar B.O,B.O,Non-Delivery,Ambattur,Tiruvallur
600050,Korattur S.O,S.O,Non-Delivery,Ambattur,Tiruvallur
600050,Padi S.O,S.O,Delivery,Ambattur,Tiruvallur
600051,Madhavaram Milk Colony S.O,S.O,Delivery,Ponneri,Tiruvallur
600052,Alamathi B.O,B.O,Delivery,Ponneri,Tiruvallur
600052,Boochiathipattu B.O,B.O,Delivery,Ponneri,Tiruvallur
600052,Edapalayam B.O,B.O,Delivery,Ponneri,Tiruvallur
600052,Guruvoyal B.O,B.O,Delivery,Ponneri,Tiruvallur
600052,Padianallur S.O,S.O,Non-Delivery,Ambattur,Tiruvallur
600052,Pammadukulam B.O,B.O,Delivery,Ponneri,Tiruvallur
600052,Redhills S.O,S.O,Delivery,Ponneri,Tiruvallur
600052,Vadakarai B.O,B.O,Delivery,Ponneri,Tiruvallur
600052,Vilangadupakkam B.O,B.O,Delivery,Ponneri,Tiruvallur
600053,Ambattur H.O,H.O,Delivery,Ambattur,Tiruvallur
600053,Menambedu S.O,S.O,Non-Delivery,Ambattur,Tiruvallur
600053,Oragadam B.O,B.O,Non-Delivery,Ambattur,Tiruvallur
600053,Prithivipakkam S.O,S.O,Non-Delivery,Ambattur,Tiruvallur
600053,Thiruvengadnagar B.O,B.O,Delivery,Ambattur,Tiruvallur
600053,Vijayalakshmipuram S.O,S.O,Non-Delivery,Ambattur,Tiruvallur
600054,Avadi Camp H.O,H.O,Delivery,Ambattur,Tiruvallur
600054,Avadi S.O,S.O,Non-Delivery,Ambattur,Tiruvallur
600054,Cvrde S.O,S.O,Non-Delivery,Ambattur,Tiruvallur
600054,Gandhinagar B.O,B.O,Non-Delivery,Ambattur,Tiruvallur
600054,Tank Factory Avadi S.O,S.O,Non-Delivery,Ambattur,Tiruvallur
600055,Avadi IAF S.O,S.O,Delivery,Ambattur,Tiruvallur
600055,Koduvalli B.O,B.O,Delivery,Poonamallee,Tiruvallur
600055,Mittanamalli B.O,B.O,Non-Delivery,Poonamallee,Tiruvallur
600055,Morai B.O,B.O,Delivery,Poonamallee,Tiruvallur
600055,Palavedu B.O,B.O,Delivery,Poonamallee,Tiruvallur
600055,Pandeeswaram B.O,B.O,Delivery,Poonamallee,Tiruvallur
600056,Iyyappanthangal S.O,S.O,Non-Delivery,Sriperumbudur,Kanchipuram
600056,Kattupakkam B.O,B.O,Non-Delivery,Poonamallee,Tiruvallur
600056,Poonamallee East S.O,S.O,Non-Delivery,Poonamallee,Tiruvallur
600056,Poonamallee S.O,S.O,Delivery,Poonamalee,Tiruvallur
600056,Senneerkuppam B.O,B.O,Non-Delivery,Poonamallee,Tiruvallur
600057,Ennore RS S.O,S.O,Non-Delivery,Ambattur,Tiruvallur
600057,Ennore Thermal Station S.O,S.O,Delivery,Ponneri,Tiruvallur
600057,Ernavur S.O,S.O,Non-Delivery,NA,Tiruvallur
600057,Kamarajnagar B.O,B.O,Non-Delivery,Ponneri,Tiruvallur
600058,Ambattur Indl Estate S.O,S.O,Delivery,Ambattur,Tiruvallur
600058,Athipattu B.O,B.O,Non-Delivery,Ambattur,Tiruvallur
600058,Ganapathipuram(CMT) B.O,B.O,Non-Delivery,NA,Kanchipuram
600059,Christian College Tambaram S.O,S.O,Non-Delivery,Tambaram,Kanchipuram
600059,Kasthuribainagar B.O,B.O,Non-Delivery,Tambaram,Kanchipuram
600059,LIC Colony B.O,B.O,Delivery,Tambaram,Kanchipuram
600059,Lic Colony Tambaram S.O,S.O,Non-Delivery,Tambaram,Kanchipuram
600059,State Bank Colony B.O,B.O,Non-Delivery,Tambaram,Kanchipuram
600059,Sundaram Colony B.O,B.O,Non-Delivery,Tambaram,Kanchipuram
600059,Tambaram East S.O,S.O,Delivery,Tambaram,Kanchipuram
600060,Madhavaram S.O (Tiruvallur),S.O,Delivery,Ponneri,Tiruvallur
600060,Moolakadai S.O,S.O,Non-Delivery,Gummidipoondi,Tiruvallur
600060,Vadaperumbakkam B.O,B.O,Delivery,Ambattur,Tiruvallur
600061,Nanganallur Bazaar S.O,S.O,Non-Delivery,Saidapet,Kanchipuram
600061,Nanganallur S.O,S.O,Delivery,Saidapet,Kanchipuram
600061,Pazhavanthangal S.O,S.O,Non-Delivery,Saidapet,Kanchipuram
600062,Kovilpadagai B.O,B.O,Non-Delivery,Poonamallee,Tiruvallur
600062,Railway Carshed Complex S.O,S.O,Non-Delivery,Poonamallee,Tiruvallur
600062,Senthilnagar S.O,S.O,Non-Delivery,Poonamallee,Tiruvallur
600062,Tirumullaivoyal S.O,S.O,Delivery,Poonamallee,Tiruvallur
600062,Vellanur B.O,B.O,Delivery,Poonamallee,Tiruvallur
600062,Velnagar Vellanur S.O,S.O,Non-Delivery,Avadi,Tiruvallur
600063,Old Perungalathur B.O,B.O,Delivery,Tambaram,Kanchipuram
600063,Srinivasanagar East B.O,B.O,Non-Delivery,Tambaram,Kanchipuram
600063,Srinivasanagar S.O (Kanchipuram),S.O,Delivery,Tambaram,Kanchipuram
600064,Chitlapakkam S.O,S.O,Delivery,NA,Kanchipuram
600064,Hasthinapuram S.O,S.O,Non-Delivery,NA,Kanchipuram
600065,CRP camp S.O (Tiruvallur),S.O,Delivery,Ambattur,Tiruvallur
600066,Kadirvedu S.O,S.O,Non-Delivery,Ambattur,Tiruvallur
600066,Pozhal S.O,S.O,Delivery,Ponneri,Tiruvallur
600067,Alinjivakkam B.O,B.O,Delivery,Ponneri,Tiruvallur
600067,Budur B.O,B.O,Delivery,Ponneri,Tiruvallur
600067,Erumaivettipalayam B.O,B.O,Delivery,Ponneri,Tiruvallur
600067,Jagannathapuram B.O,B.O,Delivery,Ponneri,Tiruvallur
600067,Nayar B.O,B.O,Delivery,Ponneri,Tiruvallur
600067,Orakadu B.O,B.O,Delivery,Ponneri,Tiruvallur
600067,Sholavaram S.O,S.O,Delivery,Ponneri,Tiruvallur
600068,Manali S.O (Tiruvallur),S.O,Delivery,Ambattur,Tiruvallur
600069,Kunnathur S.O (Kanchipuram),S.O,Delivery,Sriperumbudur,Kanchipuram
600069,Nandambakkam B.O,B.O,Delivery,Sriperumbudur,Kanchipuram
600069,Sirukalathur B.O,B.O,Delivery,Sriperumbudur,Kanchipuram
600069,Somangalam B.O,B.O,Delivery,Sriperumbudur,Kanchipuram
600069,South Malayambakkam B.O,B.O,Delivery,Sriperumbudur,Kanchipuram
600070,Anakaputhur S.O,S.O,Delivery,NA,Kanchipuram
600071,Kamarajnagar S.O,S.O,Delivery,Poonamallee,Tiruvallur
600071,Paruthipattu B.O,B.O,Non-Delivery,Poonamallee,Tiruvallur
600072,Arignar Anna Nagar B.O,B.O,Non-Delivery,Poonamallee,Tiruvallur
600072,Kolappancheri B.O,B.O,Delivery,Poonamallee,Tiruvallur
600072,Pattabiram S.O,S.O,Delivery,Poonamallee,Tiruvallur
600072,Soranjeri B.O,B.O,Delivery,Poonamallee,Tiruvallur
600072,Thandarai S.O,S.O,Non-Delivery,Poonamallee,Tiruvallur
600072,Voyalanallur B.O,B.O,Delivery,Poonamallee,Tiruvallur
600073,Gowriwakkam S.O,S.O,Non-Delivery,NA,Kanchipuram
600073,Rajakilpakkam B.O,B.O,Non-Delivery,Tambaram,Kanchipuram
600073,Selaiyur S.O,S.O,Delivery,NA,Kanchipuram
600074,Polichalur S.O,S.O,Delivery,Tambaram,Kanchipuram
600075,Pammal East S.O,S.O,Non-Delivery,NA,Kanchipuram
600075,Pammal S.O,S.O,Delivery,NA,Kanchipuram
600076,Korattur RS S.O,S.O,Delivery,Ambattur,Tiruvallur
600077,Ayapakkam B.O,B.O,Non-Delivery,Poonamallee,Tiruvallur
600077,Numbal B.O,B.O,Non-Delivery,Poonamallee,Tiruvallur
600077,Thiruverkadu S.O,S.O,Delivery,Poonamallee,Tiruvallur
600077,Veeraraghavapuram B.O,B.O,Non-Delivery,Poonamallee,Tiruvallur
600078,Kalaignar Karunanidhi Nagar S.O,S.O,Delivery,Chennai City Corporation,Chennai
600081,Tondiarpet Bazaar S.O,S.O,Non-Delivery,Tondiarpet Fort St George,Chennai
600081,Tondiarpet S.O,S.O,Delivery,Tondiarpet Fort St George,Chennai
600081,Tondiarpet West S.O,S.O,Non-Delivery,Tondiarpet Fort St George,Chennai
600082,Agaram S.O,S.O,Non-Delivery,Perambur Purasawalkam,Chennai
600082,G K M Colony S.O,S.O,Non-Delivery,Perambur Purawalkam,Chennai
600082,Jawahar Nagar S.O (Chennai),S.O,Delivery,Perambur Purasawalkam,Chennai
600082,Kumaran Nagar S.O,S.O,Non-Delivery,NA,Chennai
600083,Ashoknagar S.O (Chennai),S.O,Delivery,Chennai City Corporation,Chennai
600083,Jafferkhanpet S.O,S.O,Non-Delivery,Chennai City Corporation,Chennai
600084,Flowers Road S.O,S.O,Delivery,Perambur Purasawalkam,Chennai
600085,Kotturpuram S.O,S.O,Delivery,Chennai City Corporation,Chennai
600086,Gopalapuram S.O (Chennai),S.O,Delivery,Chennai,Chennai
600087,Alwarthirunagar S.O,S.O,Delivery,NA,Tiruvallur
600087,Valasaravakkam S.O,S.O,Non-Delivery,NA,Tiruvallur
600088,Adambakkam S.O,S.O,Delivery,NA,Kanchipuram
600088,Nilamangai Nagar S.O,S.O,Non-Delivery,Saidapet,Kanchipuram
600089,Nandambakkam Kudiyiruppu S.O,S.O,Delivery,Saidapet,Kanchipuram
600089,Ramapuram S.O (Kanchipuram),S.O,Non-Delivery,Saidapet,Kanchipuram
600090,Besantnagar S.O,S.O,Delivery,Chennai City Corporation,Chennai
600090,Rajaji Bhavan S.O,S.O,Non-Delivery,Chennai City Corporation,Chennai
600091,Madipakkam S.O,S.O,Delivery,Saidapet,Kanchipuram
600091,Madipakkam South S.O,S.O,Non-Delivery,Saidapet,Kanchipuram
600092,Koyambedu Wholesale Market Com S.O,S.O,Non-Delivery,Chennai City Corporation,Chennai
600092,Virugambakkam S.O,S.O,Delivery,Chennai City Corporation,Chennai
600093,Saligramam S.O,S.O,Delivery,Chennai City Corporation,Chennai
600094,Choolaimedu S.O,S.O,Delivery,Chennai,Chennai
600095,Ayanambakkam B.O,B.O,Delivery,Poonamallee,Tiruvallur
600095,Maduravoyal S.O,S.O,Delivery,Poonamalee,Tiruvallur
600095,Vanagaram B.O,B.O,Non-Delivery,Poonamallee,Tiruvallur
600096,Perungudi S.O,S.O,Delivery,Saidapet,Kanchipuram
600097,Karapakkam S.O,S.O,Non-Delivery,NA,Kanchipuram
600097,Oggiamthoraipakkam S.O,S.O,Delivery,NA,Kanchipuram
600098,Sidco Estate S.O,S.O,Delivery,Ambattur,Tiruvallur
600099,Kolathur S.O,S.O,Delivery,Ambattur,Tiruvallur
600099,Lakshmipuram B.O,B.O,Non-Delivery,Ambattur,Tiruvallur
600100,Medavakkam  S.O,S.O,Delivery,Tambaram,Kanchipuram
600100,Pallikaranai S.O,S.O,Non-Delivery,Tambaram,Kanchipuram
600101,Anna Nagar Western Extn S.O,S.O,Delivery,Ambattur,Chennai
600102,Anna Nagar East S.O,S.O,Delivery,Perambur Purasawalkam,Chennai
600103,Andarkuppam B.O,B.O,Delivery,Ambattur,Tiruvallur
600103,Manali New Town S.O,S.O,Delivery,Gummidipoondi,Tiruvallur
600103,Vellivoyalchavadi B.O,B.O,Delivery,Ambattur,Tiruvallur
600103,Vichoor B.O,B.O,Delivery,Ambattur,Tiruvallur
600104,High Court Building S.O (Chennai),S.O,Delivery,Tondiarpet Fort St George,Chennai
600106,Arumbakkam S.O,S.O,Delivery,Maduravoyal,Chennai
600106,D G Vaishnav College S.O,S.O,Non-Delivery,Egmore Nungambakkam,Chennai
600107,Koyambedu S.O,S.O,Delivery,Maduravoyal,Chennai
600107,Nerkundram S.O,S.O,Non-Delivery,Chennai Corporation,Tiruvallur
600110,Ponniammanmedu S.O,S.O,Delivery,Ambattur,Tiruvallur
600113,TTTI Taramani S.O,S.O,Delivery,Chennai City Corporation,Chennai
600113,Tidel Park S.O,S.O,Non-Delivery,Mambalam,Chennai
600115,Injambakkam S.O,S.O,Delivery,Kancheepuram,Kanchipuram
600116,Alapakkam B.O,B.O,Delivery,Sriperumbudur,Kanchipuram
600116,Porur S.O,S.O,Delivery,Sriperumbudur,Kanchipuram
600116,Sriramachandra Deemed Uty S.O,S.O,Non-Delivery,Sriperumbudur,Kanchipuram
600117,Bharathinagar B.O,B.O,Non-Delivery,NA,Kanchipuram
600117,Keelakattalai S.O,S.O,Non-Delivery,Tambaram,Kanchipuram
600117,Old Pallavaram S.O,S.O,Delivery,NA,Kanchipuram
600118,Erukkancheri B.O,B.O,Non-Delivery,Chennai,Chennai
600118,Kodungaiyur S.O,S.O,Delivery,Chennai City,Chennai
600118,Rv Nagar B.O,B.O,Non-Delivery,Chennai,Chennai
600119,Sathyabama University S.O,S.O,Non-Delivery,Saidapet,Kanchipuram
600119,Sholinganallur S.O,S.O,Delivery,Saidapet,Kanchipuram
600120,Nandiambakkam B.O,B.O,Delivery,Ambattur,Tiruvallur
600120,North Chennai Thermal PP S.O,S.O,Delivery,Ponneri,Tiruvallur
600120,Subbareddypalayam B.O,B.O,Delivery,Ambattur,Tiruvallur
600120,Vallur B.O,B.O,Delivery,Ambattur,Tiruvallur
600122,Gerugambakkam B.O,B.O,Delivery,Sriperumbudur,Kanchipuram
600122,Mangadu S.O,S.O,Delivery,Sriperumbudur,Kanchipuram
600122,Paraniputhur B.O,B.O,Delivery,Sriperumbudur,Kanchipuram
600123,Malayambakkam B.O,B.O,Delivery,Poonamallee,Tiruvallur
600123,Nazarethpettai S.O,S.O,Delivery,Poonamallee,Tiruvallur
600123,Sembarambakkam B.O,B.O,Delivery,Poonamallee,Tiruvallur
600124,Kuttambakkam B.O,B.O,Delivery,Poonamallee,Tiruvallur
600124,Nemam B.O,B.O,Delivery,Poonamallee,Tiruvallur
600124,Puduchatram B.O,B.O,Delivery,Poonamallee,Tiruvallur
600124,Thirumushi S.O,S.O,Delivery,Poonamallee,Tiruvallur
600124,Udayarkoil B.O,B.O,Non-Delivery,Poonamallee,Tiruvallur
600124,Vellavedu B.O,B.O,Delivery,Poonamallee,Tiruvallur
600125,Manapakkam B.O,B.O,Delivery,Sriperumbudur,Kanchipuram
600125,Mugalivakkam S.O,S.O,Delivery,Sriperumbudur,Kanchipuram
600126,Madambakkam S.O,S.O,Delivery,Tambaram,Kanchipuram
600126,Mappedu B.O,B.O,Delivery,Tambaram,Kanchipuram
600126,Sithalapakkam B.O,B.O,Delivery,Tambaram,Kanchipuram
600127,Kolapakkam B.O,B.O,Delivery,Chinglepet,Kanchipuram
600127,Kolathur B.O,B.O,Delivery,Chinglepet,Kanchipuram
600127,Mambakkam B.O,B.O,Delivery,Chinglepet,Kanchipuram
600127,Melakkottaiyur S.O,S.O,Delivery,Chengalpattu,Kanchipuram
600127,Nallambakkam B.O,B.O,Delivery,Chinglepet,Kanchipuram
600127,Ponmar B.O,B.O,Delivery,Chinglepet,Kanchipuram
600128,Kovur S.O,S.O,Delivery,Poonamallee,Tiruvallur
600128,Thandalam B.O,B.O,Delivery,Sriperumbudur,Kanchipuram
600129,Kovilambakkam S.O,S.O,Delivery,Sholinganallur,Kanchipuram
600130,Navalur B.O,B.O,Non-Delivery,Chinglepet,Kanchipuram
600130,Thazambur,S.O,Delivery,Tiruporur,Kanchipuram
601101,Arni CPT S.O,S.O,Delivery,Ponneri,Tiruvallur
601101,Panayancheri B.O,B.O,Delivery,Ponneri,Tiruvallur
601101,Pondavakkam B.O,B.O,Delivery,Ponneri,Tiruvallur
601101,Rallapadi B.O,B.O,Delivery,Ponneri,Tiruvallur
601102,Athivakkam B.O,B.O,Delivery,Kancheepuram,Kanchipuram
601102,Kannigaipair B.O,B.O,Delivery,Uttukottai,Tiruvallur
601102,Majankaranai B.O,B.O,Delivery,Uttukottai,Tiruvallur
601102,Mukkarambakkam B.O,B.O,Delivery,Uttukottai,Tiruvallur
601102,Nelvoy B.O,B.O,Delivery,NA,Tiruvallur
601102,Periapalayam S.O,S.O,Delivery,NA,Tiruvallur
601102,Thandalam B.O,B.O,Delivery,Uttukottai,Tiruvallur
601102,Vadamadurai B.O,B.O,Delivery,Uttukottai,Tiruvallur
601103,Damaraipakkam B.O,B.O,Delivery,Tiruvallur,Tiruvallur
601103,Enambakkam B.O,B.O,Delivery,Tiruvallur,Tiruvallur
601103,Kalpattu B.O,B.O,Delivery,Tiruvallur,Tiruvallur
601103,Meyyur B.O,B.O,Delivery,Tiruvallur,Tiruvallur
601103,Poorivakkam B.O,B.O,Delivery,NA,Tiruvallur
601103,Sembedu B.O,B.O,Delivery,Tiruvallur,Tiruvallur
601103,Tirukandalam B.O,B.O,Delivery,NA,Tiruvallur
601103,Velliyur B.O,B.O,Delivery,Tiruvallur,Tiruvallur
601103,Vengal S.O,S.O,Delivery,Uttukottai,Tiruvallur
601201,Arambakkam B.O,B.O,Delivery,Gummidipundi,Tiruvallur
601201,Devampattu B.O,B.O,Delivery,Gummidipundi,Tiruvallur
601201,Edoor B.O,B.O,Delivery,Gummidipundi,Tiruvallur
601201,Elavur B.O,B.O,Delivery,Gummidipundi,Tiruvallur
601201,Gummidipundi S.O,S.O,Delivery,Gummidipundi,Tiruvallur
601201,Iguvarpalayam B.O,B.O,Delivery,Gummidipundi,Tiruvallur
601201,Kallur B.O,B.O,Delivery,Gummidipundi,Tiruvallur
601201,Mangavaram B.O,B.O,Delivery,Gummidipundi,Tiruvallur
601201,New Gummidipundi B.O,B.O,Delivery,Gummidipundi,Tiruvallur
601201,Periaobulapuam B.O,B.O,Delivery,Gummidipundi,Tiruvallur
601201,Podiyarankulam B.O,B.O,Delivery,Gummidpundi,Tiruvallur
601201,Siddharajakandigai B.O,B.O,Delivery,Gummidipundi,Tiruvallur
601201,Sirupulalpettai B.O,B.O,Delivery,Gummidipundi,Tiruvallur
601201,Spicto Industrial Estate S.O,S.O,Non-Delivery,Gummidipoondi,Tiruvallur
601201,Sunnambukulam B.O,B.O,Delivery,Gummidipundi,Tiruvallur
601201,Tervali B.O,B.O,Delivery,Gummidipundii,Tiruvallur
601202,Kannankottai B.O,B.O,Delivery,Gummidipundi,Tiruvallur
601202,Madarpakkam S.O,S.O,Delivery,Gummidipundi,Tiruvallur
601202,Manellore B.O,B.O,Delivery,Gummidipundi,Tiruvallur
601202,Pallavada B.O,B.O,Delivery,Gummidipundi,Tiruvallur
601202,Roshanagaram B.O,B.O,Delivery,Gummidipundi,Tiruvallur
601202,Thanipoondi B.O,B.O,Delivery,Gummidipundi,Tiruvallur
601202,Thervoy B.O,B.O,Delivery,Gummidipundi,Tiruvallur
601203,Anuppampattu B.O,B.O,Delivery,Ponneri,Tiruvallur
601203,Devadanam B.O,B.O,Delivery,Ponneri,Tiruvallur
601203,Jothi Nagar B.O,B.O,Delivery,Ponneri,Tiruvallur
601203,Kattur B.O,B.O,Delivery,Ponneri,Tiruvallur
601203,Minjur S.O,S.O,Delivery,Ponneri,Tiruvallur
601203,Nallur B.O,B.O,Delivery,Ponneri,Tiruvallur
601203,Neidavoyal B.O,B.O,Delivery,Ponneri,Tiruvallur
601203,Seemapuram South B.O,B.O,Delivery,Ponneri,Tiruvallur
601203,Thriuvellavoyal B.O,B.O,Delivery,Ponneri,Tiruvallur
601203,Velur B.O,B.O,Delivery,Ponneri,Tiruvallur
601203,Voyalur B.O,B.O,Delivery,Ponneri,Tiruvallur
601204,Aladu B.O,B.O,Delivery,Ponneri,Tiruvallur
601204,Amoor B.O,B.O,Delivery,Ponneri,Tiruvallur
601204,Arasur B.O,B.O,Delivery,Ponneri,Tiruvallur
601204,Krishnapuram B.O,B.O,Non-Delivery,Ponneri,Tiruvallur
601204,Medur B.O,B.O,Delivery,Ponneri,Tiruvallur
601204,Panjetti B.O,B.O,Delivery,Ponneri,Tiruvallur
601204,Perumbedu B.O,B.O,Delivery,Ponneri,Tiruvallur
601204,Ponneri Public Office S.O,S.O,Non-Delivery,Ponneri,Tiruvallur
601204,Ponneri S.O,S.O,Delivery,Ponneri,Tiruvallur
601204,Reddipalayam B.O,B.O,Delivery,Ponneri,Tiruvallur
601205,Kolur B.O,B.O,Delivery,Ponneri,Tiruvallur
601205,Pulicat S.O,S.O,Delivery,Ponneri,Tiruvallur
601205,Thirupalavanam B.O,B.O,Delivery,Ponneri,Tiruvallur
601206,Chinnambedu B.O,B.O,Delivery,Ponneri,Tiruvallur
601206,Kavarapettai S.O,S.O,Delivery,Gummidipoondi,Tiruvallur
601206,Kilikodi B.O,B.O,Delivery,Ponneri,Tiruvallur
601206,Kilmudalambedu B.O,B.O,Delivery,Ponneri,Tiruvallur
601206,Puduvoyal B.O,B.O,Delivery,Ponneri,Tiruvallur
601206,Puvalambedu B.O,B.O,Delivery,Ponneri,Tiruvallur
601301,Malaipattu B.O,B.O,Delivery,Sriperumbudur,Kanchipuram
601301,Manimangalam B.O,B.O,Delivery,Sriperumbudur,Kanchipuram
601301,Padappai S.O,S.O,Delivery,Sriperumbudur,Kanchipuram
601301,Serpananchery B.O,B.O,Non-Delivery,NA,Kanchipuram
602001,Nggo Colony Tiruvallur S.O,S.O,Non-Delivery,Thiruvallur,Tiruvallur
602001,Tiruvallur H.O,H.O,Delivery,Tiruvallur,Tiruvallur
602001,Tiruvallur Nethaji Road S.O,S.O,Non-Delivery,Thiruvallur,Tiruvallur
602002,Illupur B.O,B.O,Delivery,Thiruvallur,Tiruvallur
602002,Kilnallathur B.O,B.O,Delivery,NA,Tiruvallur
602002,Manavalanagar S.O,S.O,Delivery,NA,Tiruvallur
602002,Melnallathur B.O,B.O,Delivery,Tiruvallur,Tiruvallur
602002,Nungambakkam B.O,B.O,Delivery,Tiruvallur,Tiruvallur
602002,Polivakkam B.O,B.O,Delivery,Tiruvallur,Tiruvallur
602002,Sengadu B.O,B.O,Delivery,Tiruvallur,Tiruvallur
602003,Kakalur Ind Estate S.O,S.O,Delivery,Tiruvallur,Tiruvallur
602021,Ikkadu S.O,S.O,Delivery,Thiruvallur,Tiruvallur
602021,Karikalavakkam B.O,B.O,Delivery,Tiruvallur,Tiruvallur
602021,Kilanur B.O,B.O,Delivery,Tiruvallur,Tiruvallur
602021,Monnavedu B.O,B.O,Delivery,Tiruvallur,Tiruvallur
602021,Odikkadu B.O,B.O,Non-Delivery,Tiruvallur,Tiruvallur
602021,Perattur B.O,B.O,Delivery,Tiruvallur,Tiruvallur
602021,Thalakancheri B.O,B.O,Delivery,NA,Tiruvallur
602023,Allikuzhi B.O,B.O,Delivery,Tiruvallur,Tiruvallur
602023,Devandavakkam B.O,B.O,Delivery,Tiruvallur,Tiruvallur
602023,Nambakkam B.O,B.O,Delivery,Tiruvallur,Tiruvallur
602023,Neiveli B.O,B.O,Delivery,Tiruvallur,Tiruvallur
602023,Nelvoy B.O,B.O,Delivery,Tiruvallur,Tiruvallur
602023,Odappai B.O,B.O,Delivery,Tiruvallur,Tiruvallur
602023,Placepalayam B.O,B.O,Delivery,Tiruvallur,Tiruvallur
602023,Poondi S.O,S.O,Delivery,Tiurvallur,Tiruvallur
602023,Pullarambakkam B.O,B.O,Delivery,Tiruvallur,Tiruvallur
602023,Sandarayanpalayam B.O,B.O,Delivery,Tiruvallur,Tiruvallur
602023,Timmaboopalapuram B.O,B.O,Delivery,Tiruvallur,Tiruvallur
602023,Vellathukottai B.O,B.O,Delivery,Tiruvallur,Tiruvallur
602024,Karlapakkam B.O,B.O,Delivery,NA,Tiruvallur
602024,Komakkambedu B.O,B.O,Delivery,NA,Tiruvallur
602024,Kottamedu B.O,B.O,Delivery,NA,Tiruvallur
602024,Lakshipuram S.O,S.O,Non-Delivery,Poonamallee,Tiruvallur
602024,Nemilichery B.O,B.O,Non-Delivery,Sriperumbudur,Tiruvallur
602024,Pakkam B.O,B.O,Delivery,Tiruvallur,Tiruvallur
602024,Perumalpattu B.O,B.O,Delivery,Tiruvallur,Tiruvallur
602024,Sivanvoyal B.O,B.O,Delivery,Tiruvallur,Tiruvallur
602024,Tiruninravur B.O,B.O,Non-Delivery,NA,Tiruvallur
602024,Tiruninravur Rs S.O,S.O,Delivery,NA,Tiruvallur
602024,Vadattur B.O,B.O,Delivery,Tiruvallur,Tiruvallur
602024,Veppambattu B.O,B.O,Delivery,Tiruvallur,Tiruvallur
602025,Aranvoyal B.O,B.O,Delivery,Tiruvallur,Tiruvallur
602025,Kalambakkam B.O,B.O,Delivery,Thiruvallur,Tiruvallur
602025,Koppur B.O,B.O,Delivery,Tiruvallur,Tiruvallur
602025,Papparambakkam B.O,B.O,Delivery,Tiruvallur,Tiruvallur
602025,Putlur B.O,B.O,Delivery,Tiruvallur,Tiruvallur
602025,Thozhur B.O,B.O,Delivery,Tiruvallur,Tiruvallur
602025,Tirur Cpt S.O,S.O,Delivery,Tiruvallur,Tiruvallur
602026,Goonipalayam B.O,B.O,Delivery,Uttukottai,Tiruvallur
602026,Mambakkam B.O,B.O,Delivery,Uthukkottai,Tiruvallur
602026,Palavakkam S.O (TiruvallB.O,B.O,Delivery,Tiruvallur,Tiruvallur
602026,Pennaluripeta B.O,B.O,Delivery,Tiruvallur,Tiruvallur
602026,Perandur B.O,B.O,Delivery,Uttukottai,Tiruvallur
602026,Pondavakkam B.O,B.O,Delivery,Uttukottai,Tiruvallur
602026,Seethanjeri B.O,B.O,Delivery,NA,Tiruvallur
602026,Sulaimeni B.O,B.O,Delivery,Uttukottai,Tiruvallur
602026,Tharakshi B.O,B.O,Delivery,Uttukottai,Tiruvallur
602026,Uttukottai S.O,S.O,Delivery,Uttukottai,Tiruvallur
602105,Gunduperumbedu B.O,B.O,Delivery,Sriperumbudur,Kanchipuram
602105,Mathur B.O,B.O,Delivery,Sriperumbudur,Kanchipuram
602105,Pattunoolchatram S.O,S.O,Non-Delivery,NA,Kanchipuram
602105,Pennalur B.O,B.O,Delivery,Sriperumbudur,Kanchipuram
602105,Pillaipakkam B.O,B.O,Delivery,Sriperumbudur,Kanchipuram
602105,Pondur B.O,B.O,Delivery,Sriperumbudur,Kanchipuram
602105,Sriperumbudur S.O,S.O,Delivery,Sriperumbudur,Kanchipuram
602105,Thandalam B.O,B.O,Delivery,Sriperumbudur,Kanchipuram
602105,Thodukadu B.O,B.O,Delivery,Thiruvallur,Tiruvallur
602105,Ulundai B.O,B.O,Delivery,Thiruvallur,Tiruvallur
602105,Valarpuram B.O,B.O,Delivery,Sriperumbudur,Kanchipuram
602105,Vayalur B.O,B.O,Delivery,Sriperumbudur,Kanchipuram
602106,Mambakkam B.O,B.O,Delivery,Sriperumbudur,Kanchipuram
602106,Sendamangalam B.O,B.O,Delivery,Sriperumbudur,Kanchipuram
602106,Sunguvarchatram S.O,S.O,Delivery,NA,Kanchipuram
602108,Kandoor B.O,B.O,Delivery,Sriperumbudur,Kanchipuram
602108,Kannur B.O,B.O,Delivery,Sriperumbudur,Kanchipuram
602108,Maduramangalam B.O,B.O,Delivery,Sriperumbudur,Kanchipuram
602108,Pannur S.O (Kanchipuram),S.O,Delivery,NA,Kanchipuram
602108,Tirupandiyur B.O,B.O,Delivery,Sriperumbudur,Kanchipuram
602117,Irungattukottai S.O,S.O,Delivery,Sriperumbudur,Kanchipuram
603001,Alagesa Nagar S.O,S.O,Non-Delivery,Chengalpattu,Kanchipuram
603001,Chengalpattu Cutcherry S.O,S.O,Non-Delivery,Chengalpattu,Kanchipuram
603001,Chengalpattu H.O,H.O,Delivery,Chengalpattu,Kanchipuram
603001,Chengalpattu Med.College S.O,S.O,Non-Delivery,Chengalpattu,Kanchipuram
603002,Chengalpattu Bazaar S.O,S.O,Non-Delivery,Chengalpattu,Kanchipuram
603002,Gundur-chengalpattu S.O,S.O,Non-Delivery,Chengalpattu,Kanchipuram
603002,Kunnavakkam B.O,B.O,Delivery,Chengalpattu,Kanchipuram
603002,Mahindra World City S.O (Kanchipuram),S.O,Non-Delivery,Chengalpattu,Kanchipuram
603002,Natham-chengalpattu S.O,S.O,Delivery,Chengalpattu,Kanchipuram
603002,Paranur B.O,B.O,Delivery,Chengalpattu,Kanchipuram
603002,Pulipakkam B.O,B.O,Delivery,Chengalpattu,Kanchipuram
603003,Ammanambakkam B.O,B.O,Delivery,Chengalpattu,Kanchipuram
603003,Meleripakkam B.O,B.O,Delivery,Chengalpattu,Kanchipuram
603003,Nenmeli B.O,B.O,Delivery,Chengalpattu,Kanchipuram
603003,Tiruvadisoolam B.O,B.O,Delivery,Chengalpattu,Kanchipuram
603003,Vallam S.O,S.O,Delivery,Chengalpattu,Kanchipuram
603101,Athur-chengalpattu S.O,S.O,Delivery,Chengalpattu,Kanchipuram
603101,Palur B.O,B.O,Delivery,Chengalpattu,Kanchipuram
603101,Reddipalayam B.O,B.O,Delivery,NA,Kanchipuram
603101,Thimmavaram B.O,B.O,Delivery,Chengalpattu,Kanchipuram
603101,Villiambakkam B.O,B.O,Delivery,Chengalpattu,Kanchipuram
603102,Ayapakkam B.O,B.O,Delivery,Tiruklalikundram,Kanchipuram
603102,Kalpakkam S.O,S.O,Delivery,Tirukalikundram,Kanchipuram
603102,Manamai B.O,B.O,Delivery,Tirukalikundram,Kanchipuram
603102,Melprumal Chery B.O,B.O,Delivery,NA,Kanchipuram
603102,Pattaraikalani B.O,B.O,Delivery,NA,Kanchipuram
603102,Pudupattinam B.O,B.O,Delivery,Tirukalukundram,Kanchipuram
603102,Pudupattinam Colony S.O,S.O,Non-Delivery,Tirukalukundram,Kanchipuram
603102,Reactor Research Centre  B.O,B.O,Non-Delivery,Tirukalukundram,Kanchipuram
603102,Suradimangalam B.O,B.O,Delivery,Tirukalikundram,Kanchipuram
603102,Vayalur B.O,B.O,Delivery,Tirukalikundram,Kanchipuram
603102,Vazhuvadur B.O,B.O,Delivery,Tirukalikundram,Kanchipuram
603102,Vengapakkam B.O,B.O,Delivery,Tirukalikundram,Kanchipuram
603102,Vittalapuram B.O,B.O,Delivery,Tirukalukundram,Kanchipuram
603103,Kelambakkam S.O,S.O,Delivery,Chingleput,Kanchipuram
603103,Padur B.O,B.O,Delivery,Chinglepet,Kanchipuram
603103,Pudupakkam B.O,B.O,Delivery,Chinglepet,Kanchipuram
603103,Thaiyur B.O,B.O,Delivery,Chinglepet,Kanchipuram
603104,Kadambadi B.O,B.O,Delivery,Tirukalikundram,Kanchipuram
603104,Kokilamedu B.O,B.O,Delivery,Tirukalilkundram,Kanchipuram
603104,Koothavakkam B.O,B.O,Delivery,Sriperumbudur,Kanchipuram
603104,Mamallapuram S.O,S.O,Delivery,Tirukalikundram,Kanchipuram
603104,Pattipulam B.O,B.O,Delivery,Tirukalikundram,Kanchipuram
603104,Perur B.O,B.O,Delivery,Chengalpattu,Kanchipuram
603104,Poonjeri B.O,B.O,Delivery,NA,Kanchipuram
603104,Vadakadambadi B.O,B.O,Delivery,Tirukalikundram,Kanchipuram
603104,Zamin Paiyanur B.O,B.O,Delivery,Chengalpattu,Kanchipuram
603105,Kuzhipanthandalam B.O,B.O,Delivery,Tirukalikundram,Kanchipuram
603105,Manambathi S.O,S.O,Delivery,Chengalpattu,Kanchipuram
603105,Mullipakkam B.O,B.O,Delivery,Tirukalilkundram,Kanchipuram
603105,Peria Irumbedu B.O,B.O,Delivery,Chengalpattu,Kanchipuram
603105,Sirudavur B.O,B.O,Delivery,Chengalpattu,Kanchipuram
603106,Arumbuliyur B.O,B.O,Delivery,Uthiramerur,Kanchipuram
603106,Orakattupettai S.O,S.O,Delivery,Chengalpattu,Kanchipuram
603106,Sathanjeri B.O,B.O,Delivery,Uttiramerur,Kanchipuram
603106,Seethananjeri B.O,B.O,Delivery,Uttiramerur,Kanchipuram
603106,Tiruvanaikoil B.O,B.O,Delivery,Uttiramerur,Kanchipuram
603106,Vitchur B.O,B.O,Delivery,Uttiramerur,Kanchipuram
603107,Anambakkam B.O,B.O,Delivery,Uthiramerur,Kanchipuram
603107,Chithanakkavur B.O,B.O,Delivery,Uthiramerur,Kanchipuram
603107,Edayambudur B.O,B.O,Delivery,Tirukalikundram,Kanchipuram
603107,Kilakadi B.O,B.O,Delivery,Chengalpattu,Kanchipuram
603107,Kunnavakkam B.O,B.O,Delivery,Uthiramerur,Kanchipuram
603107,Nelvoy B.O,B.O,Delivery,Maduranthakam,Kanchipuram
603107,Olaiyur B.O,B.O,Delivery,Uthiramerur,Kanchipuram
603107,Palliagaram B.O,B.O,Delivery,NA,Kanchipuram
603107,Porpandal B.O,B.O,Delivery,Uttiramerur,Kanchipuram
603107,Salavakkam S.O,S.O,Delivery,Utiramerur,Kanchipuram
603107,Valathodu B.O,B.O,Delivery,Uttiramerur,Kanchipuram
603108,Hanumanthapuram B.O,B.O,Delivery,Chengalpattu Taluk,Kanchipuram
603108,Kalvoy B.O,B.O,Delivery,Chengalpattu,Kanchipuram
603108,Karumbakkam B.O,B.O,Delivery,Chengalpattu,Kanchipuram
603108,Kottamedu B.O,B.O,Delivery,Chengalpattu,Kanchipuram
603108,Madayathur B.O,B.O,Delivery,Tirukalikundram,Kanchipuram
603108,Melaiyur B.O,B.O,Delivery,Chengalpattu,Kanchipuram
603108,Nellikuppam B.O,B.O,Delivery,Chengalpattu,Kanchipuram
603108,Sembakkam S.O,S.O,Delivery,Tirukalikundram,Kanchipuram
603108,Senneri B.O,B.O,Delivery,Chengalpattu,Kanchipuram
603108,Sirunkundram B.O,B.O,Delivery,Chengalpattu,Kanchipuram
603109,Ammanambakkam B.O,B.O,Delivery,Tirukalikundram,Kanchipuram
603109,Desumugipettai B.O,B.O,Non-Delivery,NA,Kanchipuram
603109,Edaiyur B.O,B.O,Delivery,Tirukalikundram,Kanchipuram
603109,Irumbulichery B.O,B.O,Delivery,Tirukalikundram,Kanchipuram
603109,Mullikolathur B.O,B.O,Delivery,Tirulkalikundram,Kanchipuram
603109,Oragadam B.O,B.O,Delivery,Chengalpattu,Kanchipuram
603109,Pandur B.O,B.O,Delivery,Tirukalikundram,Kanchipuram
603109,Puliyur B.O,B.O,Delivery,Tirukalikundram,Kanchipuram
603109,Thathalur B.O,B.O,Delivery,Tirukalikundram,Kanchipuram
603109,Tirukalikundram Bazaar S.O,S.O,Non-Delivery,Tirukalukundram,Kanchipuram
603109,Tirukalikundram S.O,S.O,Delivery,Tirukalikundram,Kanchipuram
603109,Veerapuram B.O,B.O,Delivery,Tirukalikundram,Kanchipuram
603110,Alathur Industrial Estate B.O,B.O,Delivery,Chengalpattu,Kanchipuram
603110,Illalur B.O,B.O,Delivery,Chengalpattu,Kanchipuram
603110,Kayar B.O,B.O,Delivery,Tirukalikundram,Kanchipuram
603110,Tiruporur S.O,S.O,Delivery,NA,Kanchipuram
603110,Venbedu B.O,B.O,Delivery,Chengalpattu,Kanchipuram
603111,Mamandur B.O,B.O,Delivery,Chengalpattu,Kanchipuram
603111,Manapakkam B.O,B.O,Delivery,Chengalpattu,Kanchipuram
603111,Meyyur B.O,B.O,Delivery,Maduranthakam,Kanchipuram
603111,Ozhalur B.O,B.O,Delivery,Tirukalikundram`,Kanchipuram
603111,Pazhamathur B.O,B.O,Delivery,Chengalpattu,Kanchipuram
603111,Tirumani B.O,B.O,Delivery,Chengalpattu,Kanchipuram
603111,Venpakkam S.O,S.O,Delivery,Chengalpattu,Kanchipuram
603112,Kovalam S.O (Kanchipuram),S.O,Delivery,Chinglepet,Kanchipuram
603112,Muttukadu B.O,B.O,Delivery,Chinglepet,Kanchipuram
603112,Thiruvidanthai B.O,B.O,Delivery,Chingelpet,Kanchipuram
603127,Anupuram S.O,S.O,Delivery,Tirukalikundram,Kanchipuram
603201,Elapakkam S.O,S.O,Delivery,Madurantakam,Kanchipuram
603201,Kattukaranai B.O,B.O,Delivery,Madurantakam,Kanchipuram
603201,Madhur B.O,B.O,Delivery,Madurantakam,Kanchipuram
603201,Padiri B.O,B.O,Delivery,Maduranthakam,Kanchipuram
603201,Ramapuram B.O,B.O,Delivery,NA,Kanchipuram
603202,Guduvanchery S.O,S.O,Delivery,Chengalpattu,Kanchipuram
603202,Kannivakkam B.O,B.O,Delivery,Chengalpattu,Kanchipuram
603202,Karanaipuduchery B.O,B.O,Delivery,Chengalpattu,Kanchipuram
603202,Kayarambedu; B.O,B.O,Delivery,Chengalpattu,Kanchipuram
603202,Madambakkam B.O,B.O,Delivery,Chengalplattu,Kanchipuram
603203,Kattankolathur S.O,S.O,Delivery,Chengalpattu,Kanchipuram
603203,Kavanur B.O,B.O,Delivery,Chengalpattu,Kanchipuram
603203,Ninnakarai B.O,B.O,Delivery,NA,Kanchipuram
603204,Anjur B.O,B.O,Delivery,Chengalpattu,Kanchipuram
603204,Appur B.O,B.O,Delivery,Chengalpattu,Kanchipuram
603204,Chettipunniam B.O,B.O,Delivery,Chengalpatatu,Kanchipuram
603204,Elutchur B.O,B.O,Delivery,Sriperubudur Taluk,Kanchipuram
603204,Karunilam B.O,B.O,Delivery,Chengallpattu,Kanchipuram
603204,Melrosapuram B.O,B.O,Delivery,NA,Kanchipuram
603204,Singaperumalkoil S.O,S.O,Delivery,NA,Kanchipuram
603204,Tirukatchur B.O,B.O,Delivery,Chengalpattu,Kanchipuram
603204,Vadakkupattu B.O,B.O,Delivery,Chengalpattu,Kanchipuram
603204,Venkatapuram B.O,B.O,Delivery,Chengalpattu,Kanchipuram
603209,Maraimalai Nagar S.O,S.O,Delivery,Chengalpattu,Kanchipuram
603209,Panangottur B.O,B.O,Delivery,Chengalpattu,Kanchipuram
603210,Urapakkam S.O,S.O,Delivery,Chengalpattu,Kanchipuram
603211,Annai Anjugam Nagar S.O,S.O,Delivery,NA,Kanchipuram
603301,Acharapakkam R.S. B.O,B.O,Non-Delivery,NA,Kanchipuram
603301,Acharapakkam S.O,S.O,Delivery,NA,Kanchipuram
603301,Indalur B.O,B.O,Delivery,Cheyyur,Kanchipuram
603301,Irumbuli B.O,B.O,Delivery,Cheyur,Kanchipuram
603301,Kattugudalur B.O,B.O,Delivery,Madurantakam,Kanchipuram
603301,Kayapakkam B.O,B.O,Delivery,Madurantakam,Kanchipuram
603301,Parukkal B.O,B.O,Delivery,Chengalpattu,Kanchipuram
603301,Seethapuram B.O,B.O,Delivery,Madurantakam,Kanchipuram
603302,Chengattur B.O,B.O,Delivery,Cheyur,Kanchipuram
603302,Cheyur S.O (Kanchipuram),S.O,Delivery,Cheyur,Kanchipuram
603302,Cheyyur North B.O,B.O,Non-Delivery,Cheyyur,Kanchipuram
603302,Irumbedu B.O,B.O,Delivery,Cheyyur,Kanchipuram
603302,Nainarkuppam B.O,B.O,Delivery,NA,Kanchipuram
603302,Palaiyur B.O,B.O,Delivery,NA,Kanchipuram
603302,Panaiyur B.O,B.O,Delivery,NA,Kanchipuram
603302,Perumbakkam B.O,B.O,Delivery,Cheyyur,Kanchipuram
603302,Zamin Budur B.O,B.O,Delivery,Cheyur,Kanchipuram
603303,Janakipuram B.O,B.O,Delivery,Madurantakam,Kanchipuram
603303,Karunguli S.O,S.O,Delivery,Madurantakam,Kanchipuram
603303,Kathirichery B.O,B.O,Delivery,Madurantakam,Kanchipuram
603303,Keelavalam B.O,B.O,Delivery,Madurantakam,Kanchipuram
603303,Kinar B.O,B.O,Delivery,Chengalpattu,Kanchipuram
603303,Kinar Kandigai Pudur B.O,B.O,Delivery,NA,Kanchipuram
603303,Malapalayam B.O,B.O,Delivery,NA,Kanchipuram
603303,Malayalipettai B.O,B.O,Delivery,Madurantakam,Kanchipuram
603303,Melavalam B.O,B.O,Delivery,NA,Kanchipuram
603303,Pudupattu B.O,B.O,Delivery,Chengalpattu,Kanchipuram
603303,Vedavakkam B.O,B.O,Delivery,Madurantakam,Kanchipuram
603304,Kolathur B.O,B.O,Delivery,Cheyur,Kanchipuram
603304,Kottaikadu B.O,B.O,Delivery,Madurantakam,Kanchipuram
603304,Kudapakkam S.O,S.O,Delivery,Cheyyur,Kanchipuram
603304,Sembulipuram B.O,B.O,Delivery,Cheyyur,Kanchipuram
603304,Vedal B.O,B.O,Delivery,NA,Kanchipuram
603304,Vilambur B.O,B.O,Delivery,Cheyur,Kanchipuram
603305,Kadalur B.O,B.O,Delivery,Madurantakam,Kanchipuram
603305,Kodoovur B.O,B.O,Delivery,Cheyyur,Kanchipuram
603305,Kuvathur S.O,S.O,Delivery,Cheyyur,Kanchipuram
603305,Mugaiyur B.O,B.O,Delivery,Madurantakam,Kanchipuram
603305,Nedumaram B.O,B.O,Delivery,Madurantakam,Kanchipuram
603305,Nerkunapattu B.O,B.O,Delivery,Chengalpattu,Kanchipuram
603305,Seekanankuppam B.O,B.O,Delivery,NA,Kanchipuram
603305,Vepancheri B.O,B.O,Delivery,Madurantakam,Kanchipuram
603306,Arungunam B.O,B.O,Delivery,Madurantakam,Kanchipuram
603306,Madurantakam S.O,S.O,Delivery,Madurantakam,Kanchipuram
603306,Morapakkam B.O,B.O,Delivery,Madurantakam,Kanchipuram
603306,Murugambakkam B.O,B.O,Delivery,Madurantakam,Kanchipuram
603306,New Mambakkam B.O,B.O,Non-Delivery,NA,Kanchipuram
603306,Pakkam B.O,B.O,Delivery,Madurantakam,Kanchipuram
603306,Perumbakkam B.O,B.O,Delivery,Madurantakam,Kanchipuram
603306,Senguntharpettai S.O,S.O,Non-Delivery,Maduranthakam,Kanchipuram
603306,Thatchur B.O,B.O,Delivery,NA,Kanchipuram
603306,Unamalai B.O,B.O,Delivery,Madurantakam,Kanchipuram
603306,Vanniarpettai B.O,B.O,Non-Delivery,Maduranthakam,Kanchipuram
603306,Veeranakunnam B.O,B.O,Delivery,Madurantakam,Kanchipuram
603307,Ananthamangalam B.O,B.O,Delivery,Chengalpattu,Kanchipuram
603307,Minnal Sithamur B.O,B.O,Delivery,Madurantakam,Kanchipuram
603307,Orathy S.O,S.O,Delivery,Maduranthakam,Kanchipuram
603307,Sirudamur B.O,B.O,Delivery,Madurantakam,Kanchipuram
603307,Vadamanipakkam B.O,B.O,Delivery,Madurantakam,Kanchipuram
603308,Budur B.O,B.O,Delivery,Madurantakam,Kanchipuram
603308,Bukkathurai B.O,B.O,Delivery,Madurantakam,Kanchipuram
603308,Isur B.O,B.O,Delivery,Madurantakam,Kanchipuram
603308,Kallabiranpuram B.O,B.O,Delivery,NA,Kanchipuram
603308,Kolampakkam B.O,B.O,Delivery,Maduranthakam,Kanchipuram
603308,Malaivaiyavur B.O,B.O,Delivery,NA,Kanchipuram
603308,Padalam S.O,S.O,Delivery,Maduranthakam,Kanchipuram
603308,Palayanur B.O,B.O,Delivery,Chengalpattu,Kanchipuram
603309,Mugundagiri B.O,B.O,Delivery,Cheyur,Kanchipuram
603309,Paiyambadi B.O,B.O,Delivery,NA,Kanchipuram
603309,Perukkaranai B.O,B.O,Delivery,Cheyyur,Kanchipuram
603309,Polambakkam S.O,S.O,Delivery,Cheyyur,Kanchipuram
603310,Ayakonamkolathur B.O,B.O,Delivery,NA,Kanchipuram
603310,Isur B.O,B.O,Delivery,Madurantakam,Kanchipuram
603310,Karasangal B.O,B.O,Delivery,Cheyyur,Kanchipuram
603310,Nerkunam B.O,B.O,Delivery,Chengalpattu,Kanchipuram
603310,Perumber Kandigai B.O,B.O,Delivery,Madurantakam,Kanchipuram
603310,Sirumailur B.O,B.O,Delivery,Madurantakam,Kanchipuram
603310,Sirunagar B.O,B.O,Delivery,Madurantakam,Kanchipuram
603310,Thozhupedu S.O,S.O,Delivery,Madurantakam,Kanchipuram
603311,Ozhavetti B.O,B.O,Delivery,Cheyur,Kanchipuram
603311,Peria Venmani B.O,B.O,Delivery,NA,Kanchipuram
603311,Zamin Endathur S.O,S.O,Delivery,Madurantakam,Kanchipuram
603312,Anaicut B.O,B.O,Delivery,NA,Kanchipuram
603312,Iranya Sidhi B.O,B.O,Delivery,Cheyyur,Kanchipuram
603312,K.Nelvoy B.O,B.O,Delivery,NA,Kanchipuram
603312,Kalkulam B.O,B.O,Delivery,Cheyyur,Kanchipuram
603312,Lathur B.O,B.O,Delivery,Cheyyur,Kanchipuram
603312,Palur B.O,B.O,Delivery,Cheyyur,Kanchipuram
603312,Pavunjur S.O,S.O,Delivery,Cheyyur,Kanchipuram
603312,Seevadi B.O,B.O,Delivery,Cheyyur,Kanchipuram
603312,Tiruvadur B.O,B.O,Delivery,Cheyyur,Kanchipuram
603313,Chithamur S.O,S.O,Delivery,Cheyur,Kanchipuram
603313,Kattudevadur B.O,B.O,Delivery,Cheyyur,Kanchipuram
603313,Neerpair B.O,B.O,Delivery,Cheyur,Kanchipuram
603313,Nugumbal B.O,B.O,Delivery,NA,Kanchipuram
603313,Onambakkam B.O,B.O,Delivery,NA,Kanchipuram
603313,Vilanganur B.O,B.O,Delivery,NA,Kanchipuram
603314,Kattiampandal B.O,B.O,Delivery,NA,Kanchipuram
603314,Perungozhi B.O,B.O,Delivery,Uttiramerur,Kanchipuram
603314,Pulithivakkam B.O,B.O,Delivery,Uttiramerur,Kanchipuram
603314,Vedanthangal S.O,S.O,Delivery,Uttiramerur,Kanchipuram
603314,Vellaputhur B.O,B.O,Delivery,Uttiramerur,Kanchipuram
603319,Melmaruvathur S.O,S.O,Delivery,Cheyyur,Kanchipuram
603319,Sendivakkam B.O,B.O,Delivery,Chengalpattu,Kanchipuram
603319,Sirunagalur B.O,B.O,Delivery,Madurantakam,Kanchipuram
603401,Andarkuppam B.O,B.O,Delivery,Cheyyur,Kanchipuram
603401,Chunampet S.O,S.O,Delivery,Cheyyur,Kanchipuram
603401,Kadukkalur B.O,B.O,Delivery,Cheyyur,Kanchipuram
603401,Puthirankottai B.O,B.O,Delivery,Cheyur,Kanchipuram
603401,Vannianallur B.O,B.O,Delivery,Madurantakam,Kanchipuram
603401,Velur B.O,B.O,Delivery,NA,Kanchipuram
603402,Alisoor B.O,B.O,Delivery,Kanchipuram,Kanchipuram
603402,Arasanimangalam B.O,B.O,Delivery,Uttiramerur,Kanchipuram
603402,Elaganar B.O,B.O,Delivery,Uttiramerur,Kanchipuram
603402,Hanumanthandalam B.O,B.O,Delivery,Uttiramerur,Kanchipuram
603402,Kaliyampoondi S.O,S.O,Delivery,Uttiramerur,Kanchipuram
603402,Pennalur B.O,B.O,Delivery,Uttiramerur,Kanchipuram
603403,Manampathi S.O,S.O,Delivery,Uttiramerur,Kanchipuram
603403,Manampathikandigai B.O,B.O,Delivery,Uthiramerur,Kanchipuram
603403,Perunagar B.O,B.O,Delivery,Uttiramerur,Kanchipuram
603403,R.N.Kandigai B.O,B.O,Delivery,NA,Kanchipuram
603403,Thandarai B.O,B.O,Delivery,NA,Kanchipuram
603405,Anur B.O,B.O,Delivery,Chengalpattu,Kanchipuram
603405,Ponpathirkoodam B.O,B.O,Delivery,Chengalpattu,Kanchipuram
603405,Ponvilainthakalathur S.O,S.O,Delivery,Chengalpattu,Kanchipuram
603405,Salur B.O,B.O,Delivery,Chengalpattu,Kanchipuram
603405,Sogandi B.O,B.O,Delivery,Chengalpattu,Kanchipuram
603405,Vallipuram B.O,B.O,Delivery,Chengalpattu,Kanchipuram
603406,Agaramduli B.O,B.O,Delivery,Uttiramerur,Kanchipuram
603406,Kammalampoondi B.O,B.O,Delivery,Uthiramerur,Kanchipuram
603406,Kavanur Pudhucheri B.O,B.O,Delivery,NA,Kanchipuram
603406,Kiliyanagar B.O,B.O,Delivery,Maduranthakam,Kanchipuram
603406,L.Endathur B.O,B.O,Delivery,Uttiramerur,Kanchipuram
603406,Malliyankaranai B.O,B.O,Delivery,NA,Kanchipuram
603406,Maruthuvambadi B.O,B.O,Delivery,Uttiramerur,Kanchipuram
603406,Sirungoli B.O,B.O,Delivery,NA,Kanchipuram
603406,Tirupulivanam B.O,B.O,Delivery,Uttiramerur,Kanchipuram
603406,Tittalam B.O,B.O,Delivery,Uttiramerur,Kanchipuram
603406,Uttiramerur S.O,S.O,Delivery,Uthiramerur,Kanchipuram
603406,Vadanallur B.O,B.O,Delivery,Uthiramerur,Kanchipuram
604001,Avarapakkam S.O,S.O,Non-Delivery,Tindivanam,Villupuram
604001,Kaveripakkam S.O,S.O,Non-Delivery,Tindivanam,Villupuram
604001,Tindivanam Bazaar S.O,S.O,Non-Delivery,Tindivanam,Villupuram
604001,Tindivanam East S.O,S.O,Non-Delivery,Tindivanam,Villupuram
604001,Tindivanam H.O,H.O,Delivery,Tindivanam,Villupuram
604001,Tindivanam West S.O,S.O,Non-Delivery,Tindivanam,Villupuram
604101,Akshipakkam S.O,S.O,Delivery,Tindivanam,Villupuram
604101,Andapattu B.O,B.O,Delivery,Tindivanam,Villupuram
604101,Avanipur B.O,B.O,Delivery,Tindivanam,Villupuram
604101,Kilsevur B.O,B.O,Delivery,Tindivanam,Villupuram
604101,Kunnapakkam B.O,B.O,Delivery,Tindivanam,Villupuram
604101,Pankolathur B.O,B.O,Delivery,Tindivanam,Villupuram
604102,Eraiyanur B.O,B.O,Delivery,Tindivanam,Villupuram
604102,Kiliyanur S.O (Villupuram),S.O,Delivery,Tindivanam,Villupuram
604102,Molasur B.O,B.O,Delivery,Tindivanam,Villupuram
604102,Omandur B.O,B.O,Delivery,Tindivanam,Villupuram
604102,Thailapuram B.O,B.O,Delivery,Vanur,Villupuram
604102,Thenkodipakkam B.O,B.O,Delivery,Tindivanam,Villupuram
604102,Thensiruvalur B.O,B.O,Delivery,Vanur,Villupuram
604151,Alampoondi S.O,S.O,Delivery,Tindivanam,Villupuram
604151,Devadanampettai B.O,B.O,Delivery,Tindivanam,Villupuram
604151,Kalleri B.O,B.O,Delivery,Gingee,Villupuram
604151,Kanakkankuppam B.O,B.O,Delivery,Tindivanam,Villupuram
604151,Manalapadi B.O,B.O,Delivery,Tindivanam,Villupuram
604151,Nayambadi B.O,B.O,Delivery,Tindivanam,Villupuram
604151,Padipallam B.O,B.O,Delivery,Tindivanam,Villupuram
604151,Periyanmur B.O,B.O,Delivery,Tindivanam,Villupuram
604151,Perungappur B.O,B.O,Delivery,Tindivanam,Villupuram
604151,Thandavasamudram B.O,B.O,Delivery,Tindivanam,Villupuram
604151,Thenpalai B.O,B.O,Delivery,Tindivanam,Villupuram
604152,Athipattu B.O,B.O,Delivery,Gingee,Villupuram
604152,Nallanpillaipetral S.O,S.O,Delivery,Tindivanam,Villupuram
604152,Sepettai B.O,B.O,Delivery,Gingee,Villupuram
604152,Thadagam B.O,B.O,Non-Delivery,Tindivanam,Villupuram
604152,Velanthangal B.O,B.O,Delivery,Gingee,Villupuram
604153,Pakkam B.O,B.O,Delivery,Tindivanam,Villupuram
604153,Palapadi B.O,B.O,Delivery,Gingee,Villupuram
604153,Sathyamagalam S.O,S.O,Delivery,Tindivaman,Villupuram
604153,Semmedu B.O,B.O,Delivery,Tindivanam,Villupuram
604153,Sokuppam B.O,B.O,Delivery,Gingee,Villupuram
604154,Karattai B.O,B.O,Delivery,Tindivanam,Villupuram
604154,Nallavur B.O,B.O,Delivery,Tindivanam,Villupuram
604154,Olagapuram B.O,B.O,Delivery,Tindivanam,Villupuram
604154,Velur (SA) S.O,S.O,Delivery,Vanur,Villupuram
604201,Avalurpet S.O,S.O,Delivery,Gingee,Villupuram
604201,Idapattu B.O,B.O,Delivery,Tindivanam,Villupuram
604201,Kappalampadi B.O,B.O,Delivery,Tindivanam,Villupuram
604201,Kottapoondi B.O,B.O,Delivery,Tindivanam,Villupuram
604201,Kovilporaiyur B.O,B.O,Delivery,Tindivanam,Villupuram
604201,Melvailamur B.O,B.O,Delivery,Tindivanam,Villupuram
604201,Naranamangalam B.O,B.O,Delivery,Tindivanam,Villupuram
604201,Nochalur B.O,B.O,Delivery,Tindivanam,Villupuram
604201,Thalangunam B.O,B.O,Delivery,Gingee,Villupuram
604202,Anathur B.O,B.O,Delivery,Tindivanam,Villupuram
604202,Gingee Bazaar S.O,S.O,Non-Delivery,Gingee,Villupuram
604202,Gingee S.O,S.O,Delivery,Gingee,Villupuram
604202,Jayankondam B.O,B.O,Delivery,Tindivanam,Villupuram
604202,Melacheri B.O,B.O,Delivery,Tindivanam,Villupuram
604202,Meledayalam B.O,B.O,Delivery,Tindivanam,Villupuram
604202,Neganur B.O,B.O,Delivery,Tindivanam,Villupuram
604202,Sevalapuri B.O,B.O,Delivery,Tindivanam,Villupuram
604203,Anangur B.O,B.O,Delivery,Tindivanam,Villupuram
604203,Arugavur B.O,B.O,Delivery,Tindivanam,Villupuram
604203,Aviyur B.O,B.O,Delivery,Tindivanam,Villupuram
604203,Eachur B.O,B.O,Delivery,Tindivanam,Villupuram
604203,Melolakkur S.O,S.O,Delivery,Tindivanam,Villupuram
604203,Pallikulam B.O,B.O,Delivery,Tindivanam,Villupuram
604203,Viranamur B.O,B.O,Delivery,Tindivanam,Villupuram
604204,Eyyakunam B.O,B.O,Delivery,Tindivanam,Villupuram
604204,Eyyal B.O,B.O,Delivery,Tindvanam,Villupuram
604204,Manandal B.O,B.O,Delivery,Tindivanam,Villupuram
604204,Melmalayanur S.O,S.O,Delivery,Tindivanam,Villupuram
604204,Melsevalambadi B.O,B.O,Delivery,Tindivanam,Villupuram
604204,Periyanolambai B.O,B.O,Delivery,Tindivanam,Villupuram
604204,Sathambadi B.O,B.O,Delivery,Gingee,Villupuram
604204,Siruthalaipoondi B.O,B.O,Delivery,Tindivanam,Villupuram
604204,Thayanur B.O,B.O,Delivery,Tindivanam,Villupuram
604204,Theppirampattu B.O,B.O,Delivery,Tindivanam,Villupuram
604204,Thorapadi B.O,B.O,Delivery,Tindivanam,Villupuram
604204,Vadapalai B.O,B.O,Delivery,Tindivanam,Villupuram
604205,Kappai B.O,B.O,Delivery,Tindivanam,Villupuram
604205,Konai B.O,B.O,Delivery,Tindivanam,Villupuram
604205,Kurunjipai B.O,B.O,Delivery,Tindivanam,Villupuram
604205,Minambur S.O,S.O,Delivery,Gingee,Villupuram
604205,Palapattu B.O,B.O,Delivery,Tindivanam,Villupuram
604205,Thaiyur B.O,B.O,Delivery,Tindivanam,Villupuram
604205,Thalavanur B.O,B.O,Delivery,Tindivanam,Villupuram
604205,Thiruvampattu B.O,B.O,Delivery,Tindivanam,Villupuram
604205,Thiruvathikunnam B.O,B.O,Delivery,Tindivanam,Villupuram
604206,Kadambur B.O,B.O,Delivery,Tindivanam,Villupuram
604206,Kalaiyur B.O,B.O,Delivery,Tindivanam,Villupuram
604206,Kollar B.O,B.O,Delivery,Tindivanam,Villupuram
604206,Melsithamur B.O,B.O,Delivery,Gingee,Villupuram
604206,Modaiyur B.O,B.O,Delivery,Tindivanam,Villupuram
604206,Tivanur B.O,B.O,Delivery,Gingee,Villupuram
604206,Vallam S.O,S.O,Delivery,Tindivanam,Villupuram
604206,Vilukkam B.O,B.O,Delivery,Tindivanam,Villupuram
604207,Akkur B.O,B.O,Delivery,Tindivanam,Villupuram
604207,Athipakkam B.O,B.O,Delivery,Tindivanam,Villupuram
604207,Dadapuram B.O,B.O,Delivery,Tindivanam,Villupuram
604207,Karuvampakkam B.O,B.O,Delivery,Tindivanam,Villupuram
604207,Kattusiviri B.O,B.O,Delivery,Tindivanam,Villupuram
604207,Kilmavilangai B.O,B.O,Delivery,Tindivanam,Villupuram
604207,Kodiyam B.O,B.O,Delivery,Tindivanam,Villupuram
604207,Melathipakkam B.O,B.O,Delivery,Tindivanam,Villupuram
604207,Naduvanthangal B.O,B.O,Delivery,Tindivanam,Villupuram
604207,Thaniyal B.O,B.O,Delivery,Tindivanam,Villupuram
604207,Vairapuram B.O,B.O,Delivery,Tindvanam,Villupuram
604207,Vellimeudpettai S.O,S.O,Delivery,Tindivanam,Villupuram
604208,Devandavadi B.O,B.O,Delivery,Tindivanam,Villupuram
604208,Devanur B.O,B.O,Delivery,Tindivanam,Villupuram
604208,Guduvampoondi B.O,B.O,Delivery,Tindivanam,Villupuram
604208,Kallapuliyur B.O,B.O,Delivery,Tindivanam,Villupuram
604208,Markonam B.O,B.O,Delivery,Tindivanam,Villupuram
604208,Melmannur B.O,B.O,Delivery,Tindivanam,Villupuram
604208,Peruvalur B.O,B.O,Delivery,Tindivanam,Villupuram
604208,Valathi S.O,S.O,Delivery,Tindivanam,Villupuram
604210,Annamangalam B.O,B.O,Delivery,Tindivanam,Villupuram
604210,Chellapiratti B.O,B.O,Delivery,Tindivanam,Villupuram
604210,Illodu S.O,S.O,Delivery,Gingee,Villupuram
604210,Kadali B.O,B.O,Delivery,Tindivanam,Villupuram
604210,Mahadevimangalam B.O,B.O,Delivery,Tindivanam,Villupuram
604210,Pennangar B.O,B.O,Delivery,Tindivanam,Villupuram
604210,Sholangunam B.O,B.O,Delivery,Tindivanam,Villupuram
604210,Thamanur B.O,B.O,Delivery,Tindivanam,Villupuram
604301,Adavallikuthan B.O,B.O,Delivery,Tindivanam,Villupuram
604301,Alankuppam B.O,B.O,Delivery,Tindivanam,Villupuram
604301,Brahmadesam S.O (Villupuram),S.O,Delivery,Tindivanam,Villupuram
604301,Kilsirivi B.O,B.O,Delivery,Tindivanam,Villupuram
604301,Kolathur B.O,B.O,Delivery,Tindivanam,Villupuram
604301,Munnur B.O,B.O,Delivery,Tindivanam,Villupuram
604301,Nagar B.O,B.O,Delivery,Tindivanam,Villupuram
604301,Omipper B.O,B.O,Delivery,Tindivanam,Villupuram
604301,Perumukkal B.O,B.O,Delivery,Tindivanam,Villupuram
604301,Siruvadi B.O,B.O,Delivery,Tindvanam,Villupuram
604301,Vadanerkunam B.O,B.O,Delivery,Tindivanam,Villupuram
604301,Vaidapakkam B.O,B.O,Delivery,Tindivanam,Villupuram
604302,Alagrammam B.O,B.O,Delivery,Tindivanam,Villupuram
604302,Chendur B.O,B.O,Delivery,Tindivanam,Villupuram
604302,Chinnanerkunam B.O,B.O,Delivery,Tindivanam,Villupuram
604302,Karnavur B.O,B.O,Delivery,Tindivanam,Villupuram
604302,Kiledayalam B.O,B.O,Delivery,Tindivanam,Villupuram
604302,Kutteripattu S.O,S.O,Delivery,Tindivanam,Villupuram
604302,Muppuli B.O,B.O,Delivery,Tindivanam,Villupuram
604302,Palakuppam B.O,B.O,Delivery,Tindivanam,Villupuram
604302,Peramandur B.O,B.O,Delivery,Tindivanam,Villupuram
604302,Singanur B.O,B.O,Delivery,Tindivanam,Villupuram
604302,Thenkalavoy B.O,B.O,Delivery,Tindivanam,Villupuram
604302,Thenpasiyar B.O,B.O,Delivery,Tindivanam,Villupuram
604303,Alathur B.O,B.O,Delivery,Tindivanam,Villupuram
604303,Anumandai B.O,B.O,Delivery,Tindivanam,Villupuram
604303,Kandadu B.O,B.O,Delivery,Tindivanam,Villupuram
604303,Kunimedu B.O,B.O,Delivery,Tindivanam,Villupuram
604303,Mandava B.O,B.O,Delivery,Tindivanam,Villupuram
604303,Markanum S.O,S.O,Delivery,Tindivanam,Villupuram
604303,Nadukuppam B.O,B.O,Delivery,Tindivanam,Villupuram
604303,Pudupakkam B.O,B.O,Delivery,Tindivanam,Villupuram
604303,Thalangadu B.O,B.O,Delivery,Tindivanam,Villupuram
604304,Eraiyur B.O,B.O,Delivery,Tindivanam,Villupuram
604304,Mailam S.O,S.O,Delivery,Tindivanam,Villupuram
604304,Padirapuliyur B.O,B.O,Delivery,Tindivanam,Villupuram
604304,Perumbakkam B.O,B.O,Delivery,Tindivanam,Villupuram
604304,Thaludali B.O,B.O,Delivery,Tindivanam,Villupuram
604304,Thiurvakkarai B.O,B.O,Delivery,Tindivanam,Villupuram
604304,Veliyanur B.O,B.O,Delivery,Tindivanam,Villupuram
604305,Olakkur S.O,S.O,Delivery,Tindivanam,Villupuram
604306,Kongarapattu B.O,B.O,Delivery,Tindivanam,Villupuram
604306,Melsevur B.O,B.O,Delivery,Tindivanam,Villupuram
604306,Nedimoliyanur B.O,B.O,Delivery,Tindivanam,Villupuram
604306,Rettanai S.O,S.O,Delivery,Tindivanam,Villupuram
604306,Thenputhur B.O,B.O,Delivery,Tindivanam,Villupuram
604306,Vengandur B.O,B.O,Delivery,Tindivanam,Villupuram
604307,Attur B.O,B.O,Delivery,Tindivanam,Villupuram
604307,Ayyanthoppu B.O,B.O,Delivery,Tindivanam,Villupuram
604307,Endiyur B.O,B.O,Delivery,Tindivanam,Villupuram
604307,Kattalai B.O,B.O,Delivery,Tindivanam,Villupuram
604307,Kiladanur B.O,B.O,Delivery,Tindivanam,Villupuram
604307,Melpettai B.O,B.O,Non-Delivery,Tindivanam,Villupuram
604307,Nallathur B.O,B.O,Delivery,Tindvanam,Villupuram
604307,Nolambur B.O,B.O,Delivery,Tindivanam,Villupuram
604307,Ongur B.O,B.O,Delivery,Tindivanam,Villupuram
604307,Panchalam B.O,B.O,Delivery,Tindivanam,Villupuram
604307,Saram ( Tindivanam ) S.O,S.O,Delivery,Tindivanam,Villupuram
604307,Ural B.O,B.O,Delivery,Tindivanam,Villupuram
604401,Anapathur B.O,B.O,Delivery,Cheyyar,Tiruvannamalai
604401,Anukkavoor S.O,S.O,Delivery,Vandavsi,Tiruvannamalai
604401,Cheyyaturvendran B.O,B.O,Delivery,Cheyyar,Tiruvannamalai
604401,Elaneerkundram B.O,B.O,Delivery,Cheyyar,Tiruvannamalai
604401,Erumaivetti B.O,B.O,Delivery,Cheyyar,Tiruvannamalai
604401,Perumbalai B.O,B.O,Delivery,Cheyyar,Tiruvannamalai
604401,Purisai B.O,B.O,Delivery,Cheyyar,Tiruvannamalai
604402,Alividaithangi B.O,B.O,Delivery,Cheyyar,Tiruvannamalai
604402,Hasanamapettai S.O,S.O,Delivery,Vandavasi,Tiruvannamalai
604402,Kunnathur B.O,B.O,Delivery,Cheyyar,Tiruvannamalai
604402,Kuthanur B.O,B.O,Delivery,Cheyyar,Tiruvannamalai
604402,Ramakrishnapuram B.O,B.O,Delivery,Cheyyar,Tiruvannamalai
604402,Sumangali B.O,B.O,Delivery,Cheyyar,Tiruvannamalai
604402,Vadamanapakkam B.O,B.O,Delivery,Cheyyar,Tiruvannamalai
604403,Adiyanur B.O,B.O,Delivery,Arni,Tiruvannamalai
604403,Badur B.O,B.O,Delivery,Arni,Tiruvannamalai
604403,Irumbedu B.O,B.O,Delivery,Vandavasi,Tiruvannamalai
604403,Kilkodungalur S.O,S.O,Delivery,Vandavasi,Tiruvannamalai
604403,Kilnarma B.O,B.O,Delivery,Vandavasi,Tiruvannamalai
604403,Kottai B.O,B.O,Delivery,Vandavasi,Tiruvannamalai
604403,Kuvalai B.O,B.O,Delivery,Vandavasi,Tiruvannamalai
604403,Salvedu B.O,B.O,Delivery,Vandavasi,Tiruvannamalai
604403,Ulundai B.O,B.O,Delivery,Vandavasi,Tiruvannamalai
604403,Velliambakkam B.O,B.O,Delivery,Arni,Tiruvannamalai
604404,Echur B.O,B.O,Delivery,Vandavasi,Tiruvannamalai
604404,Erumbur B.O,B.O,Delivery,Vandavasi,Tiruvannamalai
604404,Kilkovalavedu S.O,S.O,Delivery,Vandavasi,Tiruvannamalai
604404,Kovilur B.O,B.O,Delivery,Vandavasi,Tiruvannamalai
604404,Tirumpundi B.O,B.O,Delivery,Vandavasi,Tiruvannamalai
604405,Amudur B.O,B.O,Delivery,Vandavasi,Tiruvannamalai
604405,Kodanallur B.O,B.O,Delivery,Vandavasi,Tiruvannamalai
604405,Marudadu S.O,S.O,Delivery,Vandavasi,Tiruvannamalai
604405,Nelliyankulam B.O,B.O,Delivery,Vandavasi,Tiruvannamalai
604405,Osur B.O,B.O,Delivery,Vandavasi,Tiruvannamalai
604405,Punnai B.O,B.O,Delivery,Vandavasi,Tiruvannamalai
604405,Vazhur B.O,B.O,Delivery,Vandavasi,Tiruvannamalai
604406,Embalam B.O,B.O,Delivery,Vandavasi,Tiruvannamalai
604406,Japthikarani B.O,B.O,Delivery,Vandavasi,Tiruvannamalai
604406,Kodiyalam B.O,B.O,Delivery,Vandavasi,Tiruvannamalai
604406,Mavalavadi B.O,B.O,Delivery,Vandvasi,Tiruvannamalai
604406,Nallur B.O,B.O,Delivery,Vandavasi,Tiruvannamalai
604406,Nerkunam B.O,B.O,Delivery,Vandavasi,Tiruvannamalai
604406,Pennattagaram B.O,B.O,Delivery,Vandavasi,Tiruvannamalai
604406,Senal B.O,B.O,Delivery,Vandavasi,Tiruvannamalai
604406,Tellar S.O,S.O,Delivery,Vandavasi,Tiruvannamalai
604406,Thaiyar B.O,B.O,Delivery,Vandavasi,Tiruvannamalai
604406,Therasapuram B.O,B.O,Delivery,Vandavasi,Tiruvannamalai
604406,Vayalamoor B.O,B.O,Delivery,Vandavasi,Tiruvannamalai
604407,Arugavur B.O,B.O,Delivery,Cheyyar,Tiruvannamalai
604407,Cheyyar B.O,B.O,Non-Delivery,Cheyyar,Tiruvannamalai
604407,Irungur B.O,B.O,Delivery,Arcot,Vellore
604407,Kaliyur B.O,B.O,Delivery,Cheyyar,Tiruvannamalai
604407,Kodanagar B.O,B.O,Non-Delivery,Cheyyar,Tiruvannamalai
604407,Moranam B.O,B.O,Delivery,Cheyyar,Tiruvannamalai
604407,Murukattampundi B.O,B.O,Delivery,Cheyyar,Tiruvannamalai
604407,Nedumbarai B.O,B.O,Delivery,Cheyyar,Tiruvannamalai
604407,Palli B.O,B.O,Delivery,Cheyyar,Tiruvannamalai
604407,Pappanthangal B.O,B.O,Delivery,Cheyyar,Tiruvannamalai
604407,Perungulathur B.O,B.O,Delivery,Cheyyar,Tiruvannamalai
604407,Randam B.O,B.O,Delivery,Cheyyar,Tiruvannamalai
604407,Sengattankundil B.O,B.O,Delivery,Cheyyar,Tiruvannamalai
604407,Tiruvettipuram Cutcherry S.O,S.O,Non-Delivery,Cheyyar,Tiruvannamalai
604407,Tiruvettipuram S.O,S.O,Delivery,Cheyyar,Tiruvannamalai
604407,Vinnavadi B.O,B.O,Delivery,Cheyyar,Tiruvannamalai
604408,Alathur B.O,B.O,Delivery,Cheyyar,Tiruvannamalai
604408,Ammayapattu B.O,B.O,Non-Delivery,Vandavasi,Tiruvannamalai
604408,Arasur B.O,B.O,Delivery,NA,Tiruvannamalai
604408,Elangadu B.O,B.O,Delivery,Vandavasi,Tiruvannamalai
604408,Kilsathamangalam B.O,B.O,Delivery,Vandavasi,Tiruvannamalai
604408,Kilvillivalam B.O,B.O,Delivery,Vandavasi,Tiruvannamalai
604408,Manganallur B.O,B.O,Delivery,Vandavasi,Tiruvannamalai
604408,Melma B.O,B.O,Delivery,Vandavasi,Tiruvannamalai
604408,Ponnur B.O,B.O,Delivery,Vandavasi,Tiruvannamalai
604408,Salukkai B.O,B.O,Delivery,Vandavasi,Tiruvannamalai
604408,Sennavaram B.O,B.O,Non-Delivery,Vandavasi,Tiruvannamalai
604408,Shro. Navalpakkam B.O,B.O,Delivery,Vandavasi,Tiruvannamalai
604408,Thenelapakkam B.O,B.O,Delivery,Vandavasi,Tiruvannamalai
604408,Thennankur B.O,B.O,Delivery,Vandavasi,Tiruvannamalai
604408,Thethurai B.O,B.O,Delivery,Cheyyar,Tiruvannamalai
604408,Vandavasi S.O,S.O,Delivery,Vandavasi,Tiruvannamalai
604408,Veerambakkam-pudur B.O,B.O,Delivery,Vandavasi,Tiruvannamalai
604408,Vengaram B.O,B.O,Delivery,Vandavasi,Tiruvannamalai
604409,Korakkai B.O,B.O,Delivery,Cheyyar,Tiruvannamalai
604409,Maligaipattu B.O,B.O,Delivery,Cheyyar,Tiruvannamalai
604409,Mukkur B.O,B.O,Delivery,Cheyyar,Tiruvannamalai
604409,Parasur B.O,B.O,Delivery,Cheyyar,Tiruvannamalai
604409,Thozhupedu B.O,B.O,Delivery,Cheyyar,Tiruvannamalai
604409,Vadathinallur B.O,B.O,Delivery,Cheyyar,Tiruvannamalai
604409,Valkadai S.O,S.O,Delivery,Cheyyar,Tiruvannamalai
604410,Chithathur B.O,B.O,Delivery,Cheyyaru,Tiruvannamalai
604410,Kaganam B.O,B.O,Delivery,Cheyyar,Tiruvannamalai
604410,Namandi B.O,B.O,Delivery,Cheyyar,Tiruvannamalai
604410,Pillanthangal B.O,B.O,Delivery,Vandavasi,Tiruvannamalai
604410,Tiruppanangadu B.O,B.O,Delivery,Cheyyar,Tiruvannamalai
604410,Vembakkam S.O,S.O,Delivery,Cheyyar,Tiruvannamalai
604410,Vengalathur B.O,B.O,Delivery,Vandavasi,Tiruvannamalai
604501,Arunthodu B.O,B.O,Delivery,Vandavasi,Tiruvannamalai
604501,Chitragavur Pudur B.O,B.O,Delivery,Vandavasi,Tiruvannamalai
604501,Desur S.O,S.O,Delivery,Vandavasi,Tiruvannamalai
604501,Kilnamandi B.O,B.O,Delivery,Vandavasi,Tiruvannamalai
604501,Kilputhur B.O,B.O,Delivery,Vandavasi,Tiruvannamalai
604501,Kunnakampoondi B.O,B.O,Delivery,Vandavasi,Tiruvannamalai
604501,Mahamayee Tirumani B.O,B.O,Delivery,Vandavasi,Tiruvannamalai
604501,Sattapundi B.O,B.O,Delivery,Vandavasi,Tiruvannamalai
604501,Thennathur B.O,B.O,Delivery,Vandavasi,Tiruvannamalai
604501,Thenthinnalur B.O,B.O,Delivery,Vandavasi,Tiruvannamalai
604501,Vayalur B.O,B.O,Delivery,Vandavasi,Tiruvannamalai
604501,Vedal B.O,B.O,Delivery,Vandavasi,Tiruvannamalai
604502,Endal B.O,B.O,Delivery,Vandavasi,Tiruvannamalai
604502,Kadambai B.O,B.O,Delivery,Vandavasi,Tiruvannamalai
604502,Kandavaratti B.O,B.O,Delivery,Vandavasi,Tiruvannamalai
604502,Malayur S.O,S.O,Delivery,Vandavasi,Tiruvannamalai
604502,Matam B.O,B.O,Delivery,Vandavasi,Tiruvannamalai
604502,Melachery B.O,B.O,Delivery,Vandavasi,Tiruvannamalai
604503,Alliyandal B.O,B.O,Delivery,NA,Tiruvannamalai
604503,Injimedu B.O,B.O,Delivery,Vandavasi,Tiruvannamalai
604503,Kaduganur B.O,B.O,Delivery,Vandavasi,Tiruvannamalai
604503,Melmattaivinnamangalam B.O,B.O,Delivery,Vandavsi,Tiruvannamalai
604503,Mosavadi B.O,B.O,Delivery,Vandavasi,Tiruvannamalai
604503,Navalpakkam B.O,B.O,Delivery,Vandavasi,Tiruvannamalai
604503,Pernamallur S.O,S.O,Delivery,Vandavasi,Tiruvannamalai
604503,Ragunathasamudram B.O,B.O,Delivery,Vandavasi,Tiruvannamalai
604504,Anmarudai B.O,B.O,Delivery,Cheyyar,Tiruvannamalai
604504,Avaniapuram B.O,B.O,Delivery,Cheyyar,Tiruvannamalai
604504,Melsishamangalam B.O,B.O,Delivery,Cheyyar,Tiruvannamalai
604504,Munugapattu B.O,B.O,Delivery,Cheyyar,Tiruvannamalai
604504,Tirumani S.O,S.O,Delivery,Cheyyar,Tiruvannamalai
604505,Ayalpadi B.O,B.O,Delivery,Vandavasi,Tiruvannamalai
604505,Melnemili B.O,B.O,Delivery,Vandavasi,Tiruvannamalai
604505,Melpathi B.O,B.O,Delivery,Vandavasi,Tiruvannamalai
604505,Nambedu B.O,B.O,Delivery,Vandavasi,Tiruvannamalai
604505,Sengadu B.O,B.O,Delivery,Vandavasi,Tiruvannamalai
604505,Vadavanakkambadi B.O,B.O,Delivery,Vandavasi,Tiruvannamalai
604505,Vallam Arni S.O,S.O,Delivery,Vandavasi,Vellore
604601,Erumpoondi B.O,B.O,Delivery,Tvmalai,Tiruvannamalai
604601,Karungalikuppam B.O,B.O,Non-Delivery,NA,Tiruvannamalai
604601,Kikkalur B.O,B.O,Delivery,Tiruannvmalai,Tiruvannamalai
604601,Kilpennathur S.O,S.O,Delivery,Tiruvannamalai,Tiruvannamalai
604601,Mekkalur B.O,B.O,Delivery,Tiruvannamalai,Tiruvannamalai
604601,Rayampettai B.O,B.O,Delivery,Tvamalai,Tiruvannamalai
604601,Sirunathur B.O,B.O,Delivery,Tvamalai,Tiruvannamalai
604601,Valudalangunam B.O,B.O,Delivery,Tvamalai,Tiruvannamalai
605007,Mathalapattu B.O,B.O,Delivery,Cuddalore,Cuddalore
605007,Singirikoil B.O,B.O,Delivery,Cuddalore,Cuddalore
605014,Kaluperumbakkam B.O,B.O,Delivery,Vanur,Villupuram
605014,Kilpudupattu B.O,B.O,Delivery,Villupuram,Villupuram
605101,Auroville S.O,S.O,Delivery,Vanur,Villupuram
605101,Morattandi B.O,B.O,Non-Delivery,Villupuram,Villupuram
605102,Chinnababusamudram B.O,B.O,Delivery,Villupuram,Villupuram
605102,Kandamangalam S.O,S.O,Delivery,Villupuram,Villupuram
605102,Pallithennal B.O,B.O,Delivery,Villupuram,Villupuram
605102,Periyababusamudram B.O,B.O,Delivery,Villupuram,Villupuram
605103,Anangur B.O,B.O,Delivery,Villupuram,Villupuram
605103,Koliyanur S.O,S.O,Delivery,Villupuram,Villupuram
605103,Melpathi B.O,B.O,Delivery,Viluppuram,Villupuram
605103,Panampattu B.O,B.O,Delivery,Villupuram,Villupuram
605103,Pillur B.O,B.O,Delivery,Villupuram,Villupuram
605103,Poyyapakkam B.O,B.O,Delivery,Villupuram,Villupuram
605103,Serndanur B.O,B.O,Delivery,Viluppuram,Villupuram
605103,Tirupachanur B.O,B.O,Delivery,Villupuram,Villupuram
605105,Kallipattu B.O,B.O,Delivery,Villupuram,Villupuram
605105,Mettupalayam B.O,B.O,Delivery,Viluppuram,Villupuram
605105,Mokshakulam S.O,S.O,Delivery,Villupuram,Villupuram
605105,P.Villiyanur B.O,B.O,Delivery,Viluppuram,Villupuram
605105,Poovarasankuppam B.O,B.O,Delivery,Villupuram,Villupuram
605105,Rampakkam B.O,B.O,Delivery,Villupuram,Villupuram
605105,Venkatadri  Agaram B.O,B.O,Delivery,Villupuram,Villupuram
605106,Chellanchery B.O,B.O,Delivery,Cuddalore,Cuddalore
605106,Mandagapet B.O,B.O,Delivery,Nettapakkam Commune Panchayat,Villupuram
605106,Nallathur B.O,B.O,Delivery,Cuddalore,Cuddalore
605106,Pakkam B.O,B.O,Delivery,cuddalore,Cuddalore
605106,Viranam B.O,B.O,Delivery,Villupuram,Villupuram
605107,Kumulam B.O,B.O,Delivery,Villupuram,Villupuram
605107,Lingareddpalayam B.O,B.O,Delivery,Viluppuram,Villupuram
605107,Palayam B.O,B.O,Delivery,Viluppuram,Villupuram
605107,Pallineliyanur S.O,S.O,Delivery,Villupuram,Villupuram
605107,V.Mathur B.O,B.O,Delivery,Viluppuram,Villupuram
605108,Arpisampalayam B.O,B.O,Delivery,Villupuram,Villupuram
605108,Gengarampalayam B.O,B.O,Delivery,Villupuram,Villupuram
605108,Kallapattu B.O,B.O,Delivery,Villupuram,Villupuram
605108,Kumarakuppam B.O,B.O,Non-Delivery,Villupuram,Villupuram
605108,Naraiyur B.O,B.O,Delivery,Viluppuram,Villupuram
605108,Salayampalayam B.O,B.O,Delivery,Viluppuram,Villupuram
605108,V.Budur B.O,B.O,Delivery,Villupuram,Villupuram
605108,Valavanur S.O,S.O,Delivery,Villupuram,Villupuram
605109,Katrambakkam B.O,B.O,Delivery,Tindivanam,Villupuram
605109,Olundiapet B.O,B.O,Delivery,Tindivanam,Villupuram
605109,Pulichapllam B.O,B.O,Delivery,Vanur,Villupuram
605109,Semangalam B.O,B.O,Delivery,Tindivanam,Villupuram
605109,V.Parangani B.O,B.O,Delivery,Vanur,Villupuram
605109,Vanur S.O,S.O,Delivery,Vanur,Villupuram
605110,Kilinjikuppam B.O,B.O,Delivery,Vanur,Villupuram
605111,Hemerjickx Cente B.O,B.O,Delivery,Vanur,Villupuram
605111,Irumbai B.O,B.O,Non-Delivery,Villupuram,Villupuram
605111,Poothurai B.O,B.O,Delivery,Villupuram,Villupuram
605111,Rayapudupakkam B.O,B.O,Delivery,Villupuram,Villupuram
605111,Tiruchitambalam S.O,S.O,Delivery,Vanur,Villupuram
605201,Anaiyeri B.O,B.O,Delivery,Tindivanam,Villupuram
605201,Ananthapuram S.O,S.O,Delivery,Villupuram,Villupuram
605201,Athiyur B.O,B.O,Delivery,Villupuram,Villupuram
605201,Karai B.O,B.O,Delivery,Villupuram,Villupuram
605201,Karuvakshi B.O,B.O,Delivery,Villupuram,Villupuram
605201,Konalur B.O,B.O,Delivery,Villupuram,Villupuram
605201,Panamalai B.O,B.O,Delivery,Villupuram,Villupuram
605201,Ponnankuppam B.O,B.O,Delivery,Gingee,Villupuram
605201,V.Mathur B.O,B.O,Delivery,Viluppuram,Villupuram
605202,Anniyur S.O,S.O,Delivery,Villupuram,Villupuram
605202,Kalayampoondi B.O,B.O,Delivery,Villupuram,Villupuram
605202,Melkaranai B.O,B.O,Delivery,Viluppuram,Villupuram
605202,Nangathur B.O,B.O,Delivery,Viluppuram,Villupuram
605202,Porur B.O,B.O,Delivery,Villupuram,Villupuram
605202,Sangeethamangalam B.O,B.O,Delivery,Villupuram,Villupuram
605203,Asokapuri B.O,B.O,Delivery,Viluppuram,Villupuram
605203,Brahmadesam B.O,B.O,Delivery,Villupuram,Villupuram
605203,Kanjanur S.O,S.O,Delivery,Villupuram,Villupuram
605203,Kottayampoondi B.O,B.O,Delivery,Villupuram,Villupuram
605203,Kundalapuliyur B.O,B.O,Delivery,Villupuram,Villupuram
605203,Muttathur B.O,B.O,Delivery,Viluppuram,Villupuram
605203,Nemur B.O,B.O,Delivery,Viluppuram,Villupuram
605203,Vembi B.O,B.O,Delivery,Villupuram,Villupuram
605301,Kanai S.O,S.O,Delivery,Villupuram,Villupuram
605301,Kappur B.O,B.O,Delivery,Villupuram,Villupuram
605301,Kondangi B.O,B.O,Delivery,Villupuram,Villupuram
605301,Konur B.O,B.O,Delivery,Villupuram,Villupuram
605301,Nanndu B.O,B.O,Delivery,Viluppuram,Villupuram
605301,Orukodi B.O,B.O,Delivery,Viluppuram,Villupuram
605301,Perumbakkam B.O,B.O,Delivery,Villupuram,Villupuram
605302,Kalpattu B.O,B.O,Delivery,Villupuram,Villupuram
605302,Kangiyanur B.O,B.O,Delivery,Villupuram,Villupuram
605302,Mambazhapattu S.O,S.O,Delivery,Viluppuram,Villupuram
605302,Teli B.O,B.O,Delivery,Villupuram,Villupuram
605401,Athiyur Thiruvadi B.O,B.O,Delivery,Viluppuram,Villupuram
605401,Kandambakkam B.O,B.O,Delivery,Villupuram,Villupuram
605401,Kandnamanadi S.O,S.O,Delivery,Villupuram,Villupuram
605401,Maragadhapuram B.O,B.O,Delivery,Viluppuram,Villupuram
605401,Pidagam B.O,B.O,Delivery,Viluppuram,Villupuram
605401,Salamedu B.O,B.O,Delivery,Villupuram,Villupuram
605401,Valudareddy B.O,B.O,Delivery,Villupuram,Villupuram
605402,Adanur B.O,B.O,Delivery,Villupuram,Villupuram
605402,Ariyalur Tirukkai B.O,B.O,Delivery,Villupuram,Villupuram
605402,Kakkanur B.O,B.O,Delivery,Villupuram,Villupuram
605402,Kedar S.O,S.O,Delivery,Villupuram,Villupuram
605402,Palliandur B.O,B.O,Delivery,Villupuram,Villupuram
605402,Siruvalai B.O,B.O,Delivery,Villupuram,Villupuram
605402,Thiruvamathr B.O,B.O,Delivery,Villupuram,Villupuram
605402,Vengandur B.O,B.O,Delivery,Villupurm,Villupuram
605402,Viramur B.O,B.O,Delivery,Villupuram,Villupuram
605501,Kodukkur B.O,B.O,Delivery,Tindivanam,Villupuram
605501,Korakeni B.O,B.O,Delivery,Tindivanam,Villupuram
605501,Madurapakkam B.O,B.O,Delivery,Tindivanam,Villupuram
605501,Mutrampattu B.O,B.O,Delivery,Tindivanam,Villupuram
605501,Radhhapuram B.O,B.O,Delivery,Tindivanam,Villupuram
605501,Seshangur B.O,B.O,Delivery,Tindivanam,Villupuram
605501,Tirumangalam B.O,B.O,Delivery,Tindivanam,Villupuram
605501,V.Nerkunam B.O,B.O,Delivery,Viluppuram,Villupuram
605501,Vakkur B.O,B.O,Delivery,Tindivanam,Villupuram
605502,Kadaperikuppam B.O,B.O,Delivery,Villupuram,Villupuram
605502,Valudavur S.O,S.O,Delivery,Villupuram,Villupuram
605601,Ayyur Agaram B.O,B.O,Delivery,Villupuram,Villupuram
605601,Chinthamani B.O,B.O,Delivery,Viluppuram,Villupuram
605601,Kappiyampuliyur B.O,B.O,Delivery,Villupuram,Villupuram
605601,Mundiyambakkam S.O,S.O,Delivery,Viluppuram,Villupuram
605601,Orathur B.O,B.O,Delivery,Viluppuram,Villupuram
605601,Panayapuram B.O,B.O,Delivery,Villupuram,Villupuram
605601,T.Mettupalayam B.O,B.O,Delivery,Viluppuram,Villupuram
605601,Thoravi B.O,B.O,Delivery,Villupuram,Villupuram
605602,Kamala Nagar S.O (Villupuram),S.O,Non-Delivery,Viluppuram,Villupuram
605602,Kilperumbakkam S.O,S.O,Non-Delivery,Viluppuram,Villupuram
605602,Maharajapuam S.O,S.O,Non-Delivery,Villupuram,Villupuram
605602,Santhanagopalapuram S.O,S.O,Non-Delivery,Viluppuram,Villupuram
605602,V.Marudur S.O,S.O,Non-Delivery,Viluppuram,Villupuram
605602,Villupuram Collectorate S.O,S.O,Non-Delivery,Villupuram,Villupuram
605602,Villupuram East S.O,S.O,Non-Delivery,Viluppuram,Villupuram
605602,Villupuram H.O,H.O,Delivery,Villupuram,Villupuram
605602,Villupuram West S.O,S.O,Non-Delivery,Viluppuram,Villupuram
605651,Anilady B.O,B.O,Delivery,Villupuram,Villupuram
605651,Kilmambattu B.O,B.O,Delivery,Villupuram,Villupuram
605651,Negandur B.O,B.O,Delivery,Tindivanam,Villupuram
605651,Perani B.O,B.O,Delivery,Villupuram,Villupuram
605651,Periyathatchur S.O,S.O,Delivery,Villupuram,Villupuram
605651,Pidaripattu B.O,B.O,Delivery,Villupuram,Villupuram
605651,Se.Kunnatur B.O,B.O,Delivery,Villupuram,Villupuram
605651,V.Nallalam B.O,B.O,Delivery,Villupuram,Villupuram
605652,Asur B.O,B.O,Delivery,Villupuram,Villupuram
605652,Avadayarpattu B.O,B.O,Delivery,Villupuram,Villupuram
605652,Melakondai B.O,B.O,Delivery,Villupuram,Villupuram
605652,Pombur B.O,B.O,Delivery,Viluppuram,Villupuram
605652,Sithani B.O,B.O,Delivery,Viluppuram,Villupuram
605652,T.Pudupalayam B.O,B.O,Delivery,Viluppuram,Villupuram
605652,V.Salai B.O,B.O,Delivery,Viluppuram,Villupuram
605652,V.Sathanur B.O,B.O,Delivery,Villupuram,Villupuram
605652,Vidur B.O,B.O,Delivery,Villupuram,Villupuram
605652,Vidur Dam B.O,B.O,Delivery,Viluppuram,Villupuram
605652,Vikravandi R.S. B.O,B.O,Non-Delivery,Viluppuram,Villupuram
605652,Vikravandi S.O,S.O,Delivery,Viluppuram,Villupuram
605701,Alambadi B.O,B.O,Delivery,Tirukkoyilur,Villupuram
605701,Athiyur Thirukkai B.O,B.O,Delivery,Tirukkoyilur,Villupuram
605701,Kandachipuram S.O,S.O,Delivery,Tirukkoyilur,Villupuram
605701,Malavanthangal B.O,B.O,Delivery,Tirukkoyilur,Villupuram
605701,Melvalai B.O,B.O,Delivery,Tirukkoyilur,Villupuram
605701,Nallapalayam B.O,B.O,Delivery,Tirukkoyilur,Villupuram
605701,Odiyathur B.O,B.O,Delivery,Tirukkoyilur,Villupuram
605701,Pilrampattu B.O,B.O,Delivery,Tirukkoyilur,Villupuram
605701,Sithathur B.O,B.O,Delivery,Tirukkoyilur,Villupuram
605701,Vengamur B.O,B.O,Delivery,Tirukkoyilur,Villupuram
605702,B. Arulambadi B.O,B.O,Delivery,Sankarapuram,Villupuram
605702,Brammakundam B.O,B.O,Delivery,Sankarapuram,Villupuram
605702,Irudayampattu B.O,B.O,Delivery,Sankarapuram,Villupuram
605702,Melsiruvallur B.O,B.O,Delivery,Sankarapuram,Villupuram
605702,Michaelpuram B.O,B.O,Delivery,Sankarapuram,Villupuram
605702,Moongilthuraipattu S.O,S.O,Delivery,Tiruvannamalai,Tiruvannamalai
605702,Porasapattu B.O,B.O,Delivery,Sankarapuram,Villupuram
605702,Pounjipattu B.O,B.O,Delivery,Sankarapuram,Villupuram
605702,Vadaponparappi B.O,B.O,Delivery,Sankarapuram,Villupuram
605751,Ariyur S.O (Villupuram),S.O,Delivery,Tirukkoyilur,Villupuram
605751,Cholavandipuram B.O,B.O,Delivery,Tirukkoyilur,Villupuram
605751,Kattu Edaiyur B.O,B.O,Delivery,Tirukkoyilur,Villupuram
605751,Memalur B.O,B.O,Delivery,Tirukkoyilur,Villupuram
605751,Padiyandal B.O,B.O,Delivery,Tirukkoyilur,Villupuram
605751,Pazhangur B.O,B.O,Delivery,Tirukkoyilur,Villupuram
605751,Vengur B.O,B.O,Delivery,Tirukkoyilur,Villupuram
605752,Arakandanallur S.O,S.O,Delivery,Tirukkoyilur,Villupuram
605752,Devanur B.O,B.O,Delivery,Tirukkoyilur,Villupuram
605752,V . Puthur B.O,B.O,Delivery,Tirukkoyilur,Villupuram
605752,Vadakaraithayanur B.O,B.O,Delivery,Tirukkoyilur,Villupuram
605754,Devaradiyarkuppam B.O,B.O,Delivery,Tirukkoyilur,Villupuram
605754,Jambai B.O,B.O,Delivery,Tirukkoyilur,Villupuram
605754,Kangeyanur B.O,B.O,Delivery,Tirukkoyilur,Villupuram
605754,Kazhumalam B.O,B.O,Delivery,Tirukkoyilur,Villupuram
605754,Manalurpet S.O,S.O,Delivery,Tirukkoyilur,Villupuram
605754,Murukkambadi B.O,B.O,Delivery,Tirukkoyilur,Villupuram
605754,Sangiyam B.O,B.O,Delivery,Tirukkoyilur,Villupuram
605755,Arcadu B.O,B.O,Delivery,Tirukkoyilur,Villupuram
605755,Arulavadi B.O,B.O,Delivery,Tirukkoyilur,Villupuram
605755,Ayandur B.O,B.O,Delivery,Tirukkoyilur,Villupuram
605755,Kadaganur B.O,B.O,Delivery,Tirukkoyilur,Villupuram
605755,Karanai B.O,B.O,Delivery,Tirukkoyilur,Villupuram
605755,Mogaiyur S.O,S.O,Delivery,Tirukkoyilur,Villupuram
605755,Paranur B.O,B.O,Delivery,Tirukkoyilur,Villupuram
605755,S.Kodungal B.O,B.O,Delivery,Tirukkoyilur,Villupuram
605755,Sathiyakandanur B.O,B.O,Delivery,Tirukkoyilur,Villupuram
605755,Sennakunam B.O,B.O,Delivery,Tirukkoyilur,Villupuram
605756,Kottamarudur B.O,B.O,Delivery,Tirukkoyilur,Villupuram
605756,Kuladeepamangalam B.O,B.O,Delivery,Tirukkoyilur,Villupuram
605756,Thapovanam S.O,S.O,Delivery,Tirukkoyilur,Villupuram
605756,Vilandai B.O,B.O,Delivery,Tirukkoyilur,Villupuram
605757,Tirukkoyilur Bazaar S.O,S.O,Non-Delivery,Tirukkoyilur,Villupuram
605757,Tirukkoyilur H.O,H.O,Delivery,Tirukkoyilur,Villupuram
605758,Adichanur B.O,B.O,Delivery,Tirukkoyilur,Villupuram
605758,Oddampattu B.O,B.O,Delivery,Tirukkoyilur,Villupuram
605758,Vasanthakrishnapuram B.O,B.O,Delivery,Tirukkoyilur,Villupuram
605758,Virapandi S.O,S.O,Delivery,Tirukkoyilur,Villupuram
605759,Manampoondi S.O,S.O,Delivery,Tirukkoyilur,Villupuram
605766,Aruthangudi B.O,B.O,Delivery,Tirukkoyilur,Villupuram
605766,Deviagaram B.O,B.O,Delivery,Tirukkoyilur,Villupuram
605766,Karadi B.O,B.O,Delivery,Tirukkoyilur,Villupuram
605766,Kattupaiyur B.O,B.O,Delivery,Tirukkoyilur,Villupuram
605766,Keelathalanur B.O,B.O,Delivery,Tirukkoyilur,Villupuram
605766,Kuvanur B.O,B.O,Delivery,Tirukkoyilur,Villupuram
605766,Madam B.O,B.O,Delivery,Tirukkoyilur,Villupuram
605766,Santhapettai S.O,S.O,Delivery,Tirukkoyilur,Villupuram
605766,T Athipakkam B.O,B.O,Delivery,NA,Villupuram
605766,Thagadi B.O,B.O,Delivery,Tirukkoyilur,Villupuram
605766,Tiruppalapandal B.O,B.O,Delivery,Tirukkoyilur,Villupuram
605801,Ariyalur (Villupuram) S.O,S.O,Delivery,Tirukkoyilur,Villupuram
605801,Endal B.O,B.O,Delivery,Tirukkoyilur,Villupuram
605801,Kaduvanur B.O,B.O,Delivery,Tirukkoyilur,Villupuram
605801,Maiyanur B.O,B.O,Delivery,Tirukkoyilur,Villupuram
605801,Pakkam B.O,B.O,Delivery,Tirukkoyilur,Villupuram
605801,Periyakolliyur B.O,B.O,Delivery,Tirukkoyilur,Villupuram
605801,Tholuvanthangal B.O,B.O,Delivery,Tirukkoyilur,Villupuram
605802,Eduthanur B.O,B.O,Delivery,Tirukkoyilur,Villupuram
605802,Elayanarkuppam B.O,B.O,Delivery,Tirukkoyilur,Villupuram
605802,Kadambur S.O (Villupuram),S.O,Delivery,Tirukkoyilur,Villupuram
605802,Sirpadanallur B.O,B.O,Delivery,Tirukkoyilur,Villupuram
605802,Sirpanandal B.O,B.O,Delivery,Tirukkoyilur,Villupuram
605802,Tiruvarangam B.O,B.O,Delivery,Tirukkoyilur,Villupuram
605803,Andrayanur B.O,B.O,Delivery,Tirukkoyilur,Villupuram
605803,Arunkurukkai B.O,B.O,Delivery,Tirukkoyilur,Villupuram
605803,C Meyyur B.O,B.O,Delivery,Tirukkoyilur,Villupuram
605803,Edapalayam B.O,B.O,Delivery,Tirukkoyilur,Villupuram
605803,Elrampattu B.O,B.O,Delivery,Tirukkoyilur,Villupuram
605803,Sithalingamadam S.O,S.O,Delivery,Tirukkoyilur,Villupuram
605803,T  . Kunnathur B.O,B.O,Delivery,Tirukkoyilur,Villupuram
605803,T  . Pudupalayam B.O,B.O,Delivery,Tirukkoyilur,Villupuram
605803,Vadamarudur B.O,B.O,Delivery,Tirukkoyilur,Villupuram
606001,Vriddhachalam Bazaar S.O,S.O,Non-Delivery,Virudhachalam,Cuddalore
606001,Vriddhachalam Cutchery S.O,S.O,Non-Delivery,Virudhachalam,Cuddalore
606001,Vriddhachalam H.O,H.O,Delivery,Vriddhachalam,Cuddalore
606003,Budamur S.O,S.O,Delivery,Vriddhachalam,Cuddalore
606003,Erumanur B.O,B.O,Delivery,Vriddhachalam,Cuddalore
606003,Kargudal B.O,B.O,Delivery,Vriddhachalam,Cuddalore
606003,Ko  Adhanur B.O,B.O,Delivery,Vriddhachalam,Cuddalore
606003,Kuppanatham B.O,B.O,Delivery,Vriddhachalam,Cuddalore
606003,Manavalanallur B.O,B.O,Delivery,Vriddhachalam,Cuddalore
606003,Paravalur B.O,B.O,Delivery,Vriddhachalam,Cuddalore
606003,Sathamangalam B.O,B.O,Delivery,Vriddhachalam,Cuddalore
606003,T   Gopurapuram B.O,B.O,Delivery,Vriddhachalam,Cuddalore
606003,Thoravalur B.O,B.O,Delivery,Vriddhachalam,Cuddalore
606102,Adhanur B.O,B.O,Delivery,Ulundurpet,Villupuram
606102,Attur B.O,B.O,Delivery,Ulundurpet,Villupuram
606102,Kalamarudur S.O,S.O,Delivery,Ulundurpet,Villupuram
606102,Kiliyur B.O,B.O,Delivery,Ulundurpet,Villupuram
606102,Kuvagam B.O,B.O,Delivery,Ulundurpet,Villupuram
606102,Ma-kunnathur B.O,B.O,Delivery,Ulundurpet,Villupuram
606102,Nannaram B.O,B.O,Delivery,Ulundurpet,Villupuram
606102,Nathamur B.O,B.O,Delivery,Ulundurpet,Villupuram
606102,Orathur B.O,B.O,Delivery,Ulundurpet,Villupuram
606102,Pandur B.O,B.O,Delivery,Ulundurpet,Villupuram
606102,Velur B.O,B.O,Delivery,Ulundurpet,Villupuram
606103,Dharmanallur B.O,B.O,Delivery,Vriddhachalam,Cuddalore
606103,Gopalapuram B.O,B.O,Delivery,Virudhachalam,Cuddalore
606103,Kammapuram S.O,S.O,Delivery,Vriddhachalam,Cuddalore
606103,Kathazhai B.O,B.O,Delivery,Vriddhachalam,Cuddalore
606103,Kilapalaiyur B.O,B.O,Delivery,Vriddhachalam,Cuddalore
606103,Ottimedu B.O,B.O,Delivery,Vriddhachalam,Cuddalore
606103,Periyakottumulai B.O,B.O,Delivery,Vriddhachalam,Cuddalore
606103,Sathapadi B.O,B.O,Delivery,Vriddhachalam,Cuddalore
606104,Chinnaparur B.O,B.O,Delivery,Vriddhachalam,Cuddalore
606104,Idaichittur B.O,B.O,Delivery,Vriddhachalam,Cuddalore
606104,Karnatham B.O,B.O,Delivery,Vriddhachalam,Cuddalore
606104,Ko Pavalangudi B.O,B.O,Delivery,Vriddhachalam,Cuddalore
606104,Konankuppam B.O,B.O,Delivery,Virudhachalam,Cuddalore
606104,Mangalam (SA) S.O,S.O,Delivery,Ulundurpettai,Villupuram
606104,Mathur B.O,B.O,Delivery,Vriddhachalam,Cuddalore
606104,Mukhasaparur B.O,B.O,Delivery,Ulundurpettai,Villupuram
606104,Palayapattinam B.O,B.O,Delivery,Vriddhachalam,Cuddalore
606104,Pali B.O,B.O,Delivery,Vriddhachalam,Cuddalore
606104,Puvanur B.O,B.O,Delivery,Vriddhachalam,Cuddalore
606104,Vijayamanagaram B.O,B.O,Delivery,Vriddhachalam,Cuddalore
606105,Kilimangalam B.O,B.O,Delivery,Tittagudi,Cuddalore
606105,Konur B.O,B.O,Delivery,Tittakudi,Cuddalore
606105,Kosapallam B.O,B.O,Delivery,Tittakudi,Cuddalore
606105,Murugangudi B.O,B.O,Delivery,Tittagudi,Cuddalore
606105,Pelandurai B.O,B.O,Delivery,Tittagudi,Cuddalore
606105,Pennadam S.O,S.O,Delivery,Tittakudi,Cuddalore
606106,Akkanur B.O,B.O,Delivery,Tittagudi,Cuddalore
606106,E.Keeranur B.O,B.O,Delivery,Tittagudi,Cuddalore
606106,Kilacheruvoi B.O,B.O,Delivery,Tittagudi,Cuddalore
606106,Perumulai B.O,B.O,Delivery,Tittagudi,Cuddalore
606106,Sevveri B.O,B.O,Delivery,Tittagudi,Cuddalore
606106,Sirumulai B.O,B.O,Delivery,Tittagudi,Cuddalore
606106,Tittagudi S.O,S.O,Delivery,Tittagudi,Cuddalore
606106,Vagaiyur B.O,B.O,Delivery,Tittagudi,Cuddalore
606107,Anganur B.O,B.O,Delivery,Ulundurpet,Villupuram
606107,Edaikkal B.O,B.O,Delivery,Ulundurpet,Villupuram
606107,Kanaiyar B.O,B.O,Delivery,Ulundurpet,Villupuram
606107,Madiyanur B.O,B.O,Delivery,Ulundurpet,Villupuram
606107,Moolasamudram B.O,B.O,Delivery,Ulundurpet,Villupuram
606107,Pu-killanur B.O,B.O,Delivery,Ulundurpet,Villupuram
606107,Pu-konalavadi B.O,B.O,Delivery,Ulundurpet,Villupuram
606107,Pu.Mambakkam B.O,B.O,Delivery,Ulundurpet,Villupuram
606107,Puliyur B.O,B.O,Delivery,Ulundurpet,Villupuram
606107,Semmanangur B.O,B.O,Delivery,Ulundurpettai,Villupuram
606107,Ulundurpet Busstand S.O,S.O,Non-Delivery,Ulundurpettai,Villupuram
606107,Ulundurpet S.O,S.O,Delivery,Ulundurpet,Villupuram
606107,Vellaiyur B.O,B.O,Delivery,Ulundurpet,Villupuram
606108,Alambadi B.O,B.O,Delivery,Tittagudi,Cuddalore
606108,Avatti B.O,B.O,Delivery,Tittagudi,Cuddalore
606108,Ma Podaiyur B.O,B.O,Delivery,Tittagudi,Cuddalore
606108,Malayanur B.O,B.O,Delivery,Tittagudi,Cuddalore
606108,Mangalur S.O,S.O,Delivery,Tittagudi,Cuddalore
606108,Orangur B.O,B.O,Delivery,Tittagudi,Cuddalore
606108,Sirupakkam B.O,B.O,Delivery,Tittagudi,Cuddalore
606108,Vallimaduram B.O,B.O,Delivery,Tittagudi,Cuddalore
606110,C  Keeranur B.O,B.O,Delivery,Vriddhachalam,Cuddalore
606110,Deevalur B.O,B.O,Delivery,Vriddhachalam,Cuddalore
606110,Karmangudi B.O,B.O,Delivery,Vriddhachalam,Cuddalore
606110,Karuvepilankurichi S.O,S.O,Delivery,Vriddhachalam,Cuddalore
606110,Sathiyavadi B.O,B.O,Delivery,Vriddhachalam,Cuddalore
606110,Sathukudal B.O,B.O,Delivery,Vriddhachalam,Cuddalore
606110,Therku Vadakku Puthur B.O,B.O,Delivery,Vriddhachalam,Cuddalore
606111,Avinangudi B.O,B.O,Delivery,Tittakudi,Cuddalore
606111,Gudalur B.O,B.O,Delivery,Tittagudi,Cuddalore
606111,Kothattai B.O,B.O,Delivery,Tittagudi,Cuddalore
606111,Melur B.O,B.O,Delivery,Tittagudi,Cuddalore
606111,Pennadam R.S. S.O,S.O,Delivery,Tittakudi,Cuddalore
606111,Pothiramangalam B.O,B.O,Delivery,Tittagudi,Cuddalore
606111,Sathanatham B.O,B.O,Delivery,Tittakudi,Cuddalore
606111,Tholar B.O,B.O,Delivery,Tittagudi,Cuddalore
606111,Tiruvattathurai B.O,B.O,Delivery,Tittagudi,Cuddalore
606115,Aladi B.O,B.O,Delivery,Ulundurpet,Villupuram
606115,Irulakurichi B.O,B.O,Delivery,Ulundurpet,Villupuram
606115,Koo-kallakurichi B.O,B.O,Delivery,Ulundurpet,Villupuram
606115,Padur S.O,S.O,Delivery,Ulundurpet,Villupuram
606115,Palakollai B.O,B.O,Delivery,Ulundurpet,Villupuram
606115,Senkurichi B.O,B.O,Delivery,Ulundurpet,Villupuram
606201,Ammaiagaram B.O,B.O,Delivery,Kallakurichi,Villupuram
606201,Chinnasalem S.O,S.O,Delivery,Kallakurichi,Villupuram
606201,Dagamtheerthapuram B.O,B.O,Delivery,Kallakurichi,Villupuram
606201,Kaniyamur B.O,B.O,Delivery,Kallakurichi,Villupuram
606201,Melnariyappanur B.O,B.O,Delivery,Kallakurichi,Villupuram
606201,Melur B.O,B.O,Delivery,Kallakurichi,Villupuram
606201,Moongilpadi B.O,B.O,Delivery,Kallakurichi,Villupuram
606201,Paithanthurai B.O,B.O,Delivery,Kallakurichi,Villupuram
606201,Pandiyankuppam B.O,B.O,Delivery,Kallakurichi,Villupuram
606201,Pethanur B.O,B.O,Delivery,Kallakurichi,Villupuram
606201,Siruvathur B.O,B.O,Delivery,Kallakurichi,Villupuram
606201,Thengiyanatham B.O,B.O,Delivery,Kallakurichi,Villupuram
606201,Thottiyam B.O,B.O,Delivery,Kallakurichi,Villupuram
606201,Vettiperumalagaram B.O,B.O,Delivery,Kallakurichi,Villupuram
606202,Kallakurichi H.O,H.O,Delivery,Kallakurichi,Villupuram
606203,Kongarayapalayam B.O,B.O,Delivery,Kallakurichi,Villupuram
606203,Malaikottalam B.O,B.O,Delivery,Kallakurichi,Villupuram
606203,Mudiyanur B.O,B.O,Delivery,Kallakurichi,Villupuram
606203,Nagalur S.O,S.O,Delivery,Kallakurichi,Villupuram
606203,Porasakurichi B.O,B.O,Delivery,Kallakurichi,Villupuram
606203,Pudu Uchimedu B.O,B.O,Delivery,Kallakurichi,Villupuram
606203,Sethuvarayankuppam B.O,B.O,Delivery,Kallakurichi,Villupuram
606203,Varanjaram B.O,B.O,Delivery,Kallakurichi,Villupuram
606203,Virugavur B.O,B.O,Delivery,Kallakurichi,Villupuram
606204,Ammakalathur B.O,B.O,Delivery,Kallakurichi,Villupuram
606204,Asakalathur B.O,B.O,Delivery,Kallakurichi,Villupuram
606204,Eyyanur B.O,B.O,Delivery,Kallakurichi,Villupuram
606204,Iriyur B.O,B.O,Delivery,Kallakurichi,Villupuram
606204,Maligaimedu B.O,B.O,Delivery,Kallakurichi,Villupuram
606204,Olagiyanallur B.O,B.O,Delivery,Kallakurichi,Villupuram
606204,Perumangalam B.O,B.O,Delivery,Kallakurichi,Villupuram
606204,Pukkiravari S.O,S.O,Delivery,Kallakurichi,Villupuram
606204,S. Ohaiyur B.O,B.O,Delivery,Kallakurichi,Villupuram
606204,Thensiruvalur B.O,B.O,Delivery,Kallakurichi,Villupuram
606204,Thenthorasalur B.O,B.O,Delivery,Kallakurichi,Villupuram
606205,Komalur B.O,B.O,Delivery,Sankarapuram,Villupuram
606205,La- Gudalur B.O,B.O,Delivery,Sankarapuram,Villupuram
606205,Mandagapadi B.O,B.O,Delivery,Sankarapuram,Villupuram
606205,Munivalai B.O,B.O,Delivery,Sankarapuram,Villupuram
606205,Nurolai B.O,B.O,Delivery,Sankarapuram,Villupuram
606205,Pasar B.O,B.O,Delivery,Sankarapuram,Villupuram
606205,Rishivandiyam S.O,S.O,Delivery,Sankarapuram,Villupuram
606205,Sathaputhur B.O,B.O,Delivery,Sankarapuram,Villupuram
606205,Seedevi B.O,B.O,Delivery,Sankarapuram,Villupuram
606205,Sikkadu B.O,B.O,Delivery,Sankarapuram,Villupuram
606206,Madur B.O,B.O,Delivery,Kallakurichi,Villupuram
606206,Palayasiruvangur B.O,B.O,Delivery,Kallakurichi,Villupuram
606206,Pallagacherry B.O,B.O,Delivery,Kallakurichi,Villupuram
606206,Peelamedu B.O,B.O,Delivery,Kallakurichi,Villupuram
606206,Periyamampattu B.O,B.O,Delivery,Kallakkurichi,Villupuram
606206,Prithivimangalam B.O,B.O,Delivery,Kallakurichi,Villupuram
606206,Sithalur B.O,B.O,Delivery,Kallakurichi,Villupuram
606206,Sulankurichi B.O,B.O,Delivery,Kallakurichi,Villupuram
606206,Timmalai B.O,B.O,Delivery,Kallakurichi,Villupuram
606206,Tiyagadrug S.O,S.O,Delivery,Kallakurichi,Villupuram
606206,Tiyagai B.O,B.O,Delivery,Kallakurichi,Villupuram
606206,Vadathorasalur B.O,B.O,Delivery,Kallakurichi,Villupuram
606206,Veeracholapuram B.O,B.O,Delivery,Kallakurichi,Villupuram
606206,Vengaivadi B.O,B.O,Delivery,Kallakurichi,Villupuram
606206,Vilakkur B.O,B.O,Delivery,Kallakurichi,Villupuram
606207,Chellampattu B.O,B.O,Delivery,Kallakurichi,Villupuram
606207,Eduthavainatham B.O,B.O,Delivery,Kallakurichi,Villupuram
606207,Eruvaipattinam B.O,B.O,Delivery,Kallakurichi,Villupuram
606207,Kachirapalayam B.O,B.O,Delivery,Kallakurichi,Villupuram
606207,Karadichittur B.O,B.O,Delivery,Kallakurichi,Villupuram
606207,Madavacherry B.O,B.O,Delivery,Kallakurichi,Villupuram
606207,Malliyapadi B.O,B.O,Delivery,Kallakurichi,Villupuram
606207,Manmalai B.O,B.O,Delivery,Kallakurichi,Villupuram
606207,Mathur B.O,B.O,Delivery,Kallakurichi,Villupuram
606207,Mattaparai B.O,B.O,Delivery,Sankarapuram,Villupuram
606207,Pottiyam B.O,B.O,Delivery,Kallakurichi,Villupuram
606207,Vadakkanandal S.O,S.O,Delivery,Kallakurichi,Villupuram
606207,Venkatampettai B.O,B.O,Delivery,Sankarapuram,Villupuram
606208,Alathur B.O,B.O,Delivery,Sankarapuram,Villupuram
606208,Cholampattu B.O,B.O,Delivery,Sankarapuram,Villupuram
606208,Kilapattu B.O,B.O,Delivery,Sankarapuram,Villupuram
606208,Manjaputhur B.O,B.O,Delivery,Sankarapuram,Villupuram
606208,Murarbad S.O,S.O,Delivery,Sankapuram,Villupuram
606208,Nedumanur B.O,B.O,Delivery,Sankarapuram,Villupuram
606209,Arampoondi B.O,B.O,Delivery,Kallakurichi,Villupuram
606209,Innadu B.O,B.O,Delivery,Kallakurichi,Villupuram
606209,Kariyalur B.O,B.O,Delivery,Kallakurichi,Villupuram
606209,Kodumathi B.O,B.O,Delivery,Sankarapuram,Villupuram
606209,Kottapudur B.O,B.O,Delivery,Sankarapuram,Villupuram
606209,Madhur B.O,B.O,Delivery,Sankarapuram,Villupuram
606209,Maniyampalayam B.O,B.O,Delivery,Kallakurichi,Villupuram
606209,Mundiyur B.O,B.O,Delivery,Kallakurichi,Villupuram
606209,Nochimedu B.O,B.O,Delivery,Kallakurichi,Villupuram
606209,Throadipattu B.O,B.O,Delivery,Kallakurichi,Villupuram
606209,Uppur B.O,B.O,Delivery,Kallakurichi,Villupuram
606209,Vazhapadi B.O,B.O,Delivery,Kallakurichi,Villupuram
606209,Vellimalai S.O,S.O,Delivery,Chinnasalem Taluk,Villupuram
606213,Agarakottalam B.O,B.O,Delivery,Kallakurichi,Villupuram
606213,K.Alambalam B.O,B.O,Delivery,Kallakurichi,Villupuram
606213,Kallakurichi South S.O,S.O,Delivery,Kallakurichi,Villupuram
606213,Kudiraichandal B.O,B.O,Delivery,Kallakurichi,Villupuram
606213,Nallathur B.O,B.O,Delivery,NA,Villupuram
606213,Neelamangalam B.O,B.O,Delivery,Kallakurichi,Villupuram
606213,Olagankathan B.O,B.O,Delivery,Kallakurichi,Villupuram
606213,Siruvangur B.O,B.O,Delivery,Kallakkurichi,Villupuram
606213,Somandargudi B.O,B.O,Delivery,Kallakurichi,Villupuram
606213,Thachur B.O,B.O,Delivery,Kallakurichi,Villupuram
606213,Thandalai B.O,B.O,Delivery,Kallakurichi,Villupuram
606213,Thenkeeranur B.O,B.O,Delivery,Kallakurichi,Villupuram
606213,Vilambar B.O,B.O,Delivery,NA,Villupuram
606301,Anumanandal B.O,B.O,Delivery,Kallakurichi,Villupuram
606301,Karunthalakurichi B.O,B.O,Delivery,Kallakurichi,Villupuram
606301,Kugaiyur B.O,B.O,Delivery,Villupuram,Villupuram
606301,Nainarpalayam S.O,S.O,Delivery,Villupuram,Villupuram
606301,Pakkampadi B.O,B.O,Delivery,Kallakurichi,Villupuram
606301,S. Naraiyur B.O,B.O,Delivery,Kallakurichi,Villupuram
606301,Thottapadi B.O,B.O,Delivery,Kallakurichi,Villupuram
606301,V  Alambalam B.O,B.O,Delivery,Kallakurichi,Villupuram
606301,V  Mamandur B.O,B.O,Delivery,Kallakurichi,Villupuram
606302,Edaiyur B.O,B.O,Delivery,Vriddhachalam,Cuddalore
606302,Nagar B.O,B.O,Delivery,Vriddhachalam,Cuddalore
606302,Nallur S.O (Cuddalore),S.O,Delivery,Vriddhachalam,Cuddalore
606302,Perambalur B.O,B.O,Delivery,Vriddhachalam,Cuddalore
606302,Sathiyam B.O,B.O,Delivery,Vriddhachalam,Cuddalore
606302,Seppakkam B.O,B.O,Delivery,Vriddhachalam,Cuddalore
606302,Sirumangalam B.O,B.O,Delivery,Vriddhachalam,Cuddalore
606302,Varambanur B.O,B.O,Delivery,Vriddhachalam,Cuddalore
606302,Vilangattur B.O,B.O,Delivery,Virudhachalam,Cuddalore
606303,Alathur B.O,B.O,Delivery,Tittagudi,Cuddalore
606303,Eluthur B.O,B.O,Delivery,Tittagudi,Cuddalore
606303,Kilakalpoondi B.O,B.O,Delivery,Tittagudi,Cuddalore
606303,Korakkavadi B.O,B.O,Delivery,Tittagudi,Cuddalore
606303,Lakkur B.O,B.O,Delivery,Tittagudi,Cuddalore
606303,Thachur B.O,B.O,Delivery,Tittagudi,Cuddalore
606303,Toludur S.O,S.O,Delivery,Tittagudi,Cuddalore
606303,Vaithiyanathapuram B.O,B.O,Delivery,Tittagudi,Cuddalore
606303,Venganur B.O,B.O,Delivery,Tittagudi,Cuddalore
606304,Adari B.O,B.O,Delivery,Vriddhachalam,Cuddalore
606304,Kaludur B.O,B.O,Delivery,Vriddhachalam,Cuddalore
606304,Kattumailur B.O,B.O,Delivery,Vriddhachalam,Cuddalore
606304,N. Naraiyur B.O,B.O,Delivery,Vriddhachalam,Cuddalore
606304,Nithinatham B.O,B.O,Delivery,Vriddhachalam,Cuddalore
606304,Pasar B.O,B.O,Delivery,Vriddhachalam,Cuddalore
606304,Periyanesalur B.O,B.O,Delivery,Vriddhachalam,Cuddalore
606304,Pillur B.O,B.O,Delivery,Vriddhachalam,Cuddalore
606304,Poolambadi B.O,B.O,Delivery,Vriddhachalam,Cuddalore
606304,Poynapadi B.O,B.O,Delivery,Vriddhachalam,Cuddalore
606304,Rettakurichi B.O,B.O,Delivery,Vriddhachalam,Cuddalore
606304,Veppur (SA) S.O,S.O,Delivery,Vriddhachalam,Cuddalore
606305,Asanur S.O,S.O,Delivery,Ulundurpet,Villupuram
606305,Eranji B.O,B.O,Delivery,Ulundurpet,Villupuram
606305,Gurupeedapuram B.O,B.O,Delivery,Ulundurpet,Villupuram
606305,Koothakudi B.O,B.O,Delivery,Ulundurpet,Villupuram
606305,Ninnaiyur B.O,B.O,Delivery,Ulundurpet,Villupuram
606305,Parindal B.O,B.O,Delivery,Ulundurpet,Villupuram
606305,T.Mavidanthal B.O,B.O,Delivery,Ulundurpet,Villupuram
606305,Tiruppayar B.O,B.O,Delivery,Ulundurpet,Villupuram
606401,Arasampattu B.O,B.O,Delivery,Sankarapuram,Villupuram
606401,Kilakkadu B.O,B.O,Delivery,Sankarapuram,Villupuram
606401,Kosapadi B.O,B.O,Delivery,Sankarapuram,Villupuram
606401,Mottampatti B.O,B.O,Delivery,Sankarapuram,Villupuram
606401,Perumbur B.O,B.O,Delivery,Sankarapuram,Villupuram
606401,Pootai B.O,B.O,Delivery,Sankarapuram,Villupuram
606401,Poykunam B.O,B.O,Delivery,Sankarapuram,Villupuram
606401,Pudupalapattu B.O,B.O,Delivery,Sankarapuram,Villupuram
606401,Sankarapuram (Villupuram) S.O,S.O,Delivery,Sankarapuram,Villupuram
606401,Serapattu B.O,B.O,Delivery,Sankarapuram,Villupuram
606401,Soundaravallipalayam B.O,B.O,Delivery,Sankarapuram,Villupuram
606401,Thekkampattu B.O,B.O,Delivery,Sankarapuram,Villupuram
606401,Vanjikuli B.O,B.O,Delivery,Sankarapuram,Villupuram
606401,Vellarikadu B.O,B.O,Delivery,Sankarapuram,Villupuram
606401,Vengodu B.O,B.O,Delivery,Sankarapuram,Villupuram
606402,Arur B.O,B.O,Delivery,Sankarapuram,Villupuram
606402,Lakkinayakkanpatti B.O,B.O,Delivery,Sankarapuram,Villupuram
606402,Mookanur B.O,B.O,Delivery,Sankarapuram,Villupuram
606402,Pandalam S.O (Villupuram),S.O,Delivery,Sankarapuram,Villupuram
606402,Pudupattu B.O,B.O,Delivery,Sankarapuram,Villupuram
606402,Puthirampattu B.O,B.O,Delivery,Sankarapuram,Villupuram
606402,Rangappanur B.O,B.O,Delivery,Sankarapuram,Villupuram
606402,Ravathanallur B.O,B.O,Delivery,Sankarapuram,Villupuram
606402,S.Kolathur B.O,B.O,Delivery,Sankarapuram,Villupuram
606402,Viriyur B.O,B.O,Delivery,Sankarapuram,Villupuram
606601,Ayyankulam S.O,S.O,Non-Delivery,Tiruvannamalai,Tiruvannamalai
606601,Kalnagar S.O,S.O,Non-Delivery,Tiruvannamalai,Tiruvannamalai
606601,Kilnathur B.O,B.O,Delivery,Tiruvananmalai,Tiruvannamalai
606601,Saron B.O,B.O,Delivery,Tiruvannamalai,Tiruvannamalai
606601,Tiruvannamalai Bazaar S.O,S.O,Non-Delivery,Tiruvannamalai,Tiruvannamalai
606601,Tiruvannamalai H.O,H.O,Delivery,Tiruvannamalai,Tiruvannamalai
606601,Tiruvannamalai RS S.O,S.O,Non-Delivery,Tiruvannamalai,Tiruvannamalai
606603,Ayyampalayam B.O,B.O,Delivery,Tiruvannamalai,Tiruvannamalai
606603,Nallavanpalayam B.O,B.O,Delivery,Tiruvananamalai,Tiruvannamalai
606603,Pandithapattu B.O,B.O,Delivery,Tiruvannamalai,Tiruvannamalai
606603,Sriramanashramam S.O,S.O,Delivery,NA,Tiruvannamalai
606603,Thenmathur B.O,B.O,Delivery,Tiruvannamalai,Tiruvannamalai
606604,Adaiyur B.O,B.O,Delivery,Tiruvannamalai,Tiruvannamalai
606604,Adiannamalai B.O,B.O,Delivery,NA,Tiruvannamalai
606604,Esanyamadam S.O,S.O,Non-Delivery,Tiruvannamalai,Tiruvannamalai
606604,Inamkariyandal B.O,B.O,Delivery,Tiruvannamalai,Tiruvannamalai
606604,Kiliyapattu B.O,B.O,Delivery,Tiruvnannamalai,Tiruvannamalai
606604,Vengikkal S.O,S.O,Delivery,Tiruvannamalai,Tiruvannamalai
606611,Kanalapadi B.O,B.O,Delivery,Tiruvannamalai,Tiruvannamalai
606611,Kilnachipattu B.O,B.O,Delivery,Tiruvannamalai,Tiruvannamalai
606611,Malappambadi B.O,B.O,Delivery,Tiruvannamalai,Tiruvannamalai
606611,Pallikondapattu B.O,B.O,Delivery,Tiruvannamalai,Tiruvannamalai
606611,Somasipadi S.O,S.O,Delivery,Tiruvannamalai,Tiruvannamalai
606611,Vedanatham B.O,B.O,Delivery,Tiruvannamalai,Tiruvannamalai
606701,Chengam S.O,S.O,Delivery,Chengam,Tiruvannamalai
606701,Chennasamudram B.O,B.O,Delivery,Chengam,Tiruvannamalai
606701,Kayambattu B.O,B.O,Delivery,Chengam,Tiruvannamalai
606701,Thithandapattu B.O,B.O,Delivery,Chengam,Tiruvannamalai
606701,Valayampattu B.O,B.O,Delivery,Chengam,Tiruvannamalai
606702,Alathur B.O,B.O,Delivery,Chengam,Tiruvannamalai
606702,C Nammiandal B.O,B.O,Delivery,Chengam,Tiruvannamalai
606702,Japthikariandal B.O,B.O,Delivery,Chengam,Tiruvannamalai
606702,Kallarai Padi B.O,B.O,Delivery,Chengam,Tiruvannamalai
606702,Kanji S.O,S.O,Delivery,Chengam,Tiruvannamalai
606702,Melpadur B.O,B.O,Delivery,Chengam,Tiruvannamalai
606702,Vadamathur B.O,B.O,Delivery,Chengam,Tiruvannamalai
606703,Andipattu B.O,B.O,Delivery,Chengam,Tiruvannamalai
606703,Arasankanni B.O,B.O,Delivery,Chengam,Tiruvannamalai
606703,Elangunni B.O,B.O,Delivery,Chengam,Tiruvannamalai
606703,Melarvandavadi B.O,B.O,Delivery,Chengam,Tiruvannamalai
606703,Melchengam B.O,B.O,Delivery,Chengam,Tiruvannamalai
606703,Melpallipattu S.O,S.O,Delivery,Chengam,Tiruvannamalai
606703,Melvanakakambadi B.O,B.O,Delivery,Chengam,Tiruvannamalai
606703,Neepathurai B.O,B.O,Delivery,Chengam,Tiruvannamalai
606703,Puliyampatti B.O,B.O,Delivery,Chengam,Tiruvannamalai
606704,Eraiyur B.O,B.O,Delivery,NA,Tiruvannamalai
606704,Kilpaliyapattu B.O,B.O,Delivery,Chengam,Tiruvannamalai
606704,Melmudiyanur B.O,B.O,Delivery,Chengam,Tiruvannamalai
606704,Melnachipattu B.O,B.O,Delivery,Chengam,Tiruvannamalai
606704,Melpennathur B.O,B.O,Delivery,Chengam,Tiruvannamalai
606704,Pachal S.O (Tiruvannamalai),S.O,Delivery,Chengam,Tiruvannamalai
606704,Periyakolapadi B.O,B.O,Delivery,Chengam,Tiruvannamalai
606704,Thorapadi B.O,B.O,Delivery,Chengam,Tiruvannamalai
606704,Vasudevampattu B.O,B.O,Delivery,Chengam,Tiruvannamalai
606705,Karapattu B.O,B.O,Delivery,Chengam,Tiruvannamalai
606705,Kilkuppam B.O,B.O,Delivery,Polur,Tiruvannamalai
606705,Munnurmangalam B.O,B.O,Delivery,Chengam,Tiruvannamalai
606705,Padiagraharam B.O,B.O,Delivery,Chegam,Tiruvannamalai
606705,Pudupalayam S.O (Tiruvannamalai),S.O,Delivery,NA,Tiruvannamalai
606705,Pudur Chengam B.O,B.O,Delivery,Chengam,Tiruvannamalai
606705,Veeranandal B.O,B.O,Delivery,NA,Tiruvannamalai
606706,Kolundampattu B.O,B.O,Delivery,Chengam,Tiruvannamalai
606706,S Sorpanandal B.O,B.O,Delivery,Chengam,Tiruvannamalai
606706,Sathanur B.O,B.O,Delivery,Chengam,Tiruvannamalai
606706,Sathanurdam S.O,S.O,Delivery,Chengam,Tiruvannamalai
606706,Veppurchekkadi B.O,B.O,Delivery,Chengam,Tiruvannamalai
606707,Edathanur B.O,B.O,Delivery,Chengam,Tiruvannamalai
606707,Kilsirupakkam B.O,B.O,Delivery,Chengam,Tiruvannamalai
606707,Kilvanakkambadi B.O,B.O,Delivery,Chengam,Tiruvannamalai
606707,Radhapuram B.O,B.O,Delivery,Chengam,Tiruvannamalai
606707,Tandarampattu S.O,S.O,Delivery,Chengam,Tiruvannamalai
606707,Taradapattu B.O,B.O,Delivery,Chengam,Tiruvannamalai
606707,Thenmudiyanur B.O,B.O,Delivery,Chengam,Tiruvannamalai
606708,Athipadi B.O,B.O,Delivery,Chengam,Tiruvannamalai
606708,Bhimarapatti B.O,B.O,Delivery,Chengam,Tiruvannamalai
606708,Chinnaimpettai B.O,B.O,Delivery,Chengam,Tiruvannamalai
606708,Kuttar B.O,B.O,Delivery,Chengam,Tiruvannamalai
606708,Malamanjanur B.O,B.O,Delivery,Chengam,Tiruvannamalai
606708,Mottakkal B.O,B.O,Delivery,NA,Tiruvannamalai
606708,Narayanakuppam B.O,B.O,Delivery,Chengam,Tiruvannamalai
606708,P Quilam B.O,B.O,Delivery,Chengam,Tiruvannamalai
606708,Perunkolathur B.O,B.O,Delivery,Chengam,Tiruvannamalai
606708,Pudur Chekkadi B.O,B.O,Delivery,Chengam,Tiruvannamalai
606708,Rayandapuram B.O,B.O,Delivery,Chengam,Tiruvannamalai
606708,Reddiarpalayam B.O,B.O,Delivery,Chengam,Tiruvannamalai
606708,Tanipadi S.O,S.O,Delivery,Chengam,Tiruvannamalai
606708,Tiruvadathanur B.O,B.O,Delivery,Chengam,Tiruvannamalai
606709,Arattavadi B.O,B.O,Delivery,Chengam,Tiruvannamalai
606709,Kariamangalam B.O,B.O,Delivery,Chengam,Tiruvannamalai
606709,Melpuludiyur B.O,B.O,Delivery,Chengam,Tiruvannamalai
606709,Nachipattu B.O,B.O,Delivery,Chengam,Tiruvannamalai
606709,Pakkiripalayam B.O,B.O,Delivery,Chengam,Tiruvannamalai
606709,Pinjur B.O,B.O,Delivery,Chengam,Tiruvannamalai
606709,Thukkapettai S.O,S.O,Delivery,Chengam,Tiruvannamalai
606710,Kallathur B.O,B.O,Delivery,Chengam,Tiruvannamalai
606710,Kilaiyur B.O,B.O,Delivery,Chengam,Tiruvannamalai
606710,Kuppanatham B.O,B.O,Delivery,Chengam,Tiruvannamalai
606710,Kuyilam B.O,B.O,Delivery,Chengam,Tiruvannamalai
606710,Oorgoundanur B.O,B.O,Delivery,Chengam,Tiruvannamalai
606710,Paramanandal S.O,S.O,Delivery,Chengam,Tiruvannamalai
606710,Pudupattu B.O,B.O,Delivery,Chengam,Tiruvannamalai
606751,Kalasapakkam S.O,S.O,Delivery,Polur,Tiruvannamalai
606751,Kalur B.O,B.O,Delivery,Polur,Tiruvannamalai
606751,Kappalur B.O,B.O,Delivery,Polur,Tiruvannamalai
606751,Karkonam B.O,B.O,Delivery,Polur,Tiruvannamalai
606751,Kuruvimalai B.O,B.O,Delivery,Polur,Tiruvannamalai
606751,Ladavaram B.O,B.O,Delivery,Polur,Tiruvannamalai
606751,Palankoil B.O,B.O,Delivery,Polur,Tiruvannamalai
606751,Pathiyavadi B.O,B.O,Delivery,Polur,Tiruvannamalai
606751,Pundi Polur B.O,B.O,Delivery,Polur,Tiruvannamalai
606751,Thenpallipattu B.O,B.O,Delivery,Polur,Tiruvannamalai
606752,Arpakkam B.O,B.O,Delivery,Tiruvannamalai,Tiruvannamalai
606752,Kothandavadi B.O,B.O,Delivery,NA,Tiruvannamalai
606752,Mangalam S.O (Tiruvannamalai),S.O,Delivery,NA,Tiruvannamalai
606752,Nookambadi B.O,B.O,Delivery,Tiruvannamalai,Tiruvannamalai
606752,Palanandal B.O,B.O,Delivery,Tiruvannamalai,Tiruvannamalai
606752,Vallivagai B.O,B.O,Delivery,Tiruvannamalai,Tiruvannamalai
606752,Vedandavadi B.O,B.O,Delivery,Tiruvannamalai,Tiruvannamalai
606753,Allikondapattu B.O,B.O,Delivery,Tiruvannamalai,Tiruvannamalai
606753,Elayankanni B.O,B.O,Delivery,Tiruvannamalai,Tiruvannamalai
606753,Meyyur B.O,B.O,Delivery,Tiruvannamalai,Tiruvannamalai
606753,Nariyapattu B.O,B.O,Delivery,Tiruvannamalai,Tiruvannamalai
606753,Palayanur B.O,B.O,Delivery,Tiruvannamalai,Tiruvannamalai
606753,Perunthuraipattu B.O,B.O,Delivery,Tiruvannamalai,Tiruvannamalai
606753,Serpapattu B.O,B.O,Delivery,Tiruvannamalai,Tiruvannamalai
606753,Thenkarimbalur B.O,B.O,Delivery,Tiruvannamalai,Tiruvannamalai
606753,Valavachanur B.O,B.O,Delivery,Tiruvannamalai,Tiruvannamalai
606753,Vanapuram S.O,S.O,Delivery,Tiruvannamalai,Tiruvannamalai
606753,Varagur B.O,B.O,Delivery,Tiruvannamalai,Tiruvannamalai
606753,Velayampakkam B.O,B.O,Delivery,Tiruvannamalai,Tiruvannamalai
606754,Kallayee Sorathur B.O,B.O,Delivery,Vandavasi,Tiruvannamalai
606754,Naraiyur B.O,B.O,Delivery,Tiruvannamalai,Tiruvannamalai
606754,Neivanatham B.O,B.O,Delivery,Tiruvannamalai,Tiruvannamalai
606754,Olaipadi B.O,B.O,Delivery,Tiruvannamalai,Tiruvannamalai
606754,Palavalam B.O,B.O,Delivery,Tiruvannamalai,Tiruvannamalai
606754,Vaipur B.O,B.O,Delivery,Tiruvanamalai,Tiruvannamalai
606754,Vettavalam S.O,S.O,Delivery,Tiruvannamalai,Tiruvannamalai
606755,Avur S.O,S.O,Delivery,Tiruvannamalai Taluk,Tiruvannamalai
606755,Chellankuppam B.O,B.O,Delivery,Tiruvannamalai,Tiruvannamalai
606755,Gudalur B.O,B.O,Delivery,Tiruvannamalai,Tiruvannamalai
606755,Kilkarippur B.O,B.O,Delivery,Tiruvannamalai,Tiruvannamalai
606755,Konalur B.O,B.O,Delivery,Tiruvannamalai,Tiruvannamalai
606755,Kulathur B.O,B.O,Delivery,Tiruvannamalai,Tiruvannamalai
606755,Rajapalayam B.O,B.O,Delivery,Tiruvnamalai,Tiruvannamalai
606755,Sanipundi B.O,B.O,Delivery,Tvmalai,Tiruvannamalai
606801,Chettupattu Polur S.O,S.O,Delivery,Vandavasi,Tiruvannamalai
606801,Maruthuvambadi B.O,B.O,Delivery,Polur,Tiruvannamalai
606801,Morakaniyanur B.O,B.O,Delivery,Polur,Tiruvannamalai
606801,Palampettai B.O,B.O,Non-Delivery,Vandavasi,Tiruvannamalai
606801,Ulagampattu B.O,B.O,Delivery,Polur,Tiruvannamalai
606802,Devanampattu B.O,B.O,Delivery,Tiruvannamalai,Tiruvannamalai
606802,Maruthuvambadi B.O,B.O,Delivery,Tiruvannamalai,Tiruvannamalai
606802,Nayudumangalam S.O,S.O,Delivery,Tiruvannamalai,Tiruvannamalai
606802,Northampoondi B.O,B.O,Delivery,Tiruvannamalai,Tiruvannamalai
606802,Periyakilambadi B.O,B.O,Delivery,Tiruvannamalai,Tiruvannamalai
606802,Porkunam B.O,B.O,Delivery,Tiruvannamalai,Tiruvannamalai
606802,Sorakulathur B.O,B.O,Delivery,Tiruvananmalai,Tiruvannamalai
606802,Thennagaram B.O,B.O,Delivery,Tiruvannamaali,Tiruvannamalai
606802,Veluganandal B.O,B.O,Delivery,Tiruvannamaali,Tiruvannamalai
606803,Athimoor Tindivanam B.O,B.O,Delivery,Polur,Tiruvannamalai
606803,Kangeyanur B.O,B.O,Delivery,Polur,Tiruvannamalai
606803,Karapundi B.O,B.O,Delivery,Polur,Tiruvannamalai
606803,Mambattu B.O,B.O,Delivery,Polur,Tiruvannamalai
606803,Murugapadi B.O,B.O,Delivery,Polur,Tiruvannamalai
606803,Pelasur B.O,B.O,Delivery,Polur,Tiruvannamalai
606803,Periagaram B.O,B.O,Delivery,Polur,Tiruvannamalai
606803,Polur S.O (Tiruvannamalai),S.O,Delivery,Polur,Tiruvannamalai
606803,Polur Town S.O,S.O,Non-Delivery,Polur,Tiruvannamalai
606803,Potharai B.O,B.O,Delivery,Polur,Tiruvannamalai
606803,R.Kunnathur B.O,B.O,Delivery,Polur,Tiruvannamalai
606803,Sanikkavadi B.O,B.O,Delivery,Polur,Tiruvannamalai
606803,Sengunam B.O,B.O,Delivery,Polur,Tiruvannamalai
606803,Thumbakkadu B.O,B.O,Delivery,Polur,Tiruvannamalai
606803,Tirusur B.O,B.O,Delivery,Polur,Tiruvannamalai
606803,Vasur B.O,B.O,Delivery,Polur,Tiruvannamalai
606804,Andampallam B.O,B.O,Delivery,Tiruvannamalai,Tiruvannamalai
606804,Gangapattu B.O,B.O,Delivery,Tiruvannamalai,Tiruvannamalai
606804,Isukkalikatteri B.O,B.O,Delivery,Tiruvannamalai,Tiruvannamalai
606804,Kadagaman B.O,B.O,Delivery,Tiruvannamalai,Tiruvannamalai
606804,Kattumalayanur B.O,B.O,Delivery,Tiruvannamalai,Tiruvannamalai
606804,Madurampattu B.O,B.O,Delivery,Tiruvannamalai,Tiruvannamalai
606804,Tandarai S.O,S.O,Delivery,Tiruvananamalai,Tiruvannamalai
606805,Kalasthambadi B.O,B.O,Delivery,Tiruvananamalai,Tiruvannamalai
606805,Kolakkaravadi B.O,B.O,Delivery,Tiruvannamalai,Tiruvannamalai
606805,Mallavadi B.O,B.O,Delivery,Tiruvannamalai,Tiruvannamalai
606805,Turinjapuram S.O,S.O,Delivery,Tiruvannamalai,Tiruvannamalai
606806,Arudirapattu B.O,B.O,Delivery,Tiruvannamalai,Tiruvannamalai
606806,Chinnakallapadi B.O,B.O,Delivery,Tiruvannamalai,Tiruvannamalai
606806,Devanur B.O,B.O,Delivery,NA,Tiruvannamalai
606806,Pavithiram S.O,S.O,Delivery,Tiruvannamalai,Tiruvannamalai
606806,Perumanam B.O,B.O,Delivery,Tiruannamalai,Tiruvannamalai
606806,Su Valavetti B.O,B.O,Delivery,Tiruvannamalai,Tiruvannamalai
606806,Veraiyur B.O,B.O,Delivery,Tiruvannamalai,Tiruvannamalai
606807,Arasampattu B.O,B.O,Delivery,Vandavasi,Tiruvannamalai
606807,Melathangal B.O,B.O,Delivery,Vandavasi,Tiruvannamalai
606807,Nedungunam S.O,S.O,Delivery,Vandavasi,Tiruvannamalai
606807,Veppambattu B.O,B.O,Delivery,Vandavasi,Tiruvannamalai
606808,Aradapattu B.O,B.O,Delivery,Thandrampattu,Tiruvannamalai
606808,Kattampoondi S.O,S.O,Delivery,Thandrampattu,Tiruvannamalai
606808,Kolakudi B.O,B.O,Delivery,Thandrampattu,Tiruvannamalai
606808,Parayampattu B.O,B.O,Delivery,Tiruvannamalai,Tiruvannamalai
606808,Su. Andapattu B.O,B.O,Delivery,Thandrampattu,Tiruvannamalai
606808,Su. Pappambadi B.O,B.O,Delivery,Thandrampattu,Tiruvannamalai
606811,Thachampattu S.O,S.O,Delivery,Tiruvannamalai,Tiruvannamalai
606901,Adamangalam S.O,S.O,Delivery,Polur,Tiruvannamalai
606901,Gangavaram B.O,B.O,Delivery,Polur,Tiruvannamalai
606901,Kanthapalayam B.O,B.O,Delivery,Polur,Tiruvannamalai
606901,Kettavarampalayam B.O,B.O,Delivery,Polur,Tiruvannamalai
606901,Kidampalayam B.O,B.O,Delivery,Polur,Tiruvannamalai
606901,Melsolankuppam B.O,B.O,Delivery,Polur,Tiruvannamalai
606901,Viralur B.O,B.O,Delivery,Polur,Tiruvannamalai
606902,Athurai B.O,B.O,Delivery,Arni,Tiruvannamalai
606902,Budamangalam B.O,B.O,Delivery,Arni,Tiruvannamalai
606902,Devikapuram S.O,S.O,Delivery,Arni,Tiruvannamalai
606902,Mansurabad B.O,B.O,Delivery,Arni,Tiruvannamalai
606902,Modaiyur B.O,B.O,Delivery,Arni,Tiruvannamalai
606902,Nambedu B.O,B.O,Delivery,Arni,Tiruvannamalai
606902,Narasingapuram B.O,B.O,Delivery,Arni,Tiruvannamalai
606902,Sevarapundi B.O,B.O,Delivery,Arni,Tiruvannamalai
606902,Thatchambadi B.O,B.O,Delivery,Arni,Tiruvannamalai
606902,Thumbur B.O,B.O,Delivery,Arni,Tiruvannamalai
606903,Kalambur S.O,S.O,Delivery,NA,Tiruvannamalai
606903,Kalvasal B.O,B.O,Delivery,Polur,Tiruvannamalai
606903,Kamakkur B.O,B.O,Delivery,Polur,Tiruvannamalai
606903,Kasthambadi B.O,B.O,Delivery,Polur,Tiruvannamalai
606903,Mukkurumbai B.O,B.O,Delivery,Polur,Tiruvannamalai
606903,Nadukuppam B.O,B.O,Delivery,Polur,Tiruvannamalai
606903,Pulavanpadi B.O,B.O,Delivery,Polur,Tiruvannamalai
606903,Pungambadi B.O,B.O,Delivery,Polur,Tiruvannamalai
606904,Allialamangalam B.O,B.O,Delivery,Polur,Tiruvannamalai
606904,Mandakolathur S.O,S.O,Delivery,Polur,Tiruvannamalai
606904,Padagam B.O,B.O,Delivery,Polur,Tiruvannamalai
606904,Pulivanandal B.O,B.O,Delivery,Polur,Tiruvannamalai
606904,Semmiyamangalam B.O,B.O,Delivery,Polur,Tiruvannamalai
606904,Vilapakkam B.O,B.O,Delivery,Polur,Tiruvannamalai
606905,A K Padavedu B.O,B.O,Delivery,Polur,Tiruvannamalai
606905,Arjunapuram B.O,B.O,Delivery,Polur,Tiruvannamalai
606905,Kesavapuram B.O,B.O,Delivery,Polur,Tiruvannamalai
606905,Krishnapuram B.O,B.O,Delivery,Polur,Tiruvannamalai
606905,Ramanathapuram B.O,B.O,Delivery,Polur,Tiruvannamalai
606905,Santhavasal S.O,S.O,Delivery,Polur,Tiruvannamalai
606905,Vellur B.O,B.O,Delivery,Polur,Tiruvannamalai
606906,Elathur B.O,B.O,Delivery,Polur,Tiruvannamalai
606906,Siruvallur B.O,B.O,Delivery,Polur,Tiruvannamalai
606906,Vilvarani S.O,S.O,Delivery,Polur,Tiruvannamalai
606907,Athuvambadi B.O,B.O,Delivery,Polur,Tiruvannamalai
606907,Ettivadi B.O,B.O,Delivery,Polur,Tiruvannamalai
606907,Gudalur B.O,B.O,Delivery,Polur,Tiruvannamalai
606907,Kelur B.O,B.O,Delivery,Polur,Tiruvannamalai
606907,Saduperipalayam B.O,B.O,Delivery,Polur,Tiruvannamalai
606907,Tirumalai B.O,B.O,Delivery,Polur,Tiruvannamalai
606907,Vadamadimangalam S.O,S.O,Delivery,Polur,Tiruvannamalai
606908,Banambattu B.O,B.O,Delivery,Polur,Tiruvannamalai
606908,Kadaladi S.O (Tiruvannamalai),S.O,Delivery,Polur,Tiruvannamalai
606908,Kilpalur B.O,B.O,Delivery,Polur,Tiruvannamalai
606908,Thenmahadevamangalam B.O,B.O,Delivery,Polur,Tiruvannamalai
607001,Cuddalore Court Buildings S.O,S.O,Non-Delivery,Cuddalore,Cuddalore
607001,Cuddalore H.O,H.O,Delivery,Cuddalore,Cuddalore
607001,Cuddalore Public Offices S.O,S.O,Non-Delivery,Cuddalore,Cuddalore
607001,Fort St.David S.O,S.O,Non-Delivery,Cuddalore,Cuddalore
607001,Manjakkuppam S.O,S.O,Non-Delivery,Cuddalore,Cuddalore
607001,Semmandalam S.O,S.O,Non-Delivery,Cuddalore,Cuddalore
607002,Tirupadiripuliyur S.O,S.O,Delivery,Cuddalore,Cuddalore
607002,Tiruppadiripuliyur Bazaar S.O,S.O,Non-Delivery,Cuddalore,Cuddalore
607002,Tiruppadiripuliyur West S.O,S.O,Non-Delivery,Cuddalore,Cuddalore
607003,Akkarai Gori B.O,B.O,Non-Delivery,Cuddalore,Cuddalore
607003,Annavalli B.O,B.O,Delivery,Cuddalore,Cuddalore
607003,Cuddalore Old Town S.O,S.O,Delivery,Cuddalore,Cuddalore
607003,Cuddalore Ot Bazaar S.O,S.O,Non-Delivery,Cuddalore,Cuddalore
607003,Cuddalore Port S.O,S.O,Non-Delivery,Cuddalore,Cuddalore
607003,Kodukkanpalayam B.O,B.O,Delivery,Cuddalore,Cuddalore
607003,Pachayankuppam B.O,B.O,Delivery,Cuddalore,Cuddalore
607003,Ramapuram B.O,B.O,Delivery,Cuddalore,Cuddalore
607003,Sedapalayam B.O,B.O,Delivery,Cuddalore,Cuddalore
607003,Sellankuppam B.O,B.O,Non-Delivery,Cuddalore,Cuddalore
607003,Valisodanaipalayam B.O,B.O,Delivery,Cuddalore,Cuddalore
607003,Vasantharayanpalayam B.O,B.O,Non-Delivery,Cuddalore,Cuddalore
607003,Vellakarai B.O,B.O,Delivery,Cuddalore,Cuddalore
607004,M.Pudur B.O,B.O,Delivery,Cuddalore,Cuddalore
607004,Sathankuppam B.O,B.O,Delivery,Cuddalore,Cuddalore
607004,Vandipalayam S.O,S.O,Delivery,Cuddalore,Cuddalore
607005,Capperquary B.O,B.O,Delivery,Cuddalore,Cuddalore
607005,Poondiyankuppam B.O,B.O,Delivery,Cuddalore,Cuddalore
607005,Sangolikuppam B.O,B.O,Delivery,Cuddalore,Cuddalore
607005,Sipcot Cuddalore S.O,S.O,Delivery,Cuddalore,Cuddalore
607006,Gundu Uppalavadi B.O,B.O,Delivery,Cuddalore,Cuddalore
607006,Kondur S.O,S.O,Delivery,Cuddalore,Cuddalore
607006,Suba Uppalavadi B.O,B.O,Delivery,Cuddalore,Cuddalore
607101,Alagaperumalkuppam B.O,B.O,Delivery,Panruti,Cuddalore
607101,Anathur S.O,S.O,Delivery,Panruti,Villupuram
607101,Aviyanur B.O,B.O,Delivery,Panruti,Cuddalore
607101,Kudimiyankuppam B.O,B.O,Delivery,Panruti,Cuddalore
607101,Manamthavizhnthaputhur B.O,B.O,Delivery,Panruti,Cuddalore
607101,Melthaniyalampattu B.O,B.O,Delivery,Panruti,Villupuram
607101,Natham B.O,B.O,Delivery,Panruti,Cuddalore
607101,Pythambadi B.O,B.O,Delivery,Panruti,Cuddalore
607101,Sirugramam B.O,B.O,Delivery,Panruti,Cuddalore
607101,Somasipalayam B.O,B.O,Delivery,Panruti,Villupuram
607101,Veerraperumanallur B.O,B.O,Delivery,Panruti,Cuddalore
607102,Badrakottai B.O,B.O,Delivery,Panruti,Cuddalore
607102,Chinnapanaickenpalayam S.O,S.O,Delivery,Panruti,Cuddalore
607102,Edayarkuppam B.O,B.O,Delivery,Panruti,Cuddalore
607102,N.Moolakuppam B.O,B.O,Delivery,Panruti,Cuddalore
607102,Naduveerappattu B.O,B.O,Delivery,Panruti,Cuddalore
607102,Pallavarayanatham B.O,B.O,Delivery,Panruti,Cuddalore
607102,Palur B.O,B.O,Delivery,Panruti,Cuddalore
607102,Silambinathanpettai B.O,B.O,Delivery,Panruti,Cuddalore
607103,Arasadikkuppam B.O,B.O,Delivery,Panruti,Cuddalore
607103,Kadambuliyur S.O,S.O,Delivery,Panruti,Cuddalore
607103,Kiliruppu B.O,B.O,Delivery,Panruti,Cuddalore
607103,Marungur B.O,B.O,Delivery,Panruti,Cuddalore
607103,Melmampattu B.O,B.O,Delivery,Panruti,Cuddalore
607103,Nadukkuppam B.O,B.O,Delivery,Panruti,Cuddalore
607103,Siruthondamadevi B.O,B.O,Delivery,Panruti,Cuddalore
607104,Elumedu B.O,B.O,Delivery,Panruti,Cuddalore
607104,Kalinjikuppam B.O,B.O,Delivery,Panruti,Cuddalore
607104,Kongarayanur B.O,B.O,Delivery,Panruti,Cuddalore
607104,Melpattambakkam S.O,S.O,Delivery,Panruti,Cuddalore
607104,Perumalnaickenpalayam B.O,B.O,Delivery,Panruti,Cuddalore
607104,Sornavur Melpathi B.O,B.O,Delivery,Panruti,Cuddalore
607105,Gudithangi B.O,B.O,Non-Delivery,Cuddalore,Cuddalore
607105,Kilarungunam B.O,B.O,Delivery,Cuddalore,Cuddalore
607105,Nellikkuppam S.O,S.O,Delivery,Panruti,Cuddalore
607105,Nellikuppam Bazaar S.O,S.O,Non-Delivery,Panruti,Cuddalore
607105,Sholavalli B.O,B.O,Non-Delivery,Cuddalore,Cuddalore
607105,Tirukandeeswaram B.O,B.O,Non-Delivery,Cuddalore,Cuddalore
607105,Vanamadevi B.O,B.O,Delivery,Cuddalore,Cuddalore
607105,Vanpakkam B.O,B.O,Delivery,Cuddalore,Cuddalore
607106,Anguchettipalayam B.O,B.O,Delivery,Panruti,Cuddalore
607106,Kanisapakkam B.O,B.O,Delivery,Panruti,Cuddalore
607106,Kilmampattu B.O,B.O,Delivery,Panruti,Cuddalore
607106,Lakshminarayanapuram B.O,B.O,Delivery,Panruti,Cuddalore
607106,Maligampattu B.O,B.O,Delivery,Panruti,Cuddalore
607106,Panikuppam B.O,B.O,Delivery,Panruti,Cuddalore
607106,Panruti East S.O,S.O,Non-Delivery,Panruti,Cuddalore
607106,Panruti S.O,S.O,Delivery,Panruti,Cuddalore
607106,Panruti West S.O,S.O,Non-Delivery,Panruti,Cuddalore
607106,Sathipattu B.O,B.O,Delivery,Panruti,Cuddalore
607106,Semmedu B.O,B.O,Delivery,Panruti,Cuddalore
607106,Semokottai B.O,B.O,Delivery,Panruti,Cuddalore
607106,Siruvathur B.O,B.O,Delivery,Panruti,Cuddalore
607106,Tiruvamur B.O,B.O,Delivery,Panruti,Cuddalore
607107,Arasur B.O,B.O,Delivery,Ulundurpet,Villupuram
607107,Arumpattu B.O,B.O,Delivery,Ulundurpet,Villupuram
607107,Enathimangalam B.O,B.O,Delivery,Ulundurpet,Villupuram
607107,Eruvelipattu B.O,B.O,Delivery,Ulundurpet,Villupuram
607107,Perangiyur S.O,S.O,Delivery,Ulundurpet,Villupuram
607107,Semmar B.O,B.O,Delivery,Ulundurpet,Villupuram
607107,Sithanangur B.O,B.O,Delivery,Ulundurpet,Villupuram
607107,Valayampattu B.O,B.O,Delivery,Ulundurpet,Villupuram
607108,Bandarakottai B.O,B.O,Delivery,Panruti,Cuddalore
607108,Enathirimangalam B.O,B.O,Delivery,Panruti,Cuddalore
607108,Karumbur B.O,B.O,Delivery,Panruti,Cuddalore
607108,Oraiyur B.O,B.O,Delivery,Panruti,Cuddalore
607108,Puthupet (CDL) S.O,S.O,Delivery,Panruti,Cuddalore
607109,Alaginatham B.O,B.O,Delivery,Cuddalore,Cuddalore
607109,Gunamangalam B.O,B.O,Delivery,Cuddalore,Cuddalore
607109,Kalaiyur B.O,B.O,Delivery,Cuddalore,Cuddalore
607109,Marudadu B.O,B.O,Delivery,Cuddalore,Cuddalore
607109,Nathapattu B.O,B.O,Delivery,Cuddalore,Cuddalore
607109,Varakalpattu S.O,S.O,Delivery,Cuddalore,Cuddalore
607109,Vellapakkam B.O,B.O,Delivery,Cuddalore,Cuddalore
607112,Kilkavarappattu S.O,S.O,Delivery,Panruti,Cuddalore
607112,Maligaimedu B.O,B.O,Delivery,Panruti,Cuddalore
607112,Melkavrapattu B.O,B.O,Delivery,Panruti,Cuddalore
607112,Pagandai B.O,B.O,Delivery,Panruti,Cuddalore
607201,Adaiyur B.O,B.O,Delivery,Ulundurpettai,Villupuram
607201,Ellaigramam B.O,B.O,Delivery,Ulundurpet,Villupuram
607201,Eraiyur S.O (Villupuram),S.O,Delivery,Ulundurpet,Villupuram
607201,Kunjaram B.O,B.O,Delivery,Ulundurpet,Tiruchirappalli
607201,Kuvadu B.O,B.O,Delivery,Ulundurpet,Villupuram
607201,Pallavadi B.O,B.O,Delivery,Ulundurpet,Villupuram
607201,Periyakurukkai B.O,B.O,Delivery,Ulundurpet,Villupuram
607202,Elavanasur S.O,S.O,Delivery,Ulundurpettai,Villupuram
607202,Pinnalavadi B.O,B.O,Delivery,Ulundurpet,Villupuram
607202,Pu-malayanur B.O,B.O,Delivery,Ulundurpet,Villupuram
607202,Pugaipatti B.O,B.O,Delivery,Ulundurpet,Villupuram
607202,Sembiamadevi B.O,B.O,Delivery,Ulundurpet,Villupuram
607203,Emappur B.O,B.O,Delivery,Tirukkoyilur,Villupuram
607203,Gramam B.O,B.O,Delivery,Tirukkoyilur,Villupuram
607203,Kannarampattu B.O,B.O,Delivery,Tirukkoyilur,Villupuram
607203,Kongarayanur B.O,B.O,Delivery,Tirukkoyilur,Villupuram
607203,Marangiyur B.O,B.O,Delivery,Tirukkoyilur,Villupuram
607203,Paiyur B.O,B.O,Delivery,Tirukkoyilur,Villupuram
607203,Sirumadurai B.O,B.O,Delivery,Tirukkoyilur,Villupuram
607203,T  . Edayar B.O,B.O,Delivery,Tirukkoyilur,Villupuram
607203,Thaduthatkondur B.O,B.O,Delivery,Tirukkoyilur,Villupuram
607203,Tiruvennainallur S.O,S.O,Delivery,Tirukkoyilur,Villupuram
607204,Eswarakandanallur B.O,B.O,Delivery,Ulundurpet,Villupuram
607204,Irundai B.O,B.O,Delivery,Ulundurpet,Villupuram
607204,Kizakkumarudur B.O,B.O,Delivery,Ulundurpet,Villupuram
607204,Madapattu B.O,B.O,Delivery,Ulundurpet,Villupuram
607204,Parikkal B.O,B.O,Delivery,Ulundurpet,Villupuram
607204,Periyakuppam B.O,B.O,Delivery,Ulundurpettai,Villupuram
607204,Perumbakkam B.O,B.O,Delivery,Ulundurpet,Villupuram
607204,Sendamangalam B.O,B.O,Delivery,Ulundurpet,Villupuram
607204,Sendanadu B.O,B.O,Delivery,Ulundurpet,Villupuram
607204,Tirunavalur S.O,S.O,Delivery,Ulundurpet,Villupuram
607204,Vanampattu B.O,B.O,Delivery,Ulundurpet,Villupuram
607205,Akkadavalli B.O,B.O,Delivery,Panruti,Cuddalore
607205,Kandrakottai B.O,B.O,Delivery,Panruti,Cuddalore
607205,Kattamuthupalayam B.O,B.O,Delivery,Panruti,Cuddalore
607205,Kumaramangalam B.O,B.O,Delivery,Panruti,Cuddalore
607205,Pulavanur B.O,B.O,Delivery,Panruti,Cuddalore
607205,Thattampalayam B.O,B.O,Delivery,Panruti,Cuddalore
607205,Tiruthuraiyur S.O,S.O,Delivery,Panruti,Cuddalore
607205,Varinjipakkam B.O,B.O,Delivery,Panruti,Cuddalore
607209,Amur B.O,B.O,Delivery,Tirukkoyilur,Villupuram
607209,Manakuppam B.O,B.O,Delivery,Tirukkoyilur,Villupuram
607209,Pavandur B.O,B.O,Delivery,Tirukkoyilur,Villupuram
607209,Periyasevalai S.O,S.O,Delivery,Tirukkoyilur,Villupuram
607209,Saravanapakkam B.O,B.O,Delivery,Tirukkoyilur,Villupuram
607209,T  . Kolathur B.O,B.O,Delivery,Tirukkoyilur,Villupuram
607301,Ambalavananpettai B.O,B.O,Delivery,Cuddalore,Cuddalore
607301,Anukkampattu B.O,B.O,Delivery,Cuddalore,Cuddalore
607301,Ayikuppam B.O,B.O,Delivery,Cuddalore,Cuddalore
607301,Krishnankuppam B.O,B.O,Delivery,Cuddalore,Cuddalore
607301,Kullanchavadi S.O,S.O,Delivery,Cuddalore,Cuddalore
607301,Kundiyamallur B.O,B.O,Delivery,Cuddalore,Cuddalore
607301,Madanagopalapuram B.O,B.O,Delivery,Cuddalore,Cuddalore
607301,Puliyur B.O,B.O,Delivery,Panruti,Cuddalore
607301,Samattikuppam B.O,B.O,Delivery,Cuddalore,Cuddalore
607301,Subramaniyapuram B.O,B.O,Delivery,Cuddalore,Cuddalore
607301,T.Palayam B.O,B.O,Delivery,Cuddalore,Cuddalore
607301,Thondamanatham B.O,B.O,Delivery,Cuddalore,Cuddalore
607301,Valudalampattu B.O,B.O,Delivery,Cuddalore,Cuddalore
607301,Vasanankuppam B.O,B.O,Delivery,Cuddalore,Cuddalore
607302,Adur Agaram B.O,B.O,Delivery,Cuddalore,Cuddalore
607302,Arangamangalam B.O,B.O,Delivery,Cuddalore,Cuddalore
607302,Chinnakannadi B.O,B.O,Delivery,Cuddalore,Cuddalore
607302,Guruvappanpettai B.O,B.O,Delivery,Cuddalore,Cuddalore
607302,Kalkunam B.O,B.O,Delivery,Cuddalore,Cuddalore
607302,Kilur B.O,B.O,Delivery,Cuddalore,Cuddalore
607302,Kurinjipadi S.O,S.O,Delivery,Cuddalore,Cuddalore
607302,Pethanaickenkuppam B.O,B.O,Delivery,Cuddalore,Cuddalore
607302,Vehakollai B.O,B.O,Delivery,Cuddalore,Cuddalore
607302,Venkatampettai B.O,B.O,Delivery,Cuddalore,Cuddalore
607302,Virupakshi B.O,B.O,Delivery,Cuddalore,Cuddalore
607303,Karunguli B.O,B.O,Delivery,Panruti,Cuddalore
607303,Maruvai B.O,B.O,Delivery,Panruti,Cuddalore
607303,Moolakuppam B.O,B.O,Delivery,Panruti,Cuddalore
607303,Serakuppam B.O,B.O,Non-Delivery,Panruti,Cuddalore
607303,Vadakuthu B.O,B.O,Delivery,Panruti,Cuddalore
607303,Vadalur S.O,S.O,Delivery,Panruti,Cuddalore
607303,Vanathirayapuram B.O,B.O,Delivery,Panruti,Cuddalore
607308,Gandhi Nagar S.O (Cuddalore),S.O,Delivery,Cuddalore,Cuddalore
607401,Padirikuppam B.O,B.O,Delivery,Cuddalore,Cuddalore
607401,Sundaravandi B.O,B.O,Delivery,Cuddalore,Cuddalore
607401,Tirumanikuzhi B.O,B.O,Delivery,Cuddalore,Cuddalore
607401,Tiruvendhipuram S.O,S.O,Delivery,Cuddalore,Cuddalore
607402,Thokkanambakkam B.O,B.O,Delivery,Cuddalore,Cuddalore
607403,Reddichavadi B.O,B.O,Delivery,Cuddalore,Cuddalore
607801,"Block 1, Neyveli S.O",S.O,Non-Delivery,Virudhachalam,Cuddalore
607801,"Block 10,neyveli S.O",S.O,Non-Delivery,Virudhachalam,Cuddalore
607801,"Block 24, Neyveli S.O",S.O,Non-Delivery,Virudhachalam,Cuddalore
607801,Neyveli 1 S.O,S.O,Delivery,Virudhachalam,Cuddalore
607802,A.Kuravankuppam B.O,B.O,Delivery,Virudhachalam,Cuddalore
607802,Ammeri B.O,B.O,Delivery,Panruti,Cuddalore
607802,Kottagam B.O,B.O,Delivery,Panruti,Cuddalore
607802,Melakolakudi B.O,B.O,Delivery,Panruti,Cuddalore
607802,Melakuppam B.O,B.O,Delivery,Panruti,Cuddalore
607802,Mettukkuppam B.O,B.O,Delivery,Panruti,Cuddalore
607802,Neyveli 2 S.O,S.O,Delivery,Panruti,Cuddalore
607802,Neyveli Second Mines S.O,S.O,Non-Delivery,Virudhachalam,Cuddalore
607802,Periyakappankulam B.O,B.O,Delivery,Panruti,Cuddalore
607802,Seplanatham B.O,B.O,Delivery,Panruti,Cuddalore
607802,Vadakkuvelur B.O,B.O,Delivery,Panruti,Cuddalore
607803,"Block 18, Neyveli S.O",S.O,Non-Delivery,Virudhachalam,Cuddalore
607803,"Block 26, Neyveli S.O",S.O,Non-Delivery,Virudhachalam,Cuddalore
607803,"Block 5, Neyveli S.O",S.O,Non-Delivery,Virudhachalam,Cuddalore
607803,Neyveli 3 S.O,S.O,Delivery,Virudhachalam,Cuddalore
607804,Kotteri B.O,B.O,Delivery,Vriddhachalam,Cuddalore
607804,Mudanai B.O,B.O,Delivery,Vriddhachalam,Cuddalore
607804,Oomangalam S.O,S.O,Delivery,Vriddhachalam,Cuddalore
607804,U  Agaram B.O,B.O,Delivery,Vriddhachalam,Cuddalore
607804,Uttangal B.O,B.O,Delivery,Vriddhachalam,Cuddalore
607805,Iruppu B.O,B.O,Delivery,Panruti,Cuddalore
607805,Kattugudalur B.O,B.O,Delivery,Panruti,Cuddalore
607805,Kilkangeyankuppam B.O,B.O,Delivery,Panruti,Cuddalore
607805,Mudapuli B.O,B.O,Delivery,Panruti,Cuddalore
607805,Odappankuppam B.O,B.O,Delivery,Panruti,Villupuram
607805,Perperiyankuppam S.O,S.O,Delivery,Panruti,Cuddalore
607805,Sorathur B.O,B.O,Delivery,Panruti,Cuddalore
607805,Vallam B.O,B.O,Delivery,Panruti,Cuddalore
607805,Visoor B.O,B.O,Delivery,Panruti,Cuddalore
607807,"Block 29, Neyveli S.O",S.O,Delivery,Virudhachalam,Cuddalore
607807,Neyveli Ii Thermal Station S.O,S.O,Non-Delivery,Virudhachalam,Cuddalore
607807,Neyveli Thermal Bus Stand S.O,S.O,Non-Delivery,Virudhachalam,Cuddalore
608001,Chidambaram East S.O,S.O,Non-Delivery,NA,Cuddalore
608001,Chidambaram H.O,H.O,Delivery,NA,Cuddalore
608001,Chidambaram North B.O,B.O,Non-Delivery,Chidambaram North,Cuddalore
608001,Chidambaram West S.O,S.O,Non-Delivery,NA,Cuddalore
608001,Muthukamatchithottam B.O,B.O,Non-Delivery,Chidambaram North,Cuddalore
608002,Annamalai University S.O,S.O,Non-Delivery,Chidambaram,Cuddalore
608002,Annamalainagar S.O,S.O,Delivery,Chidambaram,Cuddalore
608002,Gavarappattu B.O,B.O,Delivery,Chidambaram,Cuddalore
608002,Jayankondapattinam B.O,B.O,Delivery,Chidambaram,Cuddalore
608002,Kodiyampalayam B.O,B.O,Delivery,Chidambaram,Cuddalore
608002,Kovilampoondi B.O,B.O,Delivery,Chidambaram,Cuddalore
608002,Nakkaravanthankudi B.O,B.O,Delivery,Chidambaram,Cuddalore
608002,Perampattu B.O,B.O,Delivery,Chidambaram,Cuddalore
608002,Pichavaram B.O,B.O,Delivery,Chidambaram,Cuddalore
608002,Sivapuri B.O,B.O,Delivery,NA,Cuddalore
608002,Uthamacholamangalam B.O,B.O,Delivery,Chidambaram,Cuddalore
608102,C.Mutlur B.O,B.O,Delivery,Chidambaram,Cuddalore
608102,Keelamoongiladi B.O,B.O,Delivery,Chidambaram,Cuddalore
608102,Keelanuvampattu B.O,B.O,Delivery,Chidambaram,Cuddalore
608102,Killai S.O,S.O,Delivery,Chidambaram,Cuddalore
608102,Nanjamahathuvazkai B.O,B.O,Delivery,Chidambaram,Cuddalore
608102,Pinnathur B.O,B.O,Delivery,Chidambaram,Cuddalore
608102,Ponnanthittu B.O,B.O,Delivery,Chidambaram,Cuddalore
608102,Thillaividangan B.O,B.O,Delivery,Chidambaram,Cuddalore
608201,Ayyanur Akkaramangalam B.O,B.O,Delivery,Chidambaram,Cuddalore
608201,C.Sathamangalam B.O,B.O,Delivery,Chidambaram,Cuddalore
608201,Maduranthaganallur B.O,B.O,Delivery,Chidambaram,Cuddalore
608201,Odakkanallur B.O,B.O,Delivery,Chidambaram,Cuddalore
608201,Orathur S.O,S.O,Delivery,Chidambaram,Cuddalore
608201,Pannapattu B.O,B.O,Delivery,Chidambaram,Cuddalore
608201,Paradur B.O,B.O,Delivery,Chidambaram,Cuddalore
608201,Sakkangudi B.O,B.O,Delivery,Chidambaram,Cuddalore
608201,Vakkur B.O,B.O,Delivery,Chidambaram,Cuddalore
608301,Arantangi B.O,B.O,Delivery,Kattumannarkoil,Cuddalore
608301,Kandamangalam B.O,B.O,Delivery,Kattumannarkoil,Cuddalore
608301,Karunakaranallur B.O,B.O,Delivery,Kattumannarkoil,Cuddalore
608301,Kattumannarkoil S.O,S.O,Delivery,Kattumannarkoil,Cuddalore
608301,M.Kolakudi B.O,B.O,Delivery,Kattumannarkoil,Cuddalore
608301,Melapalachanallur B.O,B.O,Delivery,Kattumannarkoil,Cuddalore
608301,Nattarmangalam B.O,B.O,Delivery,Kattumannarkoil,Cuddalore
608301,Rajendra Cholagam B.O,B.O,Delivery,Kattumannarkoil,Cuddalore
608301,Sithamalli B.O,B.O,Delivery,Kattumannarkoil,Cuddalore
608301,Udayargudi B.O,B.O,Non-Delivery,Kattumannarkoil,Cuddalore
608301,Veeranandapuram B.O,B.O,Delivery,Kattumannarkoil,Cuddalore
608302,C.Arasur B.O,B.O,Delivery,Chidambaram,Cuddalore
608302,Komaratchi S.O,S.O,Delivery,Kattumannarkoil,Cuddalore
608302,M.Puliyangudi B.O,B.O,Delivery,Chidambaram,Cuddalore
608302,Melaparuthikudi B.O,B.O,Delivery,Chidambaram,Cuddalore
608302,Melavanniyur B.O,B.O,Delivery,Chidambaram,Cuddalore
608302,Mullangudi B.O,B.O,Delivery,Chidambaram,Cuddalore
608302,Nanjalur B.O,B.O,Delivery,Chidambaram,Cuddalore
608302,Pulamedu B.O,B.O,Delivery,Chidambaram,Cuddalore
608302,Suravilandur B.O,B.O,Delivery,Chidambaram,Cuddalore
608302,Temmur B.O,B.O,Delivery,Chidambaram,Cuddalore
608302,Vannaiyur B.O,B.O,Delivery,Chidambaram,Cuddalore
608303,Elleri B.O,B.O,Delivery,NA,Cuddalore
608303,Kollimalai Kilpathi B.O,B.O,Delivery,Chidambaram,Cuddalore
608303,Kollumedu B.O,B.O,Delivery,Chidambaram,Cuddalore
608303,Lalpet S.O,S.O,Delivery,Kattumannarkoil,Cuddalore
608303,M.Odaiyur B.O,B.O,Delivery,Chidambaram,Cuddalore
608303,Maniadur B.O,B.O,Delivery,Chidambaram,Cuddalore
608303,Neyvasal B.O,B.O,Delivery,Chidambaram,Cuddalore
608303,Pillaiyarthangal B.O,B.O,Delivery,Chidambaram,Cuddalore
608303,Tirunaraiyur B.O,B.O,Delivery,Chidambaram,Cuddalore
608304,Chettithangal B.O,B.O,Delivery,Kattumannarkoil,Cuddalore
608304,Eyyalur B.O,B.O,Delivery,Kattumannarkoil,Cuddalore
608304,Kanjankollai B.O,B.O,Delivery,Kattumannarkoil,Cuddalore
608304,M.Adhanur B.O,B.O,Delivery,Kattumannarkoil,Cuddalore
608304,Melakadambur B.O,B.O,Delivery,Kattumannarkoil,Cuddalore
608304,Reddiyur S.O,S.O,Delivery,Kattumannarkoil,Cuddalore
608304,Shandan B.O,B.O,Delivery,Kattumannarkoil,Cuddalore
608304,Sirukattur B.O,B.O,Delivery,Kattumannarkoil,Cuddalore
608305,Alkondanatham B.O,B.O,Delivery,Kattumannarkoil,Cuddalore
608305,Kandakumaran B.O,B.O,Delivery,Kattumannarkoil,Cuddalore
608305,Kothavasal B.O,B.O,Delivery,Kattumannarkoil,Cuddalore
608305,Kuduveli B.O,B.O,Delivery,Kattumannarkoil,Cuddalore
608305,Mogaiyur B.O,B.O,Delivery,Kattumannarkoil,Cuddalore
608305,Perungalur B.O,B.O,Delivery,Kattumannarkoil,Cuddalore
608305,T.Nedunjeri S.O,S.O,Delivery,Kattumannarkoil,Cuddalore
608305,Terkuviruthangam B.O,B.O,Delivery,Kattumannarkoil,Cuddalore
608305,Vilagam B.O,B.O,Delivery,Kattumannarkoil,Cuddalore
608306,Ayangudi S.O,S.O,Delivery,Kattumannarkoil,Cuddalore
608306,Kunjimedu B.O,B.O,Delivery,Kattumannarkoil,Cuddalore
608306,Movur B.O,B.O,Delivery,Kattumannarkoil,Cuddalore
608306,Muttam B.O,B.O,Delivery,Kattumannarkoil,Cuddalore
608306,Omampuliyur B.O,B.O,Delivery,Kattumannarkoil,Cuddalore
608401,Ammapettai B.O,B.O,Delivery,Chidambaram,Cuddalore
608401,Athipatu B.O,B.O,Delivery,Chidabamram,Cuddalore
608401,Karuppur B.O,B.O,Delivery,Chidabamram,Cuddalore
608401,Salianthoppu B.O,B.O,Delivery,Chidabamram,Cuddalore
608401,Vadakkumangudi B.O,B.O,Delivery,Chidabamram,Cuddalore
608401,Vaiyur B.O,B.O,Delivery,Chidabamram,Cuddalore
608401,Vallampadugai S.O,S.O,Delivery,Chidambaram,Cuddalore
608501,B.Adivaraganallur B.O,B.O,Delivery,Chidambaram,Cuddalore
608501,B.Mutlur S.O,S.O,Delivery,Chidambaram,Cuddalore
608501,Kothattai B.O,B.O,Delivery,Chidambaram,Cuddalore
608501,Kuriamangalam B.O,B.O,Delivery,Chidambaram,Cuddalore
608501,Manikollai B.O,B.O,Delivery,Chidambaram,Cuddalore
608501,Manjakuli B.O,B.O,Delivery,Chidambaram,Cuddalore
608501,Periyakomatti B.O,B.O,Delivery,Chidambaram,Cuddalore
608501,Puduchatram B.O,B.O,Delivery,Chidambaram,Cuddalore
608501,Thatchakadu B.O,B.O,Delivery,Chidambaram,Cuddalore
608501,Theethampalayam B.O,B.O,Delivery,Chidambaram,Cuddalore
608501,Villiyanallur B.O,B.O,Delivery,Chidambaram,Cuddalore
608502,Agaram B.O,B.O,Non-Delivery,NA,Cuddalore
608502,Ariyakoshti B.O,B.O,Delivery,Chidambaram,Cuddalore
608502,C.Pudupettai B.O,B.O,Delivery,Chidambaram,Cuddalore
608502,Parangipettai S.O,S.O,Delivery,Chidambaram,Cuddalore
608502,Samiyarpettai B.O,B.O,Delivery,Chidambaram,Cuddalore
608601,Azhisikudi B.O,B.O,Delivery,Chidambaram,Cuddalore
608601,B.Odaiyur B.O,B.O,Delivery,Chidambaram,Cuddalore
608601,Bhuvanagiri S.O,S.O,Delivery,Chidambaram,Cuddalore
608601,Budavarayanpettai B.O,B.O,Delivery,Chidambaram,Cuddalore
608601,Kothavacheri B.O,B.O,Delivery,Chidambaram,Cuddalore
608601,Kummidimulai B.O,B.O,Delivery,Chidambaram,Cuddalore
608601,Manjakollai B.O,B.O,Delivery,Chidambaram,Cuddalore
608601,Melamanakudi B.O,B.O,Delivery,Chidambaram,Cuddalore
608601,Miralur B.O,B.O,Delivery,Chidambaram,Cuddalore
608601,Puvalai B.O,B.O,Delivery,Chidambaram,Cuddalore
608601,Sathapadi B.O,B.O,Delivery,Chidambaram,Cuddalore
608602,C.Veeracholagam B.O,B.O,Delivery,Chidambaram,Cuddalore
608602,Ennanagaram B.O,B.O,Delivery,Chidambaram,Cuddalore
608602,K.Adur B.O,B.O,Delivery,Chidambaram,Cuddalore
608602,K.Alambadi B.O,B.O,Delivery,Chidambaram,Cuddalore
608602,Keerapalayam S.O,S.O,Delivery,Chidambaram,Cuddalore
608602,Krishnapuram B.O,B.O,Delivery,Chidambaram,Cuddalore
608602,Lalpuram B.O,B.O,Delivery,Chidambaram,Cuddalore
608602,Vayalur B.O,B.O,Delivery,Chidambaram,Cuddalore
608701,Kanur B.O,B.O,Delivery,Kattumannarkoil,Cuddalore
608701,Kondasamudram B.O,B.O,Delivery,Kattummannarkoil,Cuddalore
608701,Mamangalam B.O,B.O,Delivery,Kattumannarkoil,Cuddalore
608701,Palayamkottai Melpathy B.O,B.O,Delivery,Kattumannarkoil,Cuddalore
608701,Palayamkottai(CDL) S.O,S.O,Delivery,NA,Cuddalore
608701,Perur B.O,B.O,Delivery,Kattumanarkoil,Cuddalore
608701,Pudaiyur B.O,B.O,Delivery,Kattumannarkoil,Cuddalore
608701,Ramapuram B.O,B.O,Delivery,Kattumannarkioil,Cuddalore
608701,Sholathiram B.O,B.O,Delivery,Kattmannarkoil,Cuddalore
608701,Vadakkupalayam B.O,B.O,Delivery,Kattumannarkoil,Cuddalore
608701,Valasakkadu B.O,B.O,Delivery,Kattumannarkoil,Cuddalore
608701,Vanamadevi B.O,B.O,Delivery,Kattumannarkoil,Cuddalore
608702,Agara Alambadi B.O,B.O,Delivery,Kattumannarkoil,Cuddalore
608702,Budangudi B.O,B.O,Delivery,Kattumannarkoil,Cuddalore
608702,Kavalakudi B.O,B.O,Delivery,Kattumannarkoil,Cuddalore
608702,Kumarakud B.O,B.O,Delivery,Kattumannarkoil,Cuddalore
608702,Mudikandanallur B.O,B.O,Delivery,Kattumannarkoil,Cuddalore
608702,Nandesswaramangalam B.O,B.O,Delivery,Kattumannarkoil,Cuddalore
608702,Nangudi B.O,B.O,Delivery,Kattumannarkoil,Cuddalore
608702,Sethiathope S.O,S.O,Delivery,Kattumannarkoil,Cuddalore
608702,Valakollai B.O,B.O,Delivery,Kattmannarkoil,Cuddalore
608702,Vattathur B.O,B.O,Delivery,Kattumannarkoil,Cuddalore
608702,Veeramudayanatham B.O,B.O,Delivery,Kattumannarkoil,Cuddalore
608703,Kavanur B.O,B.O,Delivery,Kattumannarkoil,Cuddalore
608703,Kozhai B.O,B.O,Delivery,Kattumannarkoil,Cuddalore
608703,Kunamangalam B.O,B.O,Delivery,Kattumannarkoil,Cuddalore
608703,Marungur B.O,B.O,Delivery,Kattumannarkoil,Cuddalore
608703,Nagarapadi B.O,B.O,Delivery,Kattumannarkoil,Cuddalore
608703,Poondi B.O,B.O,Delivery,Kattumannarkoil,Cuddalore
608703,Rajendra Pattinam B.O,B.O,Delivery,Kattumanarkoil,Cuddalore
608703,Sri Adivaraganallur B.O,B.O,Delivery,Kattumannarkoil,Cuddalore
608703,Sri Pudur B.O,B.O,Delivery,Kattumannarkoil,Cuddalore
608703,Sri Vakkaramari B.O,B.O,Non-Delivery,Kattumannarkoil,Cuddalore
608703,Srimushnam S.O,S.O,Delivery,Kattumannarkoil,Cuddalore
608703,Srinedunjeri B.O,B.O,Delivery,Kattumannarkoil,Cuddalore
608703,Sriraman B.O,B.O,Delivery,Kattumannarkoil,Ariyalur
608704,Ambapuram B.O,B.O,Delivery,Kattumannarkoil,Cuddalore
608704,B.Kolakudi B.O,B.O,Delivery,Kattmannarkoil,Cuddalore
608704,Chinnanargunam B.O,B.O,Delivery,Kattumannarkoil,Cuddalore
608704,Erumbur B.O,B.O,Delivery,Kattumannarkoil,Cuddalore
608704,Marudur B.O,B.O,Delivery,Kattumannarkoil,Cuddalore
608704,Periyanellikkollai B.O,B.O,Delivery,Kattumannarkoil,Cuddalore
608704,Pinnalur S.O,S.O,Delivery,Kattumannarkoil,Cuddalore
608704,Vadathalaikulam B.O,B.O,Delivery,Kattumannarkoil,Cuddalore
608704,Valayamadevi B.O,B.O,Delivery,Kattumannarkoil,Cuddalore
608801,Adinarayananpuram B.O,B.O,Delivery,Cuddalore,Cuddalore
608801,Alapakkam S.O,S.O,Delivery,Chidambaram,Cuddalore
608801,Andarmullipallam B.O,B.O,Delivery,Cuddalore,Cuddalore
608801,Periyakuppam B.O,B.O,Delivery,Cuddalore,Cuddalore
608801,Poochimedu B.O,B.O,Delivery,Cuddalore,Cuddalore
608801,Poovanikkuppam B.O,B.O,Delivery,Cuddalore,Cuddalore
608801,Silambimangalam B.O,B.O,Delivery,Cuddalore,Cuddalore
608801,Theerthanagiri B.O,B.O,Delivery,Cuddalore,Cuddalore
608801,Thiyagavalli B.O,B.O,Delivery,Cuddalore,Cuddalore
608901,Alagapuram B.O,B.O,Delivery,Jayamkondacholapuram,Ariyalur
608901,Attukurichi B.O,B.O,Delivery,Jayamkondacholapuram,Ariyalur
608901,Ayyur B.O,B.O,Delivery,Jayamkondacholapuram,Ariyalur
608901,Kavarapalayam S.O,S.O,Delivery,Udayarpalayam,Ariyalur
608901,Nagampandal B.O,B.O,Delivery,Udayarpalayam,Ariyalur
608901,Olaiyur B.O,B.O,Delivery,Jayamkondacholapuram,Ariyalur
608901,Rangiam B.O,B.O,Delivery,Jayamkondacholapuram,Ariyalur
608901,Silambur B.O,B.O,Delivery,Udayarpalayam,Ariyalur
609001,Dharmapuram B.O,B.O,Non-Delivery,Mayiladuthurai,Nagapattinam
609001,Koranad S.O,S.O,Non-Delivery,Mayiladuthurai,Nagapattinam
609001,Mayiladuthurai Bazaar S.O,S.O,Non-Delivery,Mayiladuthurai,Nagapattinam
609001,Mayiladuthurai Cutchery S.O,S.O,Non-Delivery,Mayiladuthurai,Nagapattinam
609001,Mayiladuthurai H.O,H.O,Delivery,Mayiladuthurai,Nagapattinam
609001,Mayiladuthurai North B.O,B.O,Non-Delivery,Mayiladuthurai,Nagapattinam
609001,Mayiladuthurai South S.O,S.O,Non-Delivery,Mayiladuthurai,Nagapattinam
609001,Nallathukudi B.O,B.O,Non-Delivery,Mayiladuthurai,Nagapattinam
609001,Pattamangalam B.O,B.O,Non-Delivery,Mayiladuthurai,Nagapattinam
609001,Tiruvilandur B.O,B.O,Non-Delivery,Mayiladuthurai,Nagapattinam
609003,Chittarkadu B.O,B.O,Non-Delivery,Mayiladuthurai,Nagapattinam
609003,Koranad South B.O,B.O,Non-Delivery,Mayiladuthurai,Nagapattinam
609003,Mappadugai B.O,B.O,Delivery,Mayiladuthurai,Nagapattinam
609003,Mayiladuthurai R.S S.O,S.O,Delivery,Mayiladuthurai,Nagapattinam
609003,Mayiladuthurai West B.O,B.O,Non-Delivery,Mayiladuthurai,Nagapattinam
609003,Sholampettai B.O,B.O,Delivery,Mayiladuthurai,Nagapattinam
609101,Achalpuram S.O,S.O,Delivery,Sirkali,Nagapattinam
609101,Alakkudi B.O,B.O,Delivery,Sirkali,Nagapattinam
609101,Arapallam B.O,B.O,Delivery,Sirkali,Nagapattinam
609101,Kodakkaramoolai B.O,B.O,Delivery,Sirkali,Nagapattinam
609101,Kothandapuram B.O,B.O,Delivery,Sirkali,Nagapattinam
609101,Mahendrapalli B.O,B.O,Delivery,Sirkali,Nagapattinam
609101,Palayapalayam B.O,B.O,Delivery,Sirkali,Nagapattinam
609101,Palayar B.O,B.O,Delivery,Sirkali,Nagapattinam
609101,Pudupattinam B.O,B.O,Delivery,Sirkali,Nagapattinam
609101,Puliyanthurai B.O,B.O,Delivery,Sirkali,Nagapattinam
609101,Thandavankulam B.O,B.O,Delivery,Sirkali,Nagapattinam
609102,Anaikaranchatram S.O,S.O,Delivery,Sirkali,Nagapattinam
609102,Anaikaranchatram South B.O,B.O,Non-Delivery,Sirkali,Nagapattinam
609102,Hanumanthapuram B.O,B.O,Delivery,Sirkali,Nagapattinam
609102,Madervelur B.O,B.O,Delivery,Sirkali,Nagapattinam
609102,Nallanayagapuram B.O,B.O,Delivery,Sirkali,Nagapattinam
609103,Anandatandavapuram S.O,S.O,Delivery,Mayiladuthurai,Nagapattinam
609103,Keelamaruthandanallur B.O,B.O,Delivery,Mayiladuthurai,Nagapattinam
609104,Kadavasal S.O,S.O,Delivery,Sirkali,Nagapattinam
609104,Kannukiniyanar Koil B.O,B.O,Delivery,Sirkali,Nagapattinam
609104,Madanam B.O,B.O,Delivery,Sirkali,Nagapattinam
609104,Pachaiperumal Nallur B.O,B.O,Delivery,Sirkali,Nagapattinam
609104,Semmangudi(SRK) B.O,B.O,Delivery,Sirkali,Nagapattinam
609104,Umayalpathi B.O,B.O,Delivery,Sirkali,Nagapattinam
609105,Kaveripattinam Beach B.O,B.O,Delivery,Tharangambadi,Nagapattinam
609105,Kaveripattinam S.O (Nagapattinam),S.O,Delivery,Tharangambadi,Nagapattinam
609105,Neidavasal B.O,B.O,Delivery,Sirkali,Nagapattinam
609105,Vanagiri B.O,B.O,Delivery,Sirkali,Nagapattinam
609106,Kilasattanathapuram B.O,B.O,Delivery,Sirkali,Nagapattinam
609106,Mangamadam S.O,S.O,Delivery,Sirkali,Nagapattinam
609106,Nangur B.O,B.O,Delivery,Sirkali,Nagapattinam
609106,Neipathur B.O,B.O,Delivery,Sirkali,Nagapattinam
609106,Perunthottam B.O,B.O,Delivery,Sirkali,Nagapattinam
609106,Puduthurai B.O,B.O,Delivery,Sirkali,Nagapattinam
609106,Thennampattinam B.O,B.O,Delivery,Sirkali,Nagapattinam
609106,Tirunagari B.O,B.O,Delivery,Sirkali,Nagapattinam
609107,Kilaperumpallam B.O,B.O,Delivery,Tharangambadi,Nagapattinam
609107,Melaiyur TVG S.O,S.O,Delivery,Tharangambadi,Nagapattinam
609107,Melaperumpallam B.O,B.O,Delivery,Tharangambadi,Nagapattinam
609107,Natarajapillai Chavadi B.O,B.O,Delivery,Sirkali,Nagapattinam
609107,Talachangadu B.O,B.O,Delivery,Tharangambadi,Nagapattinam
609108,Erukkur B.O,B.O,Delivery,Sirkali,Nagapattinam
609108,Gopalasamudram B.O,B.O,Delivery,Sirkali,Nagapattinam
609108,Kunnam B.O,B.O,Delivery,Sirkali,Nagapattinam
609108,Perambur (AKC) B.O,B.O,Delivery,Sirkali,Nagapattinam
609108,Puthur (SRK) S.O,S.O,Delivery,Sirkali,Nagapattinam
609108,Sodiyakudi B.O,B.O,Delivery,Sirkali,Nagapattinam
609108,Tirumailadi B.O,B.O,Delivery,Sirkali,Nagapattinam
609109,Annamperumalkoil B.O,B.O,Delivery,Sirkali,Nagapattinam
609109,Karaimedu B.O,B.O,Delivery,Sirkali,Nagapattinam
609109,Kattiyaniruppu B.O,B.O,Delivery,Sirkali,Nagapattinam
609109,Sattanathapuram S.O,S.O,Delivery,Sirkali,Nagapattinam
609109,Sembadaniruppu B.O,B.O,Delivery,Sirkali,Nagapattinam
609109,Tiruvali B.O,B.O,Delivery,Sirkali,Nagapattinam
609110,Sirkali H.O,H.O,Delivery,Sirkali Tk,Nagapattinam
609111,Arappakkam B.O,B.O,Delivery,Sirkali,Nagapattinam
609111,Koilthirukolakkal B.O,B.O,Non-Delivery,Sirkali,Nagapattinam
609111,Kovilpathu B.O,B.O,Delivery,Sirkali,Nagapattinam
609111,Sirkali East B.O,B.O,Non-Delivery,Sirkali,Nagapattinam
609111,Sirkali Thenpathi S.O,S.O,Delivery,Sirkali,Nagapattinam
609111,Sirkali West B.O,B.O,Non-Delivery,Sirkali,Nagapattinam
609111,Tittai (SRK) B.O,B.O,Delivery,Sirkali,Nagapattinam
609111,Vilanthida Samudram B.O,B.O,Delivery,Sirkali,Nagapattinam
609112,Karkoil B.O,B.O,Delivery,Sirkali,Nagapattinam
609112,Mannipallam B.O,B.O,Delivery,Sirkali,Nagapattinam
609112,Seithur Srk B.O,B.O,Delivery,Mayiladuthurai,Nagapattinam
609112,Tirupungur S.O,S.O,Delivery,Sirkali,Nagapattinam
609113,Koolaiyar B.O,B.O,Delivery,Sirkali,Nagapattinam
609113,Tirumullaivasal S.O,S.O,Delivery,Sirkali,Nagapattinam
609114,Manigramam B.O,B.O,Delivery,Sirkali,Nagapattinam
609114,Radhanallur (TVG) B.O,B.O,Delivery,Sirkali,Nagapattinam
609114,Tiruvengadu S.O,S.O,Delivery,Sirkali,Nagapattinam
609115,Edamanal B.O,B.O,Delivery,Sirkali,Nagapattinam
609115,Keeranallur B.O,B.O,Delivery,Sirkali,Nagapattinam
609115,Radhanallur  (SRK) B.O,B.O,Delivery,Sirkali,Nagapattinam
609115,Varisapathu Vadagal S.O,S.O,Delivery,Sirkali,Nagapattinam
609115,Vettangudi B.O,B.O,Delivery,Sirkali,Nagapattinam
609116,Elathur B.O,B.O,Delivery,Sirkali,Nagapattinam
609116,Kilmathur B.O,B.O,Delivery,Sirkali,Nagapattinam
609116,Nemmeli(SRK) B.O,B.O,Delivery,Sirkali,Nagapattinam
609116,Pattavilagam B.O,B.O,Delivery,Sirkali,Nagapattinam
609116,Valluvakudi S.O,S.O,Delivery,Sirkali,Nagapattinam
609117,Athukudi B.O,B.O,Delivery,Mayiladuthurai,Nagapattinam
609117,Idaikudi-vadapathy B.O,B.O,Non-Delivery,Sirkali,Nagapattinam
609117,Kondathur B.O,B.O,Delivery,Sirkali,Nagapattinam
609117,Pagasalai B.O,B.O,Delivery,Sirkali,Nagapattinam
609117,Punganur B.O,B.O,Delivery,Sirkali,Nagapattinam
609117,Vaithiswarankoil S.O,S.O,Delivery,Sirkali,Nagapattinam
609117,Vaithiswarankoil West B.O,B.O,Non-Delivery,Sirkali,Nagapattinam
609118,Alaveli B.O,B.O,Delivery,Mayiladuthurai,Nagapattinam
609118,Manakudi B.O,B.O,Delivery,Mayiladuthurai,Nagapattinam
609118,Molaiyur B.O,B.O,Delivery,Mayiladuthurai,Nagapattinam
609118,Solasakkaranallur S.O,S.O,Delivery,Mayiladuthurai,Nagapattinam
609118,Tirunandriyur B.O,B.O,Delivery,Mayiladuthurai,Nagapattinam
609118,Vallalagaram B.O,B.O,Delivery,Mayiladuthurai,Nagapattinam
609201,Ilanthope S.O,S.O,Delivery,Mayiladuthurai,Nagapattinam
609201,Talanayar Vsk B.O,B.O,Delivery,Sirkali,Nagapattinam
609202,Kiloy B.O,B.O,Delivery,Mayiladuthurai,Nagapattinam
609202,Manalmedu East B.O,B.O,Non-Delivery,Mayiladuthurai,Nagapattinam
609202,Manalmedu S.O,S.O,Delivery,Mayiaduthurai,Nagapattinam
609202,Mudikondanallur B.O,B.O,Delivery,Mayiladuthurai,Nagapattinam
609203,Arulmozhithevan B.O,B.O,Delivery,Mayiladuthurai,Nagapattinam
609203,Aruvapadi B.O,B.O,Delivery,Mayiladuthurai,Nagapattinam
609203,Kalukkanimuttam B.O,B.O,Delivery,Mayiladuthurai,Nagapattinam
609203,Kanganamputhur B.O,B.O,Delivery,Mayiladuthurai,Nagapattinam
609203,Korukkai B.O,B.O,Delivery,Mayiladuthurai,Nagapattinam
609203,Nidur S.O,S.O,Delivery,Mayiladuthurai,Nagapattinam
609203,Pandur B.O,B.O,Delivery,Mayiladuthurai,Nagapattinam
609203,Villiyanallur B.O,B.O,Delivery,Mayiladuthurai,Nagapattinam
609204,Athur B.O,B.O,Delivery,Tirupanandal,Nagapattinam
609204,Marathurai B.O,B.O,Delivery,Tirupanandal,Nagapattinam
609204,Tiruchitrambalam B.O,B.O,Delivery,Tirupanandal,Nagapattinam
609204,Tirumeniarkoil S.O,S.O,Delivery,Mayiladuthurai,Nagapattinam
609205,Pulavanur B.O,B.O,Delivery,Mayiladuthurai,Nagapattinam
609205,Siddamalli B.O,B.O,Delivery,Sirkali,Nagapattinam
609205,Tiruvalaputhur S.O,S.O,Delivery,Mayiladuthurai,Nagapattinam
609301,Akkur S.O (Nagapattinam),S.O,Delivery,Tharangambadi,Nagapattinam
609301,Kalamanallur B.O,B.O,Delivery,Tarangambadi,Nagapattinam
609301,Mamakudi B.O,B.O,Delivery,Tharangambadi,Nagapattinam
609301,Maruthampallam B.O,B.O,Delivery,Tharangambadi,Nagapattinam
609301,Mathur B.O,B.O,Delivery,Tharangambadi,Nagapattinam
609301,Umayalpuram B.O,B.O,Delivery,Tharangambadi,Nagapattinam
609302,Arangakudi S.O,S.O,Delivery,Tharangambadi,Nagapattinam
609302,Elayalur B.O,B.O,Delivery,Tharangambadi,Nagapattinam
609302,Muthur B.O,B.O,Delivery,Tharangambadi,Nagapattinam
609303,Ayappadi S.O,S.O,Delivery,Tharangambadi,Nagapattinam
609303,Kattuchery B.O,B.O,Delivery,Tharangambadi,Nagapattinam
609304,Kanjanagaram B.O,B.O,Delivery,Tharangambadi,Nagapattinam
609304,Karuvazhakarai B.O,B.O,Delivery,Tharangambadi,Nagapattinam
609304,Kidarankondan B.O,B.O,Delivery,Tharangambadi,Nagapattinam
609304,Kilaiyur S.O,S.O,Delivery,Tharangambadi,Nagapattinam
609304,Melapathi B.O,B.O,Delivery,Tharangambadi,Nagapattinam
609305,Mannampandal S.O,S.O,Delivery,Mayiladuthurai,Nagapattinam
609306,Nalladai S.O,S.O,Delivery,Tharangambadi,Nagapattinam
609306,Tiruvilayattam B.O,B.O,Delivery,Tharangambadi,Nagapattinam
609306,Velampudukudi B.O,B.O,Delivery,Tharangambadi,Nagapattinam
609307,Chandrapadi B.O,B.O,Delivery,Tharangambadi,Nagapattinam
609307,Erukkattanchery B.O,B.O,Delivery,Tharangambadi,Nagapattinam
609307,Kaliyappanallur B.O,B.O,Delivery,Tharangambadi,Nagapattinam
609307,Porayar Market B.O,B.O,Non-Delivery,Tharangambadi,Nagapattinam
609307,Porayar R.S. B.O,B.O,Non-Delivery,Tharangambadi,Nagapattinam
609307,Porayar S.O,S.O,Delivery,Tharangambadi,Nagapattinam
609308,Iluppur B.O,B.O,Delivery,Tharangambadi,Nagapattinam
609308,Nalluchery B.O,B.O,Delivery,Tharangambadi,Nagapattinam
609308,Sankaranpandal S.O,S.O,Delivery,Tharangambadi,Nagapattinam
609309,Arupathy B.O,B.O,Delivery,Tharangambadi,Nagapattinam
609309,Kalahasthinapuram B.O,B.O,Delivery,Tharangambadi,Nagapattinam
609309,Memathur B.O,B.O,Delivery,Tharangambadi,Nagapattinam
609309,Mudikondanallur B.O,B.O,Delivery,Tharangambadi,Nagapattinam
609309,Parasalur B.O,B.O,Delivery,Tharangambadi,Nagapattinam
609309,Sembanarkoil S.O,S.O,Delivery,Tharangambadi,Nagapattinam
609309,Tiruchempalli B.O,B.O,Delivery,Tharangambadi,Nagapattinam
609310,Sendamangalam B.O,B.O,Delivery,Tharangambadi,Nagapattinam
609310,Tillaiyadi S.O,S.O,Delivery,Tharangambadi,Nagapattinam
609310,Tiruvidaikali B.O,B.O,Delivery,Tharangampadi,Nagapattinam
609311,Tirucadaiyur S.O,S.O,Delivery,Tharangambadi,Nagapattinam
609311,Tirumeignanam B.O,B.O,Delivery,Tharangambadi,Nagapattinam
609312,Buthanur B.O,B.O,Delivery,Tharangambadi,Nagapattinam
609312,Eduthukatti B.O,B.O,Delivery,Tharangambadi,Nagapattinam
609312,Tirukkalachery S.O,S.O,Delivery,Tharangambadi,Nagapattinam
609313,Manickapangu B.O,B.O,Delivery,Tharangambadi,Nagapattinam
609313,Tarangambadi S.O,S.O,Delivery,Tharangambadi,Nagapattinam
609314,Kodangudi B.O,B.O,Delivery,Mayiladuthurai,Nagapattinam
609314,Vadakarai S.O (Nagapattinam),S.O,Delivery,Tharangambadi,Nagapattinam
609401,Elandangudi S.O,S.O,Delivery,Mayiladuthurai,Nagapattinam
609401,Valuvur B.O,B.O,Delivery,Mayiladuthurai,Nagapattinam
609402,Kiliyanur S.O (Nagapattinam),S.O,Delivery,Tharangambadi,Nagapattinam
609402,Perambur B.O,B.O,Delivery,Tharangambadi,Nagapattinam
609403,A. Kiliyanur B.O,B.O,Delivery,Mayiladuthurai,Nagapattinam
609403,Kaliyakudi B.O,B.O,Delivery,Nannilam,Tiruvarur
609403,Keeranur B.O,B.O,Delivery,Nannilam,Tiruvarur
609403,Kollumangudi S.O,S.O,Delivery,Nannilam,Tiruvarur
609403,Nedungulam B.O,B.O,Delivery,Nannilam,Tiruvarur
609403,Pavattakudi B.O,B.O,Delivery,Nannilam,Tiruvarur
609403,Pillur B.O,B.O,Delivery,Nannilam,Tiruvarur
609403,Sirupuliyur B.O,B.O,Delivery,Nannilam,Tiruvarur
609404,Manganallur B.O,B.O,Delivery,Mayiladuthurai,Nagapattinam
609404,Manganallur Bazaar S.O,S.O,Delivery,Mayiladuthurai,Nagapattinam
609404,Peruncheri B.O,B.O,Delivery,Tharangambadi,Nagapattinam
609405,Alathur B.O,B.O,Delivery,Nannilam,Tiruvarur
609405,Injikudi B.O,B.O,Non-Delivery,Nannilam,Tiruvarur
609405,Peralam S.O,S.O,Delivery,Nannilam,Tiruvarur
609405,Tirumeichur B.O,B.O,Delivery,Nannilam,Tiruvarur
609501,Eravancheri S.O,S.O,Delivery,Mayiladuthurai,Nagapattinam
609501,Kadalangudi B.O,B.O,Delivery,Kodavasal,Tiruvarur
609501,Kundalur B.O,B.O,Delivery,Kodavasal,Tiruvarur
609501,Pudukudi B.O,B.O,Delivery,Kodavasal,Tiruvarur
609501,Sarguneswarapuram B.O,B.O,Delivery,Kodavasal,Tiruvarur
609501,Tiruvizhimizhalai B.O,B.O,Delivery,Kodavasal,Tiruvarur
609501,Vilagam B.O,B.O,Delivery,Kodavasal,Tiruvarur
609501,Vishnupuram B.O,B.O,Delivery,Kodavasal,Tiruvarur
609502,Alangudi B.O,B.O,Delivery,Nannilam,Tiruvarur
609502,Mudikondan S.O,S.O,Delivery,Nannilam,Tiruvarur
609503,Agarathirumalam B.O,B.O,Delivery,Nannilam,Tiruvarur
609503,Ambal B.O,B.O,Delivery,Nannilam,Nagapattinam
609503,Koothanur B.O,B.O,Non-Delivery,Nannilam,Tiruvarur
609503,Manandakudi B.O,B.O,Delivery,Nannilam,Tiruvarur
609503,Maruduvancheri B.O,B.O,Delivery,Nannilam,Tiruvarur
609503,Punthottam S.O,S.O,Delivery,Nannilam,Tiruvarur
609503,Sarabojirajapuram B.O,B.O,Delivery,Kodavasal,Tiruvarur
609503,Sembiyanallur B.O,B.O,Delivery,Nannilam,Tiruvarur
609504,Panangudi B.O,B.O,Delivery,Nannilam,Tiruvarur
609504,Sannanallur S.O,S.O,Delivery,Nagapattinam,Nagapattinam
609504,Thuthukudi B.O,B.O,Delivery,Nannilam,Tiruvarur
609603,Tirukottaram B.O,B.O,Delivery,Nannilam,Tiruvarur
609603,Velangudi B.O,B.O,Delivery,Nannilam,Tiruvarur
609604,Alathur B.O,B.O,Delivery,Nagapattinam,Nagapattinam
609608,Kollapuram S.O,S.O,Delivery,Nannilam,Tiruvarur
609608,Kurungulam B.O,B.O,Delivery,Nannilam,Tiruvarur
609608,Menangudi B.O,B.O,Delivery,Nannilam,Tiruvarur
609608,Ubayavedanthapuram B.O,B.O,Delivery,Nannilam,Tiruvarur
609701,Enangudi S.O,S.O,Delivery,Nagapattinam,Nagapattinam
609701,Pakkamkottur B.O,B.O,Delivery,Nagapattinam,Nagapattinam
609701,Vadagarai B.O,B.O,Delivery,Nagapattinam,Nagapattinam
609702,Ervadi B.O,B.O,Delivery,Nagapattinam,Nagapattinam
609702,Marungur B.O,B.O,Delivery,Nagapattinam,Nagapattinam
609702,Polagam B.O,B.O,Delivery,Nagapattinam,Nagapattinam
609702,Seeyathamangai B.O,B.O,Delivery,Nagapattinam,Nagapattinam
609702,Seshamoolai B.O,B.O,Delivery,Nagapattinam,Nagapattinam
609702,Tirumarugal S.O,S.O,Delivery,Nagapattinam,Nagapattinam
609703,Agara Kondagai B.O,B.O,Delivery,Nagapattinam,Nagapattinam
609703,Alangudichery B.O,B.O,Delivery,NA,Nagapattinam
609703,Gopurajapuram B.O,B.O,Delivery,Nagapattinam,Nagapattinam
609703,P.Kondagai B.O,B.O,Delivery,NA,Nagapattinam
609703,Pragramam B.O,B.O,Delivery,Nagapattinam,Nagapattinam
609703,Tittachery S.O,S.O,Delivery,NA,Nagapattinam
609704,Pillali B.O,B.O,Delivery,Nagapattinam,Nagapattinam
609704,Tiruchenkattangudi B.O,B.O,Delivery,Nagapattinam,Nagapattinam
609704,Tirukannapuram S.O,S.O,Delivery,Nagapattinam,Nagapattinam
609704,Tirupugalur B.O,B.O,Delivery,Nagapattinam,Nagapattinam
609801,Alangudi B.O,B.O,Delivery,Kuttalam,Nagapattinam
609801,Kuttalam East S.O,S.O,Non-Delivery,Kuttalam,Nagapattinam
609801,Kuttalam S.O,S.O,Delivery,NA,Nagapattinam
609801,Madirimangalam B.O,B.O,Non-Delivery,Kuttalam,Nagapattinam
609801,Palayagudalur B.O,B.O,Delivery,Kuttalam,Nagapattinam
609801,Tirumananjeri B.O,B.O,Delivery,Kuttalam,Nagapattinam
609801,Villiyanallur B.O,B.O,Delivery,Kuttalam,Nagapattinam
609802,Narasinganpettai S.O,S.O,Delivery,Mayiladuthurai,Nagapattinam
609802,Sathanur B.O,B.O,Delivery,Tiruvidamarudur,Thanjavur
609802,Tirukodikaval B.O,B.O,Delivery,Tiruvidamarudur,Thanjavur
609802,Tiyagarajapuram B.O,B.O,Non-Delivery,Tiruvidamarudur,Thanjavur
609803,Tiruvavaduthurai S.O,S.O,Delivery,Kuttalam,Nagapattinam
609804,Kanjanur B.O,B.O,Delivery,Tiruvidamarudur,Thanjavur
609804,Manalur B.O,B.O,Delivery,Tiruvidamarudur,Thanjavur
609804,Thuhili S.O,S.O,Delivery,Mayiladuthurai,Nagapattinam
609804,Tiruloki B.O,B.O,Delivery,Tiruvidamarudur,Thanjavur
609805,Edakiam B.O,B.O,Delivery,Mayiladuthurai,Nagapattinam
609805,Gangadarapuram B.O,B.O,Delivery,Kuttalam,Nagapattinam
609805,Komal S.O,S.O,Delivery,Mayiladuthurai,Nagapattinam
609805,Kozhaiyur B.O,B.O,Delivery,Kuttalam,Nagapattinam
609806,Malliyam S.O,S.O,Delivery,Mayiladuthurai,Nagapattinam
609806,Maraiyur B.O,B.O,Delivery,Mayiladuthurai,Nagapattinam
609806,Moovalur B.O,B.O,Delivery,Mayiladuthurai,Nagapattinam
609806,Vanathirajapuram B.O,B.O,Delivery,Mayiladuthurai,Nagapattinam
609807,Kamakshipuram B.O,B.O,Delivery,Thiruvidaimarudur,Thanjavur
609807,Karuppur B.O,B.O,Delivery,Tirupanandal,Thanjavur
609807,Kilakattur B.O,B.O,Delivery,Thiruvidaimarudur,Thanjavur
609807,Konulampallam B.O,B.O,Delivery,Thiruvidaimarudur,Thanjavur
609807,Pandanallur S.O,S.O,Delivery,Kuttalam,Nagapattinam
609807,Tirumangaicherry B.O,B.O,Delivery,Tirupanandal,Thanjavur
609808,Terizhandur S.O,S.O,Delivery,Mayiladuthurai,Nagapattinam
609810,Tiruvalangadu S.O,S.O,Delivery,Kuttalam,Nagapattinam
609811,Kali S.O,S.O,Delivery,Kuttalam,Nagapattinam
609811,Namasivayapuram B.O,B.O,Delivery,Kuttalam,Nagapattinam
609811,Tirumangalam B.O,B.O,Delivery,Kuttalam,Nagapattinam
610001,Dakshinamurthi Mutt B.O,B.O,Non-Delivery,Thiruvarur,Tiruvarur
610001,Kodikalpalayam B.O,B.O,Non-Delivery,Thiruvarur,Tiruvarur
610001,Madapuram B.O,B.O,Non-Delivery,Thiruvarur,Tiruvarur
610001,Meiporul Nagar B.O,B.O,Non-Delivery,Thiruvarur,Tiruvarur
610001,New Street B.O,B.O,Non-Delivery,Thiruvarur,Tiruvarur
610001,Tiruvarur H.O,H.O,Delivery,Thiruvarur,Tiruvarur
610001,Tiruvarur North S.O,S.O,Non-Delivery,Tiruvarur,Tiruvarur
610003,Kekkarai B.O,B.O,Delivery,Thiruvarur,Tiruvarur
610003,Kidarankondan S.O,S.O,Delivery,Thiruvarur,Tiruvarur
610004,Thandalai B.O,B.O,Delivery,Thiruvarur,Tiruvarur
610004,Tiruvarur Collectorate S.O,S.O,Delivery,Tiruvarur,Tiruvarur
610004,Vilamal B.O,B.O,Non-Delivery,Tiruvarur,Tiruvarur
610101,Amur B.O,B.O,Delivery,Tiruvarur,Tiruvarur
610101,Kangalanchery S.O,S.O,Delivery,Nagapattinam,Nagapattinam
610101,Karaiyur B.O,B.O,Delivery,Nagapattinam,Nagapattinam
610101,Kilathanjavur B.O,B.O,Delivery,Nagapattinam,Nagapattinam
610101,Kottarakudi B.O,B.O,Delivery,Nagapattinam,Nagapattinam
610101,Moongilkudi B.O,B.O,Delivery,Nannilam,Tiruvarur
610101,Nadapur B.O,B.O,Delivery,Tiruvarur,Tiruvarur
610101,Palayavalam B.O,B.O,Delivery,Tiruvarur,Tiruvarur
610101,Selvapuram B.O,B.O,Delivery,Nannilam,Tiruvarur
610101,Suranur B.O,B.O,Delivery,Thiruvarur,Tiruvarur
610101,Tirupayathangudi B.O,B.O,Delivery,Nagapattinam,Nagapattinam
610101,Vaipur B.O,B.O,Delivery,Tiruvarur,Tiruvarur
610101,Virkudi B.O,B.O,Delivery,Nagapattinam,Nagapattinam
610101,Visalur B.O,B.O,Delivery,Nannilam,Tiruvarur
610102,Budamangalam B.O,B.O,Delivery,Mannarkudi,Tiruvarur
610102,Erukattur B.O,B.O,Delivery,Kodavasal,Tiruvarur
610102,Kamalapuram S.O (Tiruvarur),S.O,Delivery,Kodavasal,Tiruvarur
610102,Kandodathavanitham B.O,B.O,Delivery,Kodavasal,Tiruvarur
610102,Velukudi B.O,B.O,Delivery,Needamangalam,Tiruvarur
610103,Authur B.O,B.O,Delivery,NA,Tiruvarur
610103,Kilamanali B.O,B.O,Delivery,Tiruvarur,Tiruvarur
610103,Mangudi S.O,S.O,Delivery,Tiruvarur,Tiruvarur
610103,Tiruneipair B.O,B.O,Non-Delivery,Tiruvarur,Tiruvarur
610104,ELVANGARGUDI B.O,B.O,Delivery,Kodavasal,Tiruvarur
610104,Kattur B.O,B.O,Delivery,Kodavasal,Tiruvarur
610104,Manakkal Ayyampet S.O,S.O,Delivery,Kodavasal,Tiruvarur
610104,Tirukannamangai B.O,B.O,Delivery,Kodavasal,Tiruvarur
610105,Achuthamangalam B.O,B.O,Delivery,Nannilam,Tiruvarur
610105,Adambar B.O,B.O,Delivery,Nannilam,Tiruvarur
610105,Anaikuppam B.O,B.O,Delivery,Nannilam,Tiruvarur
610105,Mappilaikuppam B.O,B.O,Non-Delivery,Nannilam,Tiruvarur
610105,Nannilam Cutchery S.O,S.O,Non-Delivery,Nannilam,Tiruvarur
610105,Nannilam S.O,S.O,Delivery,Nannilam,Tiruvarur
610105,Nemmeli B.O,B.O,Delivery,Nannilam,Tiruvarur
610105,Salipperi B.O,B.O,Delivery,Nannilam,Tiruvarur
610105,Vadagudi B.O,B.O,Delivery,Nannilam,Tiruvarur
610105,Valkkai B.O,B.O,Delivery,Nannilam,Tiruvarur
610106,Alivalam B.O,B.O,Delivery,Tiruvarur,Tiruvarur
610106,Andakudi B.O,B.O,Delivery,Kilvelur,Nagapattinam
610106,Pudupathur B.O,B.O,Delivery,Tiruvarur,Tiruvarur
610106,Sigar B.O,B.O,Delivery,Kilvelur,Nagapattinam
610106,Thappalampuliyur S.O,S.O,Delivery,Tiruvarur,Tiruvarur
610107,Pakkamparuthiyur B.O,B.O,Delivery,Kodavasal,Tiruvarur
610107,Senganur B.O,B.O,Delivery,Kodavasal,Tiruvarur
610107,Srivanjiam B.O,B.O,Delivery,Kodavasal,Tiruvarur
610107,Tiruvidacherry S.O,S.O,Delivery,Kodavasal,Tiruvarur
610107,Veedhividangan B.O,B.O,Delivery,Kodavasal,Tiruvarur
610107,Vikrapandiyam B.O,B.O,Delivery,Kodavasal,Tiruvarur
610109,Kilapadugai B.O,B.O,Delivery,Thiruvarur,Tiruvarur
610109,Pulivalam S.O (Tiruvarur),S.O,Delivery,Tiruvarur,Tiruvarur
610201,Ammanur B.O,B.O,Delivery,Tiruturipundi,Tiruvarur
610201,Kachanam S.O,S.O,Delivery,Tiruturaipundi,Tiruvarur
610201,Mutharasapuram B.O,B.O,Delivery,Tirukkuvalai,Nagapattinam
610201,Suramangalam B.O,B.O,Delivery,Thirukkuvalai,Nagapattinam
610202,Komal B.O,B.O,Delivery,Tiruturipundi,Tiruvarur
610202,Mavoor S.O (Tiruvarur),S.O,Delivery,Thiruvarur,Tiruvarur
610202,Tirukaravasal B.O,B.O,Delivery,Tiruvarur,Tiruvarur
610202,Tirunattiyathankudi B.O,B.O,Delivery,Thiruvarur,Tiruvarur
610203,Alathambadi B.O,B.O,Delivery,Tiruturaipundi,Tiruvarur
610203,Andankarai B.O,B.O,Delivery,Tiruturaipundi,Tiruvarur
610203,Kunnur B.O,B.O,Delivery,Tiruturaipundi,Tiruvarur
610203,Manali B.O,B.O,Delivery,Tiruturaipundi,Tiruvarur
610203,Ponnirai S.O,S.O,Delivery,Thiruthuraipoondi,Tiruvarur
610203,Sithaimur B.O,B.O,Delivery,Tirukuvalai,Nagapattinam
610203,Vikkirapandiyam B.O,B.O,Delivery,Mannargudi,Tiruvarur
610204,Ettukudi B.O,B.O,Delivery,Tirukuvalai,Nagapattinam
610204,Melavazhakarai B.O,B.O,Delivery,Tirukuvalai,Nagapattinam
610204,Tirukuvalai S.O,S.O,Delivery,Tirukuvalai,Nagapattinam
610204,Tiruvoimur B.O,B.O,Delivery,Tirukuvalai,Nagapattinam
610205,Keeralathur B.O,B.O,Delivery,Mannargudi,Tiruvarur
610205,Seruvamani B.O,B.O,Delivery,Mannargudi,Tiruvarur
610205,Tirunellikaval S.O,S.O,Delivery,NA,Tiruvarur
610206,Harischandrapuram B.O,B.O,Non-Delivery,Nidamangalam,Tiruvarur
610206,Mavattagudi B.O,B.O,Delivery,Mannargudi,Tiruvarur
610206,Periyakuruvadi B.O,B.O,Delivery,Mannargudi,Tiruvarur
610206,Pullamangalam B.O,B.O,Delivery,Nidamangalam,Tiruvarur
610206,Sendangudi B.O,B.O,Delivery,Nidamangalam,Tiruvarur
610206,Vadapathimangalam S.O,S.O,Delivery,Mannargudi,Tiruvarur
610207,Koilkannapur B.O,B.O,Delivery,Kilvelur,Nagapattinam
610207,Kolapadu B.O,B.O,Delivery,Tiurkuvalai,Nagapattinam
610207,Koorathangudi B.O,B.O,Delivery,Kilvelur,Nagapattinam
610207,Terkupanaiyur B.O,B.O,Delivery,Kilvelur,Nagapattinam
610207,Valivalam S.O,S.O,Delivery,Kilvelur,Nagapattinam
611001,Nagapattinam Bazaar S.O,S.O,Non-Delivery,Nagapattinam,Nagapattinam
611001,Nagapattinam H.O,H.O,Delivery,Nagapattinam,Nagapattinam
611001,Velippalayam S.O,S.O,Non-Delivery,Nagapattinam,Nagapattinam
611002,Durgashariff S.O,S.O,Non-Delivery,Nagapattinam,Nagapattinam
611002,Melavanjore B.O,B.O,Delivery,Nagapattinam,Nagapattinam
611002,Muttam B.O,B.O,Delivery,NA,Nagapattinam
611002,Nagore S.O,S.O,Delivery,Nagapattinam,Nagapattinam
611002,Nagore South S.O,S.O,Non-Delivery,Nagapattinam,Nagapattinam
611002,Narimanam B.O,B.O,Delivery,Nagapattinam,Nagapattinam
611002,Okkur B.O,B.O,Delivery,Kilvelur,Nagapattinam
611002,Panangudi B.O,B.O,Delivery,Nagapattinam,Nagapattinam
611003,Nagapattinam Collectorate S.O,S.O,Delivery,Nagapattinam,Nagapattinam
611003,Palpannaichery B.O,B.O,Non-Delivery,Nagapattinam,Nagapattinam
611101,Adiakkamangalam S.O,S.O,Delivery,Tiruvarur,Tiruvarur
611101,Andipalayam B.O,B.O,Delivery,Thiruvarur,Tiruvarur
611101,Kakkalani B.O,B.O,Delivery,Kilvelur,Nagapattinam
611101,Kallikudi B.O,B.O,Delivery,Tiruvarur,Tiruvarur
611101,Semangalam B.O,B.O,Delivery,Tiruvarur,Tiruvarur
611102,Andanapettai S.O,S.O,Delivery,Nagapattinam,Nagapattinam
611102,Aymazhai B.O,B.O,Delivery,Nagapattinam,Nagapattinam
611102,Chinnathumbur B.O,B.O,Delivery,Kilvelur,Nagapattinam
611102,Nirthanamangalam B.O,B.O,Delivery,Nagapattinam,Nagapattinam
611102,Papakoil B.O,B.O,Delivery,Kilvelur,Nagapattinam
611103,Karunkanni B.O,B.O,Delivery,Kilvelur,Nagapattinam
611103,Kilaiyur (Tiruvarur) S.O,S.O,Delivery,Kilvelur,Nagapattinam
611103,Madapuram B.O,B.O,Delivery,Tirukuvalai,Nagapattinam
611103,Solavidyapuram B.O,B.O,Delivery,Kilvelur,Nagapattinam
611103,Venmanachery B.O,B.O,Delivery,Kilvelur,Nagapattinam
611104,Aliyur B.O,B.O,Delivery,Kilvelur,Nagapattinam
611104,Kilvelur Bazar B.O,B.O,Non-Delivery,Kilvelur,Nagapattinam
611104,Kilvelur S.O,S.O,Delivery,Kilvelur,Nagapattinam
611104,Kohur B.O,B.O,Delivery,Kilvelur,Nagapattinam
611104,Pattamangalam B.O,B.O,Delivery,Kilvelur,Nagapattinam
611104,Tirukannangudi B.O,B.O,Delivery,Kilvelur,Nagapattinam
611105,Athipuliyur B.O,B.O,Delivery,Kilvelur,Nagapattinam
611105,Eravancherry B.O,B.O,Delivery,NA,Nagapattinam
611105,Iluppur B.O,B.O,Delivery,Kilvelur,Nagapattinam
611105,Kurukathi B.O,B.O,Non-Delivery,Kilvelur,Nagapattinam
611105,Kuthur S.O,S.O,Delivery,Kilvelur,Nagapattinam
611105,Serunallur B.O,B.O,Non-Delivery,Kilvelur,Nagapattinam
611106,Akkaraipettai B.O,B.O,Delivery,NA,Nagapattinam
611106,Manjakollai S.O,S.O,Delivery,Nagapattinam,Nagapattinam
611106,Palaiyur B.O,B.O,Delivery,Nagapattinam,Nagapattinam
611106,Vadakkupoigainallur B.O,B.O,Delivery,Nagapattinam,Nagapattinam
611108,Avaranipuducherri B.O,B.O,Delivery,Nagapattinam,Nagapattinam
611108,Orathur B.O,B.O,Delivery,Nagapattinam,Nagapattinam
611108,Perunkadambanur B.O,B.O,Delivery,Nagapattinam,Nagapattinam
611108,Poravacherry B.O,B.O,Non-Delivery,Nagapattinam,Nagapattinam
611108,Puliyur B.O,B.O,Delivery,Nagapattinam,Nagapattinam
611108,Sengamangalam B.O,B.O,Delivery,Nagapattinam,Nagapattinam
611108,Sikkal S.O (Nagapattinam),S.O,Delivery,Nagapattinam,Nagapattinam
611109,Erayangudi B.O,B.O,Delivery,Kilvelur,Nagapattinam
611109,Kilathanilapadi B.O,B.O,Delivery,Kilvelur,Nagapattinam
611109,Killukudi B.O,B.O,Delivery,Kilvelur,Nagapattinam
611109,Mohanur B.O,B.O,Delivery,Kilvelur,Nagapattinam
611109,Palakurichi B.O,B.O,Delivery,Kilvelur,Nagapattinam
611109,Radhamangalam B.O,B.O,Delivery,Kilvelur,Nagapattinam
611109,Sembianmahadevi B.O,B.O,Delivery,Nagapattinam,Nagapattinam
611109,Thevur S.O (Nagapattinam),S.O,Delivery,Kilvelur,Nagapattinam
611109,Vadugachery B.O,B.O,Delivery,Nagapattinam,Nagapattinam
611110,Kameswaram B.O,B.O,Delivery,Kilvelur,Nagapattinam
611110,Karapidagai B.O,B.O,Delivery,Kilvelur,Nagapattinam
611110,Tirupundi S.O,S.O,Delivery,Kilvelur,Nagapattinam
611110,Tirupundi South B.O,B.O,Non-Delivery,Kilvelur,Nagapattinam
611111,Prathabaramapuram B.O,B.O,Delivery,Kilvelur,Nagapattinam
611111,Serudur B.O,B.O,Delivery,Kilvelur,Nagapattinam
611111,Terkupoigainallur B.O,B.O,Delivery,Nagapattinam,Nagapattinam
611111,Vailankanni S.O,S.O,Delivery,NA,Nagapattinam
611111,Vailankanni West B.O,B.O,Non-Delivery,NA,Nagapattinam
611112,Koilpathu B.O,B.O,Delivery,Vedaraniam,Nagapattinam
611112,Naluvedapathy B.O,B.O,Delivery,Vedaranyam,Nagapattinam
611112,Pudupalli B.O,B.O,Delivery,NA,Nagapattinam
611112,Vellapallam B.O,B.O,Delivery,Vedaranyam,Nagapattinam
611112,Vettaikaraniruppu S.O,S.O,Delivery,Kilvelur,Nagapattinam
611112,Vilundamavadi B.O,B.O,Delivery,Kilvelur,Nagapattinam
612001,Krishnarayar Agraharam B.O,B.O,Non-Delivery,Kumbakonam,Thanjavur
612001,Kumbakonam Bazar S.O,S.O,Non-Delivery,Kumbakonam,Thanjavur
612001,Kumbakonam City S.O,S.O,Non-Delivery,Kumbakonam,Thanjavur
612001,Kumbakonam Cutchery S.O,S.O,Non-Delivery,Kumbakonam,Thanjavur
612001,Kumbakonam East S.O,S.O,Non-Delivery,Kumbakonam,Thanjavur
612001,Kumbakonam H.O,H.O,Delivery,Kumbakonam,Thanjavur
612001,Kumbakonam Market S.O,S.O,Non-Delivery,Kumbakonam,Thanjavur
612001,Kumbakonam R.S. S.O,S.O,Non-Delivery,Kumbakonam,Thanjavur
612001,Kumbakonam West S.O,S.O,Non-Delivery,Kumbakonam,Thanjavur
612001,Madalampettai B.O,B.O,Non-Delivery,Kumbakonam,Thanjavur
612001,Thuvarankurichi B.O,B.O,Non-Delivery,Kumbakonam,Thanjavur
612001,Ullur B.O,B.O,Non-Delivery,Kumbakonam,Thanjavur
612002,Melakaveri H.O,H.O,Delivery,Kumbakonam,Thanjavur
612101,Aduthurai Bazar B.O,B.O,Non-Delivery,Tiruvidamarudur,Thanjavur
612101,Aduthurai S.O,S.O,Delivery,Kumbakonam,Thanjavur
612101,Avaniapuram B.O,B.O,Delivery,Thiruvidaimarudur,Thanjavur
612101,Govindapuram B.O,B.O,Delivery,Tiruvidamarudur,Thanjavur
612101,Maruthuvakudi B.O,B.O,Non-Delivery,Tiruvidamarudur,Thanjavur
612101,Melaiyur B.O,B.O,Delivery,Tiruvidamarudur,Thanjavur
612101,Tirunilakudi B.O,B.O,Delivery,Thiruvidaimarudur,Thanjavur
612102,Palakudi B.O,B.O,Delivery,Thiruvidaimarudur,Thanjavur
612102,Paruthikudi B.O,B.O,Delivery,Kuttalam,Thanjavur
612102,Suriyanarkoil B.O,B.O,Delivery,Kuttalam,Thanjavur
612102,Tirumangalakudi S.O,S.O,Delivery,Kuttalam,Nagapattinam
612103,Ammachathiram B.O,B.O,Delivery,Kumbakonam,Thanjavur
612103,Tirupuvanam S.O,S.O,Delivery,Tiruvidamarudur,Thanjavur
612103,Umamaheswarapuram B.O,B.O,Delivery,Kumbakonam,Thanjavur
612104,Andalampettai B.O,B.O,Delivery,Thiruvidaimarudur,Thanjavur
612104,Mahadana Street B.O,B.O,Non-Delivery,Thiruvidaimarudur,Thanjavur
612104,Tiruvidaimarudur R.S. B.O,B.O,Non-Delivery,Thiruvidaimarudur,Thanjavur
612104,Tiruvidaimarudur West B.O,B.O,Non-Delivery,Thiruvidaimarudur,Thanjavur
612104,Tiruvidamarudur S.O,S.O,Delivery,Tiruvidamarudur,Thanjavur
612105,Anaikudi B.O,B.O,Delivery,Tiruvidamarudur,Thanjavur
612105,Tiruvisalur B.O,B.O,Delivery,Thiruvidaimarudur,Thanjavur
612105,Veppathur S.O,S.O,Delivery,Thiruvidaimarudur,Thanjavur
612106,Aralur B.O,B.O,Delivery,Kuttalam,Thanjavur
612106,Kadiramangalam S.O,S.O,Delivery,Tiruvidamarudur,Thanjavur
612201,Anniyur B.O,B.O,Delivery,Kuttalam,Nagapattinam
612201,Konerirajapuram S.O,S.O,Delivery,Mayiladuthurai,Nagapattinam
612201,Mallapuram B.O,B.O,Delivery,Kuttalam,Nagapattinam
612201,Paravakkarai B.O,B.O,Delivery,Kuttalam,Nagapattinam
612201,Sengarangudi Pudur B.O,B.O,Delivery,Thiruvidaimarudur,Thanjavur
612201,Vadamattam B.O,B.O,Delivery,Kodavasal,Tiruvarur
612201,Vayalur B.O,B.O,Delivery,Kuttalam,Nagapattinam
612202,Ammangudi B.O,B.O,Delivery,Tiruvidamarudur,Thanjavur
612202,Murukkangudi S.O,S.O,Delivery,Kumbakonam,Thanjavur
612202,Poundarigapuram B.O,B.O,Delivery,Tiruvidamarudur,Thanjavur
612202,Rendankattalai B.O,B.O,Delivery,Tiruvidamarudur,Thanjavur
612202,Thandanthottam B.O,B.O,Delivery,Tiruvidamarudur,Thanjavur
612203,Kanjivoy B.O,B.O,Delivery,Kuttalam,Nagapattinam
612203,Mandai B.O,B.O,Delivery,Kuttalam,Nagapattinam
612203,Nakkampadi B.O,B.O,Delivery,Kuttalam,Nagapattinam
612203,Palaiyur S.O,S.O,Delivery,Mayiladuthurai,Nagapattinam
612203,Suraikkayur B.O,B.O,Delivery,Kuttalam,Nagapattinam
612204,Ayyavadi B.O,B.O,Delivery,Kumbakonam,Thanjavur
612204,Oppiliappankoil B.O,B.O,Non-Delivery,Kumbakonam,Thanjavur
612204,Sannapuram B.O,B.O,Non-Delivery,Kumbakonam,Thanjavur
612204,Tepperumanallur B.O,B.O,Delivery,Kumbakonam,Thanjavur
612204,Tirunageswaram S.O,S.O,Delivery,Kumbakonam,Thanjavur
612301,Adanur B.O,B.O,Delivery,Papanasam,Thanjavur
612301,Pullabudangudi S.O,S.O,Delivery,Papanasam,Thanjavur
612301,Tirumandangudi B.O,B.O,Delivery,Papanasam,Thanjavur
612301,Tiruvaikavur B.O,B.O,Delivery,Papanasam,Thanjavur
612301,Tyagasamudram B.O,B.O,Delivery,Papanasam,Thanjavur
612302,Baburajapuram B.O,B.O,Delivery,Kumbakonam,Thanjavur
612302,Gangadarapuram B.O,B.O,Delivery,Kumbakonam,Thanjavur
612302,Kottaiyur B.O,B.O,Non-Delivery,Kumbakonam,Thanjavur
612302,Swamimalai East B.O,B.O,Non-Delivery,Kumbakonam,Thanjavur
612302,Swamimalai S.O,S.O,Delivery,Kumbakonam,Thanjavur
612302,Tiruvalanjuli B.O,B.O,Delivery,Kumbakonam,Thanjavur
612303,Eraharam B.O,B.O,Delivery,Kumbakonam,Thanjavur
612303,Innambur B.O,B.O,Delivery,Kumbakonam,Thanjavur
612303,Tirupirambiyam S.O,S.O,Delivery,Kumbakonam,Thanjavur
612401,Annalagraharam B.O,B.O,Delivery,Kumbakonam,Thanjavur
612401,Korukkai Thottam B.O,B.O,Delivery,Kumbakonam,Thanjavur
612401,Krishnapuram B.O,B.O,Delivery,Kumbakonam,Thanjavur
612401,Palavathankattalai B.O,B.O,Non-Delivery,Kumbakonam,Thanjavur
612401,Sakkottai S.O,S.O,Delivery,Kumbakonam,Thanjavur
612401,Sivapuram B.O,B.O,Delivery,Kumbakonam,Thanjavur
612402,Marudanallur B.O,B.O,Delivery,Valangaiman,Thanjavur
612402,Tippirajapuram S.O,S.O,Delivery,Kumbakonam,Thanjavur
612402,Visalur B.O,B.O,Delivery,Valangaiman,Thanjavur
612501,Asoor B.O,B.O,Delivery,Kumbakonam,Thanjavur
612501,Devanancheri B.O,B.O,Delivery,Kumbakonam,Thanjavur
612501,Kadichambadi B.O,B.O,Delivery,Kumbakonam,Thanjavur
612501,Kallapuliyur B.O,B.O,Delivery,Kumbakonam,Thanjavur
612501,Koranattukkaruppur S.O,S.O,Delivery,Kumbakonam,Thanjavur
612501,Nirathanallur B.O,B.O,Delivery,Kumbakonam,Thanjavur
612502,Lower Anicut S.O,S.O,Delivery,Thiruvidaimarudur,Thanjavur
612502,Mullangudi B.O,B.O,Delivery,Tirupanandal,Thanjavur
612502,Thathuvancheri B.O,B.O,Delivery,Thiruvidaimarudur,Thanjavur
612503,Atthiyur B.O,B.O,Delivery,Tirupanandal,Thanjavur
612503,Kallur B.O,B.O,Delivery,Tiruppanandal,Thanjavur
612503,Kovilacherri B.O,B.O,Delivery,Tirupanandal,Thanjavur
612503,Maharajapuram B.O,B.O,Delivery,Tirupanandal,Thanjavur
612503,Manambadi B.O,B.O,Delivery,Tirupanandal,Thanjavur
612503,Sholapuram S.O,S.O,Delivery,Tiruvidaimarudur,Thanjavur
612504,Koorchi B.O,B.O,Delivery,Tirupanandal,Thanjavur
612504,Manikudi B.O,B.O,Delivery,Tirupanandal,Thanjavur
612504,Mattiyur B.O,B.O,Delivery,Thiruvidaimarudur,Thanjavur
612504,Senganur B.O,B.O,Delivery,Tirupanandal,Thanjavur
612504,Sickinaickanpettai B.O,B.O,Delivery,Tirupanandal,Thanjavur
612504,Tirupanandal S.O,S.O,Delivery,Tiruvidamarudur,Thanjavur
612504,Virakkan B.O,B.O,Delivery,Tirupanandal,Thanjavur
612601,Agaraohai B.O,B.O,Non-Delivery,Kodavasal,Tiruvarur
612601,Kodavasal S.O,S.O,Delivery,Kodavasal,Tiruvarur
612601,Melapalayur B.O,B.O,Delivery,Kodavasal,Tiruvarur
612601,Vellakulam B.O,B.O,Non-Delivery,Kodavasal,Tiruvarur
612602,Koohur B.O,B.O,Delivery,Kumbakonam,Thanjavur
612602,Kothangudi B.O,B.O,Delivery,Kumbakonam,Thanjavur
612602,Kumaramangalam B.O,B.O,Delivery,Tiruvidamarudur,Thanjavur
612602,Mathur B.O,B.O,Delivery,Tiruvidamarudur,Thanjavur
612602,Natchar Koil S.O,S.O,Delivery,Kumbakonam,Thanjavur
612602,Thukkachi B.O,B.O,Delivery,Tiruvidamarudur,Thanjavur
612602,Tirunaraiyur B.O,B.O,Non-Delivery,Tiruvidamarudur,Thanjavur
612603,Arasavanangadu B.O,B.O,Delivery,Kodavasal,Tiruvarur
612603,Engan B.O,B.O,Delivery,Kodavasal,Thanjavur
612603,Perumpannaiyur B.O,B.O,Delivery,Kodavasal,Tiruvarur
612603,Sembangudi S.O,S.O,Delivery,Kodavasal,Tiruvarur
612603,Simili B.O,B.O,Delivery,Kodavasal,Tiruvarur
612604,Kandramanickam B.O,B.O,Delivery,Kodavasal,Tiruvarur
612604,Paruthiyur B.O,B.O,Delivery,Kodavasla,Tiruvarur
612604,Sengalipuram S.O,S.O,Delivery,Kodavasal,Tiruvarur
612604,Serukalathur B.O,B.O,Delivery,Kodavasal,Tiruvarur
612604,Sidakkamangalam B.O,B.O,Delivery,Kodavasal,Tiruvarur
612604,Sithadi B.O,B.O,Delivery,Kodavasal,Tiruvarur
612604,Vadaver B.O,B.O,Delivery,Kodavasal,Tiruvarur
612605,Injikollai B.O,B.O,Delivery,Tiruvidamarudur,Thanjavur
612605,Nagarasampettai B.O,B.O,Delivery,Tiruvidamarudur,Thanjavur
612605,Paruthicherri B.O,B.O,Delivery,Tiruvidamarudur,Thanjavur
612605,Semmangudi B.O,B.O,Delivery,Tiruvidamarudur,Thanjavur
612605,Tiruchirai S.O,S.O,Delivery,Kodavasal,Tiruvarur
612605,Vidayalkaruppur B.O,B.O,Delivery,Valangaiman,Tiruvarur
612610,Kilapalaiyur B.O,B.O,Delivery,Kodavasal,Tiruvarur
612610,Manjakudi S.O,S.O,Delivery,Kodavasal,Tiruvarur
612610,Moolangudi B.O,B.O,Delivery,Kodavasal,Tiruvarur
612610,Pudukudi B.O,B.O,Delivery,Kodavasal,Tiruvarur
612701,Avoor S.O,S.O,Delivery,Valangaman,Tiruvarur
612701,Govindakudi B.O,B.O,Delivery,Valangaman,Tiruvarur
612701,Oothucadu B.O,B.O,Delivery,Valangaman,Tiruvarur
612702,Darasuram S.O,S.O,Delivery,Kumbakonam,Thanjavur
612702,Valayapettai B.O,B.O,Delivery,Kumbakonam,Thanjavur
612703,Cholanmaligai B.O,B.O,Delivery,Kumbakonam,Thanjavur
612703,Pampappadaiyur B.O,B.O,Delivery,Kumbakonam,Thanjavur
612703,Patteeswaram S.O,S.O,Delivery,Kumbakonam,Thanjavur
612703,Teynampadugai B.O,B.O,Delivery,Kumbakonam,Thanjavur
612801,Alangudi-NID S.O,S.O,Delivery,Nidamangalam,Tiruvarur
612801,Kuvalaiveli B.O,B.O,Delivery,Valangaman,Tiruvarur
612801,Mathur-NID B.O,B.O,Delivery,Valangaman,Tiruvarur
612801,Melamaravathy B.O,B.O,Delivery,Valangaman,Tiruvarur
612801,Sathanur-PSM B.O,B.O,Delivery,Valangaman,Tiruvarur
612802,Avalivanallur B.O,B.O,Delivery,Valangaman,Tiruvarur
612802,Haridwaramangalam S.O,S.O,Delivery,Valangaman,Tiruvarur
612802,Kalathur B.O,B.O,Delivery,Valangaman,Thanjavur
612802,Maruvathur B.O,B.O,Delivery,Valangaman,Tiruvarur
612802,Muniyur B.O,B.O,Delivery,Valangaman,Tiruvarur
612802,Terkupattam B.O,B.O,Delivery,Valangaman,Tiruvarur
612802,Vilathur B.O,B.O,Delivery,Valangaman,Tiruvarur
612803,Devangudi B.O,B.O,Delivery,Nidamangalam,Tiruvarur
612803,Kalacheri B.O,B.O,Delivery,Nidamangalam,Tiruvarur
612803,Kalanjimodu B.O,B.O,Delivery,Mannargudi,Tiruvarur
612803,Kilapattu B.O,B.O,Delivery,Nidamangalam,Tiruvarur
612803,Melalavandaseri B.O,B.O,Delivery,Nidamangalam,Tiruvarur
612803,Puvanur S.O,S.O,Delivery,Nidamangalam,Tiruvarur
612803,Rajappayyanchavadi B.O,B.O,Delivery,Mannargudi,Tiruvarur
612803,Rayapuram B.O,B.O,Delivery,Nidamangalam,Tiruvarur
612804,Adichamangalam B.O,B.O,Delivery,Valangaman,Tiruvarur
612804,Andankoil B.O,B.O,Delivery,Valangaman,Tiruvarur
612804,Chandrasekarapuram B.O,B.O,Delivery,Valangaman,Tiruvarur
612804,Melavidayal Ramnagar B.O,B.O,Delivery,Valangaman,Tiruvarur
612804,Odayalur B.O,B.O,Delivery,Kumbakonam,Thanjavur
612804,Padagacheri B.O,B.O,Delivery,Valangaman,Tiruvarur
612804,Sithanvalur B.O,B.O,Delivery,Valangaman,Tiruvarur
612804,Thillaiyambur B.O,B.O,Delivery,Kumbakonam,Thanjavur
612804,Tholuvur B.O,B.O,Delivery,Valangaman,Tiruvarur
612804,Valangaman S.O,S.O,Delivery,Valangaman,Tiruvarur
612901,Ayuthakalam B.O,B.O,Delivery,Udayarpalayam,Ariyalur
612901,Gangaikondacholapuram S.O,S.O,Delivery,Udayarpalayam,Ariyalur
612901,Kidaramkondan B.O,B.O,Delivery,Udayarpalayam,Ariyalur
612901,Kollapuram B.O,B.O,Delivery,Udayarpalayam,Ariyalur
612901,Kuruvalapparkoil B.O,B.O,Delivery,Jayamkondacholapuram,Ariyalur
612901,Meikavalputhur B.O,B.O,Delivery,Udayarpalayam,Ariyalur
612901,Pichanur B.O,B.O,Delivery,Jayamkondacholapuram,Ariyalur
612901,Thaluthalaimedu B.O,B.O,Delivery,Jayamkondacholapuram,Ariyalur
612901,Ulkottai B.O,B.O,Delivery,Udayarpalayam,Ariyalur
612901,Vanarathirayankuppam B.O,B.O,Delivery,Udayarpalayam,Ariyalur
612901,Vanavanallur B.O,B.O,Delivery,Udayarpalayam,Ariyalur
612902,Anaikudam B.O,B.O,Delivery,Jayamkondacholapuram,Ariyalur
612902,Devamangalam B.O,B.O,Delivery,Jayamkondacholapuram,Ariyalur
612902,Kodali B.O,B.O,Delivery,Udayarpalayam,Ariyalur
612902,Kodalikaruppur S.O,S.O,Delivery,Jayamkondacholapuram,Ariyalur
612902,Solamadevi B.O,B.O,Delivery,Jayamkondacholapuram,Ariyalur
612902,Udayanatham B.O,B.O,Delivery,Jayamkondacholapuram,Ariyalur
612903,Alathipallam B.O,B.O,Delivery,Udayarpalayam,Ariyalur
612903,Ayyappanaickenpettai B.O,B.O,Delivery,Udayarpalayam,Ariyalur
612903,Ilayaperumanallur B.O,B.O,Delivery,Jayamkondacholapuram,Ariyalur
612903,Kattagaram B.O,B.O,Delivery,Udayarpalayam,Ariyalur
612903,Kundaveli B.O,B.O,Delivery,Udayarpalayam,Ariyalur
612903,Melanikuli B.O,B.O,Delivery,Udayarpalayam,Ariyalur
612903,Minsuritti S.O,S.O,Delivery,Udayarpalayam,Ariyalur
612903,Muthuservaimadam B.O,B.O,Delivery,Jayamkondacholapuram,Ariyalur
612903,Padanilai B.O,B.O,Delivery,Udayarpalayam,Ariyalur
612903,Pappakudi B.O,B.O,Delivery,Udayarpalayam,Ariyalur
612903,Saluppai B.O,B.O,Delivery,Udayarpalayam,Ariyalur
612903,Vangudi B.O,B.O,Delivery,Jayamkondacholapuram,Ariyalur
612904,Idanganni B.O,B.O,Delivery,Ariyalur,Ariyalur
612904,Irugaiyur B.O,B.O,Delivery,Ariyalur,Ariyalur
612904,Kaduvettankurichi B.O,B.O,Delivery,Udayarpalayam,Ariyalur
612904,Karaikurichi B.O,B.O,Delivery,Udayarpalayam,Ariyalur
612904,Kargudi B.O,B.O,Delivery,Udayarpalayam,Ariyalur
612904,Keelamichaelpatti B.O,B.O,Delivery,Udayarpalayam,Ariyalur
612904,Kottiyal B.O,B.O,Delivery,Udayarpalayam,Ariyalur
612904,Naduvalur B.O,B.O,Delivery,Ariyalur,Ariyalur
612904,Thathampettai Palur S.O,S.O,Delivery,Jayamkondacholapuram,Ariyalur
612904,Thengachiperumalnatham B.O,B.O,Delivery,Ariyalur,Ariyalur
612904,Vazhaikurichi B.O,B.O,Delivery,Ariyalur,Ariyalur
613001,Arisikara Street B.O,B.O,Non-Delivery,Thanjavur,Thanjavur
613001,Irudayapuram S.O,S.O,Non-Delivery,Thanjavur,Thanjavur
613001,Manambuchavadi S.O,S.O,Non-Delivery,Thanjavur,Thanjavur
613001,Pookkara Street B.O,B.O,Non-Delivery,Thanjavur,Thanjavur
613001,TJ Busstand S.O,S.O,Non-Delivery,Thanjavur,Thanjavur
613001,Thanjavur Bazaar S.O,S.O,Non-Delivery,Thanjavur,Thanjavur
613001,Thanjavur City S.O,S.O,Non-Delivery,Thanjavur,Thanjavur
613001,Thanjavur Collectorate S.O,S.O,Non-Delivery,Thanjavur,Thanjavur
613001,Thanjavur East Gate S.O,S.O,Non-Delivery,Thanjavur,Thanjavur
613001,Thanjavur East S.O,S.O,Non-Delivery,Thanjavur,Thanjavur
613001,Thanjavur H.O,H.O,Delivery,Thanjavur,Thanjavur
613001,Thanjavur South B.O,B.O,Non-Delivery,Thanjavur,Thanjavur
613002,Kalimedu B.O,B.O,Delivery,Thanjavur,Thanjavur
613002,Karuntattankudi S.O,S.O,Delivery,Thanjavur,Thanjavur
613002,Sakkarasamandam B.O,B.O,Delivery,Thanjavur,Thanjavur
613003,Annappanpettai B.O,B.O,Delivery,Thanjavur,Thanjavur
613003,Gudalur B.O,B.O,Delivery,Thanjavur,Thanjavur
613003,Kadakadappai B.O,B.O,Delivery,Thiruvaiyaru,Thanjavur
613003,Palliagraharam B.O,B.O,Delivery,Thiruvaiyaru,Thanjavur
613003,Ramapuram B.O,B.O,Delivery,Thiruvaiyaru,Thanjavur
613003,Tittai B.O,B.O,Delivery,Thiruvaiyaru,Thanjavur
613003,Vennar Bank S.O,S.O,Delivery,Thanjavur,Thanjavur
613004,Manojipatti B.O,B.O,Delivery,Thanjavur,Thanjavur
613004,Ramanathapuram B.O,B.O,Delivery,Thanjavur,Thanjavur
613004,State Bank Colony B.O,B.O,Non-Delivery,Thanjavur,Thanjavur
613004,Thanjavur Medical College S.O,S.O,Delivery,Thanjavur,Thanjavur
613005,Inayathukkanpatti B.O,B.O,Delivery,Thanjavur,Thanjavur
613005,Melavasthachavadi B.O,B.O,Delivery,Thanjavur,Thanjavur
613005,Raja Serfoji Govt College S.O,S.O,Delivery,Thanjavur,Thanjavur
613006,Marungulam B.O,B.O,Delivery,Thanjavur,Thanjavur
613006,Mukasa Nanjikottai B.O,B.O,Delivery,Thanjavur,Thanjavur
613006,Thanjavur P&t Colony S.O,S.O,Delivery,Thanjavur,Thanjavur
613006,Vilar B.O,B.O,Delivery,Thanjavur,Thanjavur
613007,Ganapathi Nagar B.O,B.O,Non-Delivery,Thanjavur,Thanjavur
613007,Rajappa Nagar S.O,S.O,Non-Delivery,Thanjavur,Thanjavur
613007,TJ Co-operative Housing Colony S.O,S.O,Non-Delivery,Thanjavur,Thanjavur
613007,Thanjavur Housing Unit B.O,B.O,Non-Delivery,Thanjavur,Thanjavur
613007,Voc Nagar S.O,S.O,Delivery,Thanjavur,Thanjavur
613008,Thanjavur North Gate S.O,S.O,Delivery,Thanjavur,Thanjavur
613009,Co-operative Buildings S.O,S.O,Non-Delivery,Thanjavur,Thanjavur
613009,Srinivasapuram B.O,B.O,Non-Delivery,Thanjavur,Thanjavur
613009,Thanjavur West S.O,S.O,Delivery,Thanjavur,Thanjavur
613010,Tamil University S.O,S.O,Delivery,Thanjavur,Thanjavur
613101,Aimbadumelnagaram B.O,B.O,Delivery,Thiruvaiyaru,Thanjavur
613101,Allur B.O,B.O,Delivery,Thiruvaiyaru,Thanjavur
613101,Konerirajapuram B.O,B.O,Delivery,Thiruvaiyaru,Thanjavur
613101,Nadukaveri S.O,S.O,Delivery,Thiruvaiyaru,Thanjavur
613101,Sendalai B.O,B.O,Delivery,Thiruvaiyaru,Thanjavur
613101,Varagur B.O,B.O,Delivery,Thiruvaiyaru,Thanjavur
613101,Vellamperambur B.O,B.O,Delivery,Thiruvaiyaru,Thanjavur
613102,Indalur B.O,B.O,Delivery,Thanjavur,Thanjavur
613102,Kachamangalam B.O,B.O,Delivery,Thiruvaiyaru,Thanjavur
613102,Mekalathur B.O,B.O,Delivery,Thiruvaiyaru,Thanjavur
613102,Seyyamangalam B.O,B.O,Delivery,Thiruvaiyaru,Thanjavur
613102,Sholagampatti B.O,B.O,Delivery,Thanjavur,Thanjavur
613102,Thogur S.O,S.O,Delivery,Thiruvaiyaru,Thanjavur
613103,Kilathiruppanthuruthi B.O,B.O,Delivery,Thiruvaiyaru,Thanjavur
613103,Thiruppanthuruthi S.O,S.O,Delivery,Thiruvaiyaru,Thanjavur
613103,Thiruvalampozhil B.O,B.O,Delivery,Thiruvaiyaru,Thanjavur
613104,Elangadu-TPL B.O,B.O,Delivery,Thiruvaiyaru,Thanjavur
613104,Kandamangalam B.O,B.O,Delivery,Thiruvaiyaru,Thanjavur
613104,Kuthur B.O,B.O,Delivery,Thiruvaiyaru,Thanjavur
613104,Maharajapuram B.O,B.O,Delivery,Thiruvaiyaru,Thanjavur
613104,Michaelpatti B.O,B.O,Delivery,Thiruvaiyaru,Thanjavur
613104,Mullakudi B.O,B.O,Delivery,Thiruvaiyaru,Thanjavur
613104,Nemam B.O,B.O,Delivery,Thiruvaiyaru,Thanjavur
613104,Palamaneri B.O,B.O,Delivery,Thiruvaiyaru,Thanjavur
613104,Renganathapuram B.O,B.O,Delivery,Thiruvaiyaru,Thanjavur
613104,Tirukattupalli East S.O,S.O,Non-Delivery,Thiruvaiyaru,Thanjavur
613104,Tirukattupalli S.O,S.O,Delivery,Thiruvaiyaru,Thanjavur
613104,Valappakudi B.O,B.O,Delivery,Thiruvaiyaru,Thanjavur
613105,Koviladi-TPL B.O,B.O,Delivery,Thiruvaiyaru,Thanjavur
613105,Poondi-TPL S.O,S.O,Delivery,Thiruvaiyaru,Thanjavur
613105,Puduchatram B.O,B.O,Delivery,Thiruvaiyaru,Thanjavur
613105,Tiruchinampoondi B.O,B.O,Delivery,Thiruvaiyaru,Thanjavur
613105,Vishnampettai B.O,B.O,Delivery,Thiruvaiyaru,Thanjavur
613201,Kalyanapuram S.O,S.O,Delivery,Thiruvaiyaru,Thanjavur
613201,Mohamed Bunder B.O,B.O,Non-Delivery,Thiruvaiyaru,Thanjavur
613201,Uthamanallur B.O,B.O,Non-Delivery,Thiruvaiyaru,Thanjavur
613202,Kandiyur S.O,S.O,Delivery,Thiruvaiyaru,Thanjavur
613202,Tiruchottuthurai B.O,B.O,Delivery,Thiruvaiyaru,Thanjavur
613203,Maruvur B.O,B.O,Delivery,Thiruvaiyaru,Thanjavur
613203,Mukasakaduveli B.O,B.O,Non-Delivery,Thiruvaiyaru,Thanjavur
613203,Sathanur B.O,B.O,Delivery,Thiruvaiyaru,Thanjavur
613203,Thillaisthanam S.O,S.O,Delivery,Thiruvaiyaru,Thanjavur
613203,Vaidyanathanpettai B.O,B.O,Delivery,Thiruvaiyaru,Thanjavur
613204,Anaikudi B.O,B.O,Delivery,Thiruvaiyaru,Thanjavur
613204,Ichangudi B.O,B.O,Delivery,Papanasam,Thanjavur
613204,Peramur B.O,B.O,Delivery,Thiruvaiyaru,Thanjavur
613204,Ponavasal B.O,B.O,Delivery,Thiruvaiyaru,Thanjavur
613204,Royampettai B.O,B.O,Delivery,Thiruvaiyaru,Thanjavur
613204,Someswarapuram B.O,B.O,Delivery,Papanasam,Thanjavur
613204,Thiruvaiyaru S.O,S.O,Delivery,Thiruvaiyaru,Thanjavur
613204,Thiruvaiyaru Thiyagaraja Colony B.O,B.O,Non-Delivery,Thiruvaiyaru,Thanjavur
613204,Tiruppayanam B.O,B.O,Delivery,Thiruvaiyaru,Thanjavur
613204,Veeramangudi B.O,B.O,Delivery,Papanasam,Thanjavur
613204,Vilangudi B.O,B.O,Delivery,Thiruvaiyaru,Thanjavur
613205,Arkadu B.O,B.O,Delivery,Thiruvaiyaru,Thanjavur
613205,Nagathi B.O,B.O,Delivery,Thiruvaiyaru,Thanjavur
613205,Vediapuram S.O,S.O,Delivery,Thiruvaiyaru,Thanjavur
613301,Akkachipatti B.O,B.O,Non-Delivery,Gandarvakkottai,Pudukkottai
613301,Ghandarvakottai S.O,S.O,Delivery,Gandarvakottai,Pudukkottai
613301,Komapuram B.O,B.O,Delivery,Gandarvakottai,Pudukkottai
613301,Kovilur (Gandarvakottai) B.O,B.O,Non-Delivery,Gandarvakottai,Pudukkottai
613301,Manganur B.O,B.O,Delivery,Gandarvakottai,Pudukkottai
613301,Mattangal B.O,B.O,Delivery,Gandarvakottai,Pudukkottai
613301,Mohanur B.O,B.O,Delivery,Gandarvakkottai,Pudukkottai
613301,Pudunagar B.O,B.O,Delivery,Gandarvakotai,Pudukkottai
613301,Sundampatti B.O,B.O,Delivery,Gandarvakottai,Pudukkottai
613301,Thachankurichi B.O,B.O,Delivery,Gandarvakottai,Pudukkottai
613301,Valavampatti B.O,B.O,Delivery,Gandarvakottai,Pudukkottai
613301,Veladipatti B.O,B.O,Delivery,Gandarvakkottai,Pudukkottai
613301,Vellalaviduthi B.O,B.O,Delivery,Gandarvakottai,Pudukkottai
613301,Vembanpatti B.O,B.O,Delivery,Gandarvakkottai,Pudukkottai
613303,Kurungulam B.O,B.O,Delivery,Thanjavur,Thanjavur
613303,Kurungulam Melpathi S.O,S.O,Delivery,Thanjavur,Thanjavur
613303,Thethuvasalpatti B.O,B.O,Delivery,Thanjavur,Thanjavur
613303,Tirukanurpatti B.O,B.O,Delivery,Thanjavur,Thanjavur
613401,Tirumalaisamudram B.O,B.O,Delivery,Thanjavur,Thanjavur
613401,Tirumalaisamudram East S.O,S.O,Delivery,Thanjavur,Thanjavur
613401,Vallam Pudur B.O,B.O,Delivery,Thanjavur,Thanjavur
613402,Achampatti B.O,B.O,Delivery,Thanjavur,Thanjavur
613402,MGM Sanatorium B.O,B.O,Delivery,Thanjavur,Thanjavur
613402,Manayeripatti B.O,B.O,Delivery,Thanjavur,Thanjavur
613402,Muthandipatti B.O,B.O,Delivery,Thanjavur,Thanjavur
613402,Palayapatti South B.O,B.O,Delivery,Thanjavur,Thanjavur
613402,Pudukudi B.O,B.O,Delivery,Thanjavur,Thanjavur
613402,Rayamundanpatti B.O,B.O,Delivery,Thanjavur,Thanjavur
613402,Sengipatti S.O,S.O,Delivery,Thanjavur,Thanjavur
613402,Vendayampatti B.O,B.O,Delivery,Thanjavur,Thanjavur
613403,Chennampatti B.O,B.O,Delivery,Thanjavur,Thanjavur
613403,Pillaiyarpatti B.O,B.O,Delivery,Thanjavur,Thanjavur
613403,Ravusapatti B.O,B.O,Delivery,Thanjavur,Thanjavur
613403,Vallam East S.O,S.O,Non-Delivery,Thanjavur,Thanjavur
613403,Vallam-TJ S.O,S.O,Delivery,Thanjavur,Thanjavur
613501,Kulichapattu B.O,B.O,Delivery,Thanjavur,Thanjavur
613501,Mariammancoil S.O,S.O,Delivery,Thanjavur,Thanjavur
613501,Melakalakudi B.O,B.O,Delivery,Thanjavur,Thanjavur
613501,Pulavarnatham B.O,B.O,Delivery,Papanasam,Thanjavur
613501,Raramuthirakottai B.O,B.O,Delivery,Papanasam,Thanjavur
613502,Jambugambalpuram B.O,B.O,Delivery,Papanasam,Thanjavur
613502,Kovilur (Pundi-Tj) B.O,B.O,Delivery,Papanasam,Thanjavur
613502,Kumilakudi B.O,B.O,Delivery,Papanasam,Thanjavur
613502,Nallavanniyankudikadu B.O,B.O,Delivery,Papanasam,Thanjavur
613502,Pundi-TJ S.O,S.O,Delivery,Papanasam,Thanjavur
613503,Sri Pushpam College S.O,S.O,Delivery,Papanasam,Thanjavur
613504,Arsuthipattu B.O,B.O,Delivery,Papanasam,Thanjavur
613504,Irumbuthalai B.O,B.O,Delivery,Papanasam,Thanjavur
613504,Kalancheri B.O,B.O,Delivery,Papanasam,Thanjavur
613504,Kambayarnatham B.O,B.O,Delivery,Papanasam,Thanjavur
613504,Palliyur B.O,B.O,Delivery,Papanasam,Thanjavur
613504,Saliamangalam Bazaar B.O,B.O,Non-Delivery,Papanasam,Thanjavur
613504,Saliamangalam S.O,S.O,Delivery,Papanasam,Thanjavur
613504,Suliyakottai B.O,B.O,Delivery,Papanasam,Thanjavur
613601,Alakkudi S.O,S.O,Delivery,Thanjavur,Thanjavur
613601,Kallaperambur B.O,B.O,Delivery,Thanjavur,Thanjavur
613601,Kalvirayanpettai B.O,B.O,Delivery,Thanjavur,Thanjavur
613601,Tennangudi B.O,B.O,Delivery,Thanjavur,Thanjavur
613601,Vannarapettai B.O,B.O,Delivery,Thanjavur,Thanjavur
613602,Aiyanapuram B.O,B.O,Delivery,Thanjavur,Thanjavur
613602,Avarampatti B.O,B.O,Delivery,Thanjavur,Thanjavur
613602,Budalur S.O,S.O,Delivery,Thanjavur,Thanjavur
613602,Chitrakudi B.O,B.O,Delivery,Thanjavur,Thanjavur
613602,Kalumangalam B.O,B.O,Delivery,Thiruvaiyaru,Thanjavur
613602,Kangeyampatti B.O,B.O,Delivery,Thanjavur,Thanjavur
613602,Marudakudi B.O,B.O,Delivery,Thanjavur,Thanjavur
613602,Orathur B.O,B.O,Delivery,Thiruvaiyaru,Thanjavur
613602,Royandur B.O,B.O,Delivery,Thanjavur,Thanjavur
613602,Vennamangalam B.O,B.O,Delivery,Thanjavur,Thanjavur
613701,Ammayappan S.O,S.O,Delivery,Kodavasal,Tiruvarur
613701,Athisolamangalam B.O,B.O,Delivery,Kodavasal,Tiruvarur
613701,Mukundanur B.O,B.O,Delivery,Kodavasal,Tiruvarur
613701,Solachery B.O,B.O,Delivery,Kodavasal,Tiruvarur
613701,Thazhakudi B.O,B.O,Delivery,Kodavasal,Tiruvarur
613702,Attikkadai S.O,S.O,Delivery,Needamangalam,Tiruvarur
613702,Tiruvidavasal B.O,B.O,Delivery,Tiruvarur,Nagapattinam
613703,Hanumanthapuram B.O,B.O,Delivery,Koradacherry,Tiruvarur
613703,Kalathur B.O,B.O,Delivery,Koradacherry,Tiruvarur
613703,Kilariam B.O,B.O,Delivery,Needamangalam,Tiruvarur
613703,Koradacheri S.O,S.O,Delivery,Tiruvarur,Tiruvarur
613703,Oorgudi B.O,B.O,Delivery,Koradacherry,Tiruvarur
613703,Pathur B.O,B.O,Non-Delivery,Koradacherry,Tiruvarur
613703,Perumalagaram B.O,B.O,Delivery,Koradacherry,Tiruvarur
613703,Vennavasal B.O,B.O,Non-Delivery,Koradacherry,Tiruvarur
613704,Kalyanamahadevi B.O,B.O,Delivery,Tiruvarur,Tiruvarur
613704,Kulikarai S.O,S.O,Delivery,Kodavasal,Tiruvarur
613705,Abivirthiswaram B.O,B.O,Delivery,Koradacherry,Tiruvarur
613705,Barakadabad B.O,B.O,Delivery,Kodavasal,Tiruvarur
613705,Ilaiyur B.O,B.O,Delivery,Koradacherry,Tiruvarur
613705,Sellur S.O (Tiruvarur),S.O,Delivery,Tiruvarur,Tiruvarur
614001,Gopalasamudram B.O,B.O,Non-Delivery,Mannargudi,Tiruvarur
614001,Haridranathi S.O,S.O,Non-Delivery,Mannargudi,Tiruvarur
614001,Kalavaikarai B.O,B.O,Non-Delivery,Mannargudi,Tiruvarur
614001,Kilapalam B.O,B.O,Non-Delivery,Mannargudi,Tiruvarur
614001,Mannargudi Bazaar S.O,S.O,Non-Delivery,Mannargudi,Tiruvarur
614001,Mannargudi H.O,H.O,Delivery,Mannargudi,Tiruvarur
614001,Mannargudi South B.O,B.O,Non-Delivery,Mannargudi,Tiruvarur
614001,Mannargudi West B.O,B.O,Non-Delivery,Mannargudi,Tiruvarur
614001,Vanakkara Street B.O,B.O,Non-Delivery,Mannargudi,Tiruvarur
614013,Idangankottai Keelaiyur B.O,B.O,Delivery,Mannargudi,Tiruvarur
614013,Idangankottai Melaiyur S.O,S.O,Delivery,Mannargudi,Tiruvarur
614013,Karaikottai B.O,B.O,Delivery,Mannargudi,Tiruvarur
614013,Kattakudi B.O,B.O,Delivery,Mannargudi,Tiruvarur
614013,Pullavarayankudikadu B.O,B.O,Delivery,Nidamangalam,Tiruvarur
614014,Karunavur B.O,B.O,Delivery,Mannargudi,Tiruvarur
614014,Melavasal B.O,B.O,Non-Delivery,NA,Tiruvarur
614014,Muvanallur B.O,B.O,Delivery,NA,Tiruvarur
614014,Neduvakottai B.O,B.O,Delivery,NA,Tiruvarur
614014,Pamani-MNG S.O,S.O,Delivery,Mannargudi,Tiruvarur
614014,Savalakkaran B.O,B.O,Delivery,Nidamangalam,Tiruvarur
614014,Serumangalam B.O,B.O,Delivery,NA,Tiruvarur
614015,Kilakurichi B.O,B.O,Delivery,Pattukottai,Thanjavur
614015,Koopachikottai B.O,B.O,Delivery,Mannargudi,Tiruvarur
614015,Melanatham B.O,B.O,Delivery,Mannargudi,Tiruvarur
614015,Paravakottai S.O,S.O,Delivery,Mannargudi,Tiruvarur
614016,Asesham B.O,B.O,Delivery,NA,Tiruvarur
614016,Nagai B.O,B.O,Delivery,NA,Tiruvarur
614016,Nemmeli-MNG B.O,B.O,Delivery,Mannargudi,Tiruvarur
614016,Serangolam S.O,S.O,Delivery,Mannargudi,Tiruvarur
614016,Solapandi B.O,B.O,Delivery,Mannargudi,Tiruvarur
614016,Sundarakottai B.O,B.O,Delivery,NA,Tiruvarur
614016,Talayamangalam(MNG) B.O,B.O,Delivery,Mannargudi,Tiruvarur
614017,Elavanur B.O,B.O,Delivery,Mannargudi,Tiruvarur
614017,Kaniyakurichi B.O,B.O,Delivery,Pattukottai,Thanjavur
614017,Palayakottai B.O,B.O,Delivery,Mannargudi,Tiruvarur
614017,Sokkanavur B.O,B.O,Delivery,Mannargudi,Tiruvarur
614017,Tirumakottai S.O,S.O,Delivery,Mannargudi,Tiruvarur
614017,Vallur B.O,B.O,Delivery,Mannargudi,Tiruvarur
614018,Alankottai B.O,B.O,Delivery,Mannargudi,Tiruvarur
614018,Kandithampettai B.O,B.O,Delivery,Mannargudi,Tiruvarur
614018,Karuvakurichi B.O,B.O,Delivery,Mannargudi,Tiruvarur
614018,Mahadevapattinam B.O,B.O,Delivery,Mannargudi,Tiruvarur
614018,Melanemmeli B.O,B.O,Delivery,Mannargudi,Tiruvarur
614018,Mukkul.Am Sathanur B.O,B.O,Non-Delivery,Mannargudi,Tiruvarur
614018,Nallikottai B.O,B.O,Delivery,Mannargudi,Tiruvarur
614018,Peraiyur B.O,B.O,Delivery,Mannargudi,Tiruvarur
614018,Thalikottai B.O,B.O,Delivery,Mannargudi,Tiruvarur
614018,Tirupalakudi B.O,B.O,Delivery,Mannargudi,Tiruvarur
614018,Ullikottai S.O,S.O,Delivery,Mannargudi,Tiruvarur
614019,Arasapattu B.O,B.O,Delivery,Orattanad,Thanjavur
614019,Kattur B.O,B.O,Delivery,Thanjavur,Thanjavur
614019,Kulamangalam B.O,B.O,Delivery,Orattanad,Thanjavur
614019,Murthiambalpuram B.O,B.O,Delivery,Orattanad,Thanjavur
614019,Muvarkottai B.O,B.O,Delivery,Mannargudi,Tiruvarur
614019,Neivasal B.O,B.O,Delivery,Orattanad,Thanjavur
614019,Ragavambalpuram B.O,B.O,Delivery,Orattanad,Thanjavur
614019,Sadayarkoil B.O,B.O,Delivery,Mannargudi,Tiruvarur
614019,Talayamangalam(VDR) B.O,B.O,Delivery,Orattanad,Thanjavur
614019,Vaduvur S.O,S.O,Delivery,Mannargudi,Tiruvarur
614019,Vaduvur Thenpathi B.O,B.O,Delivery,Mannargudi,Tiruvarur
614019,Vaduvur Vadapathi B.O,B.O,Delivery,Mannargudi,Tiruvarur
614019,Valamarkottai B.O,B.O,Delivery,Thanjavur,Thanjavur
614019,Vandayariruppu B.O,B.O,Delivery,Orattanad,Thanjavur
614020,Painganadu S.O,S.O,Delivery,Mannargudi,Tiruvarur
614020,Radhanarasimhapuram B.O,B.O,Delivery,Mannargudi,Tiruvarur
614020,Tenparai B.O,B.O,Delivery,Mannargudi,Tiruvarur
614101,Koothanallur East B.O,B.O,Non-Delivery,Nidamangalam,Tiruvarur
614101,Koothanallur S.O,S.O,Delivery,Mannargudi,Tiruvarur
614101,Kothangudi B.O,B.O,Delivery,Nidamangalam,Tiruvarur
614101,Kottugacheri B.O,B.O,Delivery,Nidamangalam,Tiruvarur
614101,Manjanavadi B.O,B.O,Delivery,Nidamangalam,Tiruvarur
614101,Nahangudi B.O,B.O,Delivery,Nidamangalam,Tiruvarur
614101,Palayanur-ktn B.O,B.O,Delivery,Nidamangalam,Tiruvarur
614101,Sathanur(KTN) B.O,B.O,Delivery,Nidamangalam,Tiruvarur
614101,Tanneerkunnam B.O,B.O,Delivery,Nidamangalam,Tiruvarur
614102,Kudithangicheri B.O,B.O,Delivery,Nidamangalam,Tiruvarur
614102,Lakshmangudi S.O,S.O,Delivery,Mannargudi,Tiruvarur
614102,Vadakovanur B.O,B.O,Delivery,Nidamangalam,Tiruvarur
614103,Adangudi B.O,B.O,Delivery,Nidamangalam,Tiruvarur
614103,Podakudi S.O,S.O,Delivery,Nidamangalam,Tiruvarur
614103,Segarai B.O,B.O,Delivery,Nidamangalam,Tiruvarur
614201,Ayyampet S.O,S.O,Delivery,Papanasam,Thanjavur
614202,Ganapathi Agraharam S.O,S.O,Delivery,Papanasam,Thanjavur
614202,Iluppakorai B.O,B.O,Delivery,Papanasam,Thanjavur
614202,Manalur B.O,B.O,Delivery,Papanasam,Thanjavur
614202,Puthur-PSM B.O,B.O,Delivery,Papanasam,Thanjavur
614202,Ullikadai B.O,B.O,Delivery,Papanasam,Thanjavur
614203,Ilangarkudi B.O,B.O,Delivery,Papanasam,Thanjavur
614203,Kabistalam S.O,S.O,Delivery,Papanasam,Thanjavur
614203,Karuppur-KBS B.O,B.O,Delivery,Papanasam,Thanjavur
614203,Sarukkai B.O,B.O,Delivery,Papanasam,Thanjavur
614203,Sathyamangalam B.O,B.O,Delivery,Papanasam,Thanjavur
614203,Umayalpuram B.O,B.O,Delivery,Papanasam,Thanjavur
614203,Umbalapadi B.O,B.O,Delivery,Papanasam,Thanjavur
614204,Devarayanpettai B.O,B.O,Delivery,Papanasam,Thanjavur
614204,Koildevarayanpettai B.O,B.O,Non-Delivery,Papanasam,Thanjavur
614204,Pandaravadai S.O,S.O,Delivery,Papanasam,Thanjavur
614205,Papanasam Bazaar S.O,S.O,Non-Delivery,Papanasam,Thanjavur
614205,Papanasam H.O,H.O,Delivery,Papanasam,Thanjavur
614205,Papanasam Public Office S.O,S.O,Non-Delivery,Papanasam,Thanjavur
614205,Papanasam West B.O,B.O,Non-Delivery,Papanasam,Thanjavur
614205,Uthamadhanapuram B.O,B.O,Non-Delivery,Papanasam,Thanjavur
614206,Manangorai B.O,B.O,Delivery,Thanjavur,Thanjavur
614206,Mathur-AYP B.O,B.O,Delivery,Papanasam,Thanjavur
614206,Pasupathikoil S.O,S.O,Delivery,Papanasam,Thanjavur
614206,Soolamangalam B.O,B.O,Delivery,Papanasam,Thanjavur
614206,Tandankorai B.O,B.O,Delivery,Thanjavur,Thanjavur
614206,Vaiyacheri B.O,B.O,Delivery,Papanasam,Thanjavur
614207,Rajaghiri S.O,S.O,Delivery,Papanasam,Thanjavur
614208,Kiliyur B.O,B.O,Delivery,Valangaman,Thanjavur
614208,Nallur B.O,B.O,Delivery,Valangaman,Tiruvarur
614208,Sundaraperumalkoil S.O,S.O,Delivery,Kumbakonam,Thanjavur
614210,Neduntheru B.O,B.O,Delivery,Papanasam,Thanjavur
614210,Valoothoor S.O,S.O,Delivery,Papanasam,Thanjavur
614211,Ayyampet R.S B.O,B.O,Non-Delivery,Papanasam,Thanjavur
614211,Chakrapalli S.O,S.O,Delivery,Papanasam,Thanjavur
614301,Kovathagudi B.O,B.O,Delivery,Papanasam,Thanjavur
614301,Melattur S.O (Thanjavur),S.O,Delivery,Papanasam,Thanjavur
614301,Nariyanur B.O,B.O,Delivery,Papanasam,Thanjavur
614302,Idaiyiruppu B.O,B.O,Delivery,Papanasam,Thanjavur
614302,Manakkondu B.O,B.O,Delivery,Valangaman,Tiruvarur
614302,Mattayanthidal B.O,B.O,Delivery,Papanasam,Thanjavur
614302,Ombathuveli B.O,B.O,Delivery,Papanasam,Thanjavur
614302,Tirukkarugavur S.O,S.O,Delivery,Papanasam,Thanjavur
614302,Vadakarai Alathur B.O,B.O,Delivery,Valangaman,Tiruvarur
614303,Agaramangudi B.O,B.O,Delivery,Papanasam,Thanjavur
614303,Kavalur B.O,B.O,Delivery,Papanasam,Thanjavur
614303,Vadakkumangudi S.O,S.O,Delivery,Papanasam,Thanjavur
614303,Vembakudi B.O,B.O,Delivery,Papanasam,Thanjavur
614401,Ammapet S.O,S.O,Delivery,Papanasam,Thanjavur
614401,Chinnakadaitheru B.O,B.O,Non-Delivery,Papanasam,Thanjavur
614401,Mahimalai B.O,B.O,Delivery,Papanasam,Thanjavur
614401,Ukkadai B.O,B.O,Delivery,Papanasam,Thanjavur
614402,Arundavapuram B.O,B.O,Delivery,Papanasam,Thanjavur
614402,Kokkeri S.O,S.O,Delivery,Valangaman,Thanjavur
614402,Odayarkoil B.O,B.O,Delivery,Papanasam,Thanjavur
614402,Puliyakudi B.O,B.O,Delivery,Papanasam,Thanjavur
614402,Puthur-AME B.O,B.O,Delivery,Papanasam,Thanjavur
614402,Tirukoilpathu B.O,B.O,Delivery,Papanasam,Thanjavur
614403,Adanur(KVN) B.O,B.O,Delivery,Nidamangalam,Tiruvarur
614403,Chettichatram B.O,B.O,Delivery,Nidamangalam,Tiruvarur
614403,Kovilvenni Bazaar B.O,B.O,Non-Delivery,Needamangalam,Tiruvarur
614403,Kovilvenni S.O,S.O,Delivery,Nidamangalam,Tiruvarur
614403,Munnavalkottai B.O,B.O,Delivery,Nidamangalam,Tiruvarur
614404,Aravoor B.O,B.O,Delivery,Nidamangalam,Tiruvarur
614404,Chittamalli-nid B.O,B.O,Delivery,Nidamangalam,Tiruvarur
614404,Manickamangalam B.O,B.O,Delivery,Valangaman,Tiruvarur
614404,Mullaivasal B.O,B.O,Delivery,Nidamangalam,Tiruvarur
614404,Narasingamangalam B.O,B.O,Delivery,Nidamangalam,Tiruvarur
614404,Narthangudi B.O,B.O,Delivery,Valangaman,Tiruvarur
614404,Nidamangalam Bazaar B.O,B.O,Non-Delivery,Needamangalam,Tiruvarur
614404,Nidamangalam S.O,S.O,Delivery,Nidamangalam,Tiruvarur
614404,Olimidi B.O,B.O,Delivery,Nidamangalam,Tiruvarur
614404,Perambur B.O,B.O,Delivery,Nidamangalam,Tiruvarur
614601,Pattukottai H.O,H.O,Delivery,Pattukottai,Thanjavur
614602,Adambai B.O,B.O,Delivery,Pattukottai,Thanjavur
614602,Alivalam B.O,B.O,Delivery,Pattukottai,Thanjavur
614602,Anaikadu B.O,B.O,Delivery,Pattukottai,Thanjavur
614602,Kamatchinayakkanpalayam B.O,B.O,Non-Delivery,Pattukkottai,Thanjavur
614602,Kuruchi B.O,B.O,Delivery,Pattukottai,Thanjavur
614602,Maliyakadu B.O,B.O,Delivery,Pattukkottai,Thanjavur
614602,Mudalseri B.O,B.O,Delivery,Pattukottai,Thanjavur
614602,Nadimuthunagar S.O,S.O,Delivery,Pattukkottai,Thanjavur
614602,Naduvikottai B.O,B.O,Delivery,Pattukottai,Thanjavur
614602,Nainankulam B.O,B.O,Delivery,Pattukottai,Thanjavur
614602,Pallikondan B.O,B.O,Delivery,Pattukkottai,Thanjavur
614602,Pannavayal B.O,B.O,Delivery,Pattukottai,Thanjavur
614602,Pattukottai R.S. B.O,B.O,Non-Delivery,Pattukkottai,Thanjavur
614602,Ponnavarayankottai B.O,B.O,Delivery,Pattukottai,Thanjavur
614602,Soorapallam B.O,B.O,Non-Delivery,Pattukottai,Thanjavur
614602,Srinivasapuram S.O (Thanjavur),S.O,Non-Delivery,Pattukkottai,Thanjavur
614612,Ammanichatram B.O,B.O,Delivery,Peravurani,Thanjavur
614612,Manakadu B.O,B.O,Delivery,Peravurni,Thanjavur
614612,Mudukadu B.O,B.O,Delivery,Peravurni,Thanjavur
614612,Perumagalur S.O,S.O,Delivery,Peravurani,Thanjavur
614612,Rudrachinthamani B.O,B.O,Delivery,Peravurni,Thanjavur
614612,Tiruvattevan B.O,B.O,Delivery,Peravurni,Thanjavur
614612,Vilankulam B.O,B.O,Delivery,Peravurni,Thanjavur
614613,Attivetti B.O,B.O,Delivery,Pattukottai,Thanjavur
614613,Kasangadu B.O,B.O,Delivery,Patukottai,Thanjavur
614613,Manjavayal B.O,B.O,Delivery,Pattukkottai,Thanjavur
614613,Mannangadu B.O,B.O,Delivery,Pattukottai,Thanjavur
614613,Parakkalakottai B.O,B.O,Delivery,Pattukottai,Thanjavur
614613,Sengapaduthankadu B.O,B.O,Delivery,Pattukkottai,Thanjavur
614613,Tamarankottai S.O,S.O,Delivery,Pattukottai,Thanjavur
614613,Thuvarankurichi B.O,B.O,Delivery,Pattukottai,Thanjavur
614613,Vattakudi B.O,B.O,Delivery,Pattukottai,Thanjavur
614614,Akkaraivattam B.O,B.O,Delivery,Orattanad,Thanjavur
614614,Kaduvettividuthi B.O,B.O,Delivery,Orattanad,Thanjavur
614614,Padirankottai B.O,B.O,Delivery,Orattanad,Thanjavur
614614,Thaligaividuthy B.O,B.O,Delivery,Orattanad,Thanjavur
614614,Tiruvonam S.O,S.O,Delivery,Orathanadu,Thanjavur
614614,Unjividuthi B.O,B.O,Delivery,Orattanad,Thanjavur
614614,Uranipuram B.O,B.O,Delivery,Orathanadu,Thanjavur
614614,Vettuvakottai B.O,B.O,Delivery,Orattanad,Thanjavur
614615,Aladikkumulai S.O,S.O,Delivery,Pattukottai,Thanjavur
614615,Enadi B.O,B.O,Delivery,Pattukottai,Thanjavur
614615,Kilamangalam B.O,B.O,Delivery,Pattukottai,Thanjavur
614615,Nambivayal B.O,B.O,Delivery,Pattukottai,Thanjavur
614615,Sandangadu B.O,B.O,Delivery,Pattukottai,Thanjavur
614616,Aliyanilai B.O,B.O,Delivery,Arantangi,Pudukkottai
614616,Arantangi Fort S.O,S.O,Non-Delivery,Aranthangi,Pudukkottai
614616,Arantangi S.O,S.O,Delivery,Arantangi,Pudukkottai
614616,Edaiyathur B.O,B.O,Delivery,Aratangi,Pudukkottai
614616,Eganivayal B.O,B.O,Delivery,Arantangi,Pudukkottai
614616,Kammangadu B.O,B.O,Delivery,Arantangi,Pudukkottai
614616,Kundagavayal B.O,B.O,Delivery,Arantangi,Pudukkottai
614616,L.N.Puram B.O,B.O,Non-Delivery,Arantangi,Pudukkottai
614616,Melapattu B.O,B.O,Delivery,Arantangi,Pudukkottai
614616,Memangalam B.O,B.O,Delivery,Arantangi,Pudukkottai
614616,Muslim Street B.O,B.O,Non-Delivery,Aranthangi,Pudukkottai
614616,Nakkudi B.O,B.O,Delivery,Arantangi,Pudukkottai
614616,Panjatti B.O,B.O,Delivery,Arantangi,Pudukkottai
614616,Puduvakottai B.O,B.O,Delivery,Arantangi,Pudukkottai
614616,Ratnakottai B.O,B.O,Delivery,Arantangi,Pudukkottai
614616,Thondaimanendal B.O,B.O,Delivery,Aranthangi,Pudukkottai
614616,Veeramangalam B.O,B.O,Delivery,Arantangi,Pudukkottai
614617,Ammapattinam S.O,S.O,Delivery,Aranthangi,Pudukkottai
614617,Vichchur B.O,B.O,Delivery,Manamelkudi,Pudukkottai
614618,Alinjiyendal B.O,B.O,Delivery,Avudayarkoil,Pudukkottai
614618,Amaradakki B.O,B.O,Delivery,Avadaiyarkoil,Pudukkottai
614618,Pandipathiram B.O,B.O,Delivery,Avudayarkoil,Pudukkottai
614618,Perumarudur B.O,B.O,Delivery,Avadaiyarkoil,Pudukkottai
614618,Perunavalur B.O,B.O,Delivery,Avadaiyarkoil,Pudukkottai
614618,Poovalur B.O,B.O,Delivery,Avadaiyarkoil,Pudukkottai
614618,Tirupperunthurai S.O,S.O,Delivery,Avudayarkoil,Pudukkottai
614618,Vilanur B.O,B.O,Delivery,Avudayarkoil,Pudukkottai
614619,Bayamariyanendal B.O,B.O,Delivery,Manamelkudi,Pudukkottai
614619,Jegathapattinam B.O,B.O,Delivery,Manamelkudi,Pudukkottai
614619,Karakathikottai B.O,B.O,Delivery,Arantangi,Pudukkottai
614619,Kottaipattinam S.O,S.O,Delivery,Manamelkudi,Pudukkottai
614620,Edayathimangalam B.O,B.O,Delivery,Manamelkudi,Pudukkottai
614620,Manalur B.O,B.O,Delivery,Manamelkudi,Pudukkottai
614620,Manamelkudii S.O,S.O,Delivery,Manamelkudi,Pudukkottai
614620,Vellore B.O,B.O,Delivery,Manamelkudi,Pudukkottai
614621,Arasanagaripattinam B.O,B.O,Delivery,Manamelkudi,Pudukkottai
614621,Kanadu B.O,B.O,Delivery,Manamelkudi,Pudukkottai
614621,Mimisal S.O,S.O,Delivery,Manamelkudi,Pudukkottai
614621,Muthukuda B.O,B.O,Delivery,Manamelkudi,Pudukkottai
614621,Poyyadanallur B.O,B.O,Delivery,Manamelkudi,Pudukkottai
614621,Talanur B.O,B.O,Delivery,Manamelkudi,Pudukkottai
614622,Arayapatti B.O,B.O,Delivery,Aranthangi,Pudukkottai
614622,Chidambaraviduthi B.O,B.O,Delivery,Arantangi,Pudukkottai
614622,Kurumbur B.O,B.O,Delivery,Arantangi,Pudukkottai
614622,Maramadakki B.O,B.O,Delivery,Arantangi,Pudukkottai
614622,Palayavanam B.O,B.O,Delivery,Aranthangi,Pudukkottai
614622,Silattur S.O,S.O,Delivery,Arantangi,Pudukkottai
614622,Sunayakadu B.O,B.O,Delivery,Aranthangi,Pudukkottai
614622,Thanthani B.O,B.O,Delivery,Arantangi,Pudukkottai
614623,Ammaiyandi B.O,B.O,Delivery,Peravurni,Thanjavur
614623,Avanam S.O,S.O,Delivery,Peravurni,Thanjavur
614623,Enathikarambai B.O,B.O,Delivery,Peravurni,Thanjavur
614623,Paingal B.O,B.O,Delivery,Peravurni,Thanjavur
614624,Avanathankottai B.O,B.O,Delivery,Alangudi,Pudukkottai
614624,Erukkalakkottai B.O,B.O,Delivery,Alangudi,Pudukkottai
614624,Kasimpudupet B.O,B.O,Delivery,Alangudi,Pudukkottai
614624,Keeramangalam S.O,S.O,Delivery,Aranthangi,Pudukkottai
614624,Kothamangalam B.O,B.O,Delivery,Alangudi,Pudukkottai
614624,Kulamangalam B.O,B.O,Delivery,Alangudi,Pudukkottai
614624,Merpanaikadu B.O,B.O,Delivery,Alangudi,Pudukkottai
614624,Merpanaikadu West B.O,B.O,Delivery,Aranthangi,Pudukkottai
614624,Nagaram B.O,B.O,Delivery,Alangudi,Pudukkottai
614624,Panangulam B.O,B.O,Delivery,Alangudi,Pudukkottai
614624,Periyalur B.O,B.O,Delivery,Alangudi,Pudukkottai
614624,Poovaimanagar B.O,B.O,Delivery,Aranthangi,Pudukkottai
614624,Poovathakudi B.O,B.O,Delivery,Alangudi,Pudukkottai
614624,Tirunalur B.O,B.O,Delivery,Arantangi,Pudukkottai
614625,Kakkarai B.O,B.O,Delivery,Orattanad,Thanjavur
614625,Kannandangudi B.O,B.O,Delivery,Orattanad,Thanjavur
614625,Kannanthangudi Melaiyur B.O,B.O,Delivery,Orattanad,Thanjavur
614625,Kavarapattu B.O,B.O,Delivery,Orattanad,Thanjavur
614625,Neduvakottai B.O,B.O,Delivery,Orathanadu,Thanjavur
614625,Okkanad Kilaiyur B.O,B.O,Delivery,Orattanad,Thanjavur
614625,Okkanadumelaiyur B.O,B.O,Delivery,Orattanad,Thanjavur
614625,Orantharayankudikadu B.O,B.O,Delivery,Orattanad,Thanjavur
614625,Orattanad S.O,S.O,Delivery,Orattanad,Thanjavur
614625,Pulavankadu B.O,B.O,Delivery,Orattanad,Thanjavur
614625,Puvathur B.O,B.O,Delivery,Orattanad,Thanjavur
614625,Thennamanad B.O,B.O,Delivery,Orattanad,Thanjavur
614626,Ambalapattu B.O,B.O,Delivery,Orattanad,Thanjavur
614626,Ambalapattu North B.O,B.O,Delivery,Orattanad,Thanjavur
614626,Cholagankarai B.O,B.O,Delivery,Orathanadu,Thanjavur
614626,Karambayam B.O,B.O,Delivery,Orattanad,Thanjavur
614626,Pappanad S.O,S.O,Delivery,Orathanadu,Thanjavur
614626,Parangivettikadu B.O,B.O,Delivery,Orathanadu,Thanjavur
614626,Peikarambankottai B.O,B.O,Delivery,Orattanad,Thanjavur
614626,Tirunallur Ond B.O,B.O,Delivery,Orattanad,Thanjavur
614626,Vellur-ond B.O,B.O,Delivery,Orattanad,Thanjavur
614628,Idayathi B.O,B.O,Delivery,Peravurni,Thanjavur
614628,Kallurnikadu B.O,B.O,Delivery,Peravurni,Thanjavur
614628,Kollaikadu B.O,B.O,Delivery,Pattukkottai,Thanjavur
614628,Neyvelivadapathi B.O,B.O,Delivery,Peravurni,Thanjavur
614628,Siruvaviduthi B.O,B.O,Delivery,Peravurni,Thanjavur
614628,Tiruchitrambalam S.O,S.O,Delivery,Peravurni,Thanjavur
614628,Vengarai B.O,B.O,Delivery,Peravurni,Thanjavur
614628,Vengarai East B.O,B.O,Delivery,Orathanadu,Thanjavur
614629,Adambur B.O,B.O,Delivery,Avudayarkoil,Pudukkottai
614629,Idaiyur B.O,B.O,Delivery,Avadaiyarkoil,Pudukkottai
614629,Kalabam B.O,B.O,Delivery,Avadaiyarkoil,Pudukkottai
614629,Padirakudi B.O,B.O,Delivery,Aranthangi,Pudukkottai
614629,Ponbethi S.O,S.O,Delivery,Avadaiyarkoil,Pudukkottai
614629,Thiruppunavasal B.O,B.O,Delivery,Avadaiyarkoil,Pudukkottai
614629,Thiyathur B.O,B.O,Delivery,Avadaiyarkoil,Pudukkottai
614630,Attani S.O,S.O,Delivery,Aranthangi,Pudukkottai
614630,Bramanavayal B.O,B.O,Delivery,Arantangi,Pudukkottai
614630,Karaikottai B.O,B.O,Delivery,Arantangi,Pudukkottai
614630,Kattumavadi B.O,B.O,Delivery,Aranthangi,Pudukkottai
614630,Krishnajipattinam B.O,B.O,Delivery,Aranthangi,Pudukkottai
614630,Singavanam B.O,B.O,Delivery,Arantangi,Pudukkottai
614630,Vettanur B.O,B.O,Delivery,Arantangi,Pudukkottai
614701,Adirampattinam R.S B.O,B.O,Non-Delivery,Pattukkottai,Thanjavur
614701,Adirampattinam S.O,S.O,Delivery,Pattukottai,Thanjavur
614701,Eripurakarai B.O,B.O,Delivery,Pattukottai,Thanjavur
614701,Magilankottai B.O,B.O,Delivery,Pattukottai,Thanjavur
614701,Palanjore B.O,B.O,Delivery,Pattukottai,Thanjavur
614701,Pudukottai Ullur B.O,B.O,Delivery,Pattukottai,Thanjavur
614701,Rajamadam B.O,B.O,Delivery,Pattukottai,Thanjavur
614702,Ariyalur B.O,B.O,Delivery,Thiruthuraipoondi,Tiruvarur
614702,Devadanam B.O,B.O,Delivery,Tiruturaipundi,Tiruvarur
614702,Idaiyur S.O,S.O,Delivery,Tiruturaipundi,Tiruvarur
614702,Kulamanickam B.O,B.O,Delivery,Mannargudi,Tiruvarur
614703,Idumbavanam B.O,B.O,Delivery,Tiruturaipundi,Tiruvarur
614703,Karpaganatharkulam B.O,B.O,Delivery,Tiruturaipundi,Tiruvarur
614703,Keelapandi B.O,B.O,Delivery,Tiruturaipundi,Tiruvarur
614703,Kilaperumalai B.O,B.O,Delivery,Tiruturaipundi,Tiruvarur
614703,Kunnalur S.O,S.O,Delivery,Tiruturaipundi,Tiruvarur
614703,Melaperumalai B.O,B.O,Delivery,Tiruturaipundi,Tiruvarur
614703,Nedumbalam B.O,B.O,Delivery,Tiruturaipundi,Tiruvarur
614703,Ovarur B.O,B.O,Delivery,Tiruturaipundi,Tiruvarur
614703,Tondiakkadu B.O,B.O,Delivery,Tiruturaipundi,Tiruvarur
614703,Vadiakadu B.O,B.O,Delivery,Thiruthuraipoondi,Tiruvarur
614703,Veppancheri B.O,B.O,Delivery,Thiruthuraipoondi,Tiruvarur
614704,Alangadu B.O,B.O,Delivery,Tiruturaipundi,Tiruvarur
614704,Alangadu Uppur B.O,B.O,Delivery,Thiruthuraipoondi,Tiruvarur
614704,Kilakadu B.O,B.O,Delivery,Pattukkottai,Thanjavur
614704,Kilanammankurichi B.O,B.O,Delivery,Tiruturaipundi,Tiruvarur
614704,Kovilur B.O,B.O,Non-Delivery,Thiruthuraipoondi,Tiruvarur
614704,Maravakadu B.O,B.O,Delivery,Tiruturaipundi,Thanjavur
614704,Mutupet S.O,S.O,Delivery,Tiruturaipundi,Tiruvarur
614704,Pettai B.O,B.O,Non-Delivery,Thiruthuraipoondi,Tiruvarur
614704,Sembadavankadu B.O,B.O,Delivery,Thiruthuraipoondi,Tiruvarur
614704,Thambikottai B.O,B.O,Delivery,Pattukkottai,Thanjavur
614704,Thambikottai Melakadu B.O,B.O,Delivery,Tiruturaipundi,Thanjavur
614705,Karunavur B.O,B.O,Delivery,Mannargudi,Tiruvarur
614705,Kezhuvathur B.O,B.O,Delivery,Mannargudi,Tiruvarur
614705,Mannukkumundan B.O,B.O,Delivery,Mannargudi,Tiruvarur
614705,Palaiyur B.O,B.O,Delivery,Mannargudi,Tiruvarur
614705,Peruvazhandan S.O,S.O,Delivery,Mannargudi,Tiruvarur
614705,Puthagaram B.O,B.O,Delivery,Mannargudi,Tiruvarur
614705,Sithamalli B.O,B.O,Delivery,Mannargudi,Tiruvarur
614706,Kummattitidal B.O,B.O,Delivery,Thiruthuraipoondi,Tiruvarur
614706,Pinnathur B.O,B.O,Delivery,Tiruturaipundi,Tiruvarur
614706,Thillaivilagam B.O,B.O,Delivery,Tiruturaipundi,Tiruvarur
614706,Thillaivilagam South B.O,B.O,Delivery,Thiruthuraipoondi,Tiruvarur
614706,Udayamarthandapuram S.O,S.O,Delivery,Tiruturaipundi,Tiruvarur
614707,Adanur B.O,B.O,Delivery,Vedaraniam,Nagapattinam
614707,Ayakkarambalam I Sethi B.O,B.O,Delivery,Vedaraniam,Nagapattinam
614707,Ayakkarambalam III Sethi B.O,B.O,Delivery,Vedaraniam,Nagapattinam
614707,Ayakkarambalam Ii Sethi S.O,S.O,Delivery,Vedaraniam,Nagapattinam
614707,Kadinavayal B.O,B.O,Delivery,Vedaraniam,Nagapattinam
614707,Karuppanpulam B.O,B.O,Delivery,Vedaraniam,Nagapattinam
614707,Pannal B.O,B.O,Delivery,Vedaraniam,Nagapattinam
614708,Irulneeki B.O,B.O,Delivery,Mannargudi,Tiruvarur
614708,Karuppakilar B.O,B.O,Delivery,Mannargudi,Tiruvarur
614708,Kilapanaiyur B.O,B.O,Delivery,Mannargudi,Tiruvarur
614708,Kottur S.O (Tiruvarur),S.O,Delivery,Mannargudi,Tiruvarur
614708,Pulithikudi B.O,B.O,Delivery,Mannargudi,Tiruvarur
614708,Sendamangalam(TTP) B.O,B.O,Delivery,Mannargudi,Tiruvarur
614710,Mangudi B.O,B.O,Delivery,Tiruturaipundi,Tiruvarur
614710,Marudavanam B.O,B.O,Delivery,Tiruturaipundi,Tiruvarur
614710,Naduvakalappal S.O,S.O,Delivery,Mannargudi,Tiruvarur
614710,Naruvelikalappal B.O,B.O,Delivery,Mannargudi,Tiruvarur
614710,Terkunanallur B.O,B.O,Delivery,Mannargudi,Tiruvarur
614710,Tirukalar B.O,B.O,Delivery,Mannargudi,Tiruvarur
614711,Arunthavambulam B.O,B.O,Delivery,Thirukkuvalai,Nagapattinam
614711,Aymoor B.O,B.O,Delivery,Tiruturaipundi,Nagapattinam
614711,Korukkai B.O,B.O,Delivery,Tiruturaipundi,Tiruvarur
614711,Maracheri B.O,B.O,Delivery,Thirukkuvalai,Nagapattinam
614711,Nathapallam B.O,B.O,Delivery,Tiruturaipundi,Nagapattinam
614711,Neermulai B.O,B.O,Delivery,Tiruturaipundi,Nagapattinam
614711,Pamani-TTP S.O,S.O,Delivery,Tiruturaipundi,Tiruvarur
614711,Thalaikadu B.O,B.O,Delivery,Vedaranyam,Nagapattinam
614711,Thulasapuram B.O,B.O,Delivery,Tiruturaipundi,Nagapattinam
614711,Umbalacheri B.O,B.O,Delivery,Tiruturaipundi,Nagapattinam
614712,Manakudi B.O,B.O,Delivery,Vedaraniam,Nagapattinam
614712,Pirinjimulai B.O,B.O,Delivery,Vedaranyam,Nagapattinam
614712,Talanayar Agraharam S.O,S.O,Delivery,Vedaranyam,Nagapattinam
614712,Talanayar III Sethi B.O,B.O,Delivery,Vedaranyam,Nagapattinam
614712,Talanayar IV Sethi B.O,B.O,Delivery,Vedaranyam,Nagapattinam
614712,Vadugur B.O,B.O,Delivery,Thirukkuvalai,Nagapattinam
614713,Tiruturaipundi Bazaar S.O,S.O,Non-Delivery,Thiruthuraipoondi,Tiruvarur
614713,Tiruturaipundi H.O,H.O,Delivery,Tiruturaipundi,Tiruvarur
614713,Tiruturaipundi R.S. S.O,S.O,Non-Delivery,Thiruthuraipoondi,Tiruvarur
614714,Annapettai B.O,B.O,Delivery,Vedaranyam,Nagapattinam
614714,Marudur Therkusethi B.O,B.O,Delivery,Vedaraniam,Nagapattinam
614714,Marudur Vadakku Sethi B.O,B.O,Delivery,Vedaranyam,Nagapattinam
614714,Panchanathikulam B.O,B.O,Delivery,Vedaraniam,Nagapattinam
614714,Panchanathikulam East B.O,B.O,Delivery,Vedaraniam,Nagapattinam
614714,Panchanathikulam Nadu Sethi B.O,B.O,Delivery,Vedaraniam,Nagapattinam
614714,Takattur S.O,S.O,Delivery,Vedaraniam,Nagapattinam
614714,Thulajapattinam B.O,B.O,Delivery,Vedaranyam,Nagapattinam
614714,Uvoimedu B.O,B.O,Delivery,Vedaraniam,Nagapattinam
614714,Vanduvancheri B.O,B.O,Delivery,Vedaraniam,Nagapattinam
614715,Divammapuram B.O,B.O,Delivery,Tiruturaipundi,Tiruvarur
614715,Ezhilur B.O,B.O,Delivery,Tiruturaipundi,Tiruvarur
614715,Kadiacheri B.O,B.O,Delivery,Thiruthuraipoondi,Tiruvarur
614715,Keerakalur B.O,B.O,Delivery,Tiruturaipundi,Tiruvarur
614715,Kothamangalam B.O,B.O,Delivery,Tiruturaipundi,Tiruvarur
614715,Mettupalayam B.O,B.O,Delivery,Tiruturaipundi,Tiruvarur
614715,Rayanallur B.O,B.O,Delivery,Tiruturaipundi,Tiruvarur
614715,Vellur-ttp B.O,B.O,Delivery,Tiruturaipundi,Tiruvarur
614715,Vilakudi S.O,S.O,Delivery,Tiruturaipundi,Tiruvarur
614715,Vittukatti B.O,B.O,Delivery,Thiruthuraipoondi,Tiruvarur
614716,Kattimodu S.O,S.O,Delivery,Tiruturaipundi,Tiruvarur
614716,Melamarudur B.O,B.O,Delivery,Tiruturaipundi,Tiruvarur
614716,Pichankottagam B.O,B.O,Delivery,Tiruturaipundi,Tiruvarur
614716,Thanikottagam B.O,B.O,Delivery,Tiruturaipundi,Nagapattinam
614716,Vadamalaimanakadu B.O,B.O,Delivery,Tiruturaipundi,Nagapattinam
614717,Adichapuram S.O,S.O,Delivery,Mannargudi,Tiruvarur
614717,Kunniyur B.O,B.O,Delivery,Mannargudi,Tiruvarur
614717,Melapanaiyur B.O,B.O,Delivery,Mannargudi,Tiruvarur
614717,Nallur-TTP B.O,B.O,Delivery,Mannargudi,Tiruvarur
614717,Paingattur B.O,B.O,Delivery,Mannargudi,Tiruvarur
614717,Renganathapuram B.O,B.O,Delivery,Mannargudi,Tiruvarur
614717,Thiruvanduthurai B.O,B.O,Delivery,Mannargudi,Tiruvarur
614717,Vattar B.O,B.O,Delivery,Mannargudi,Tiruvarur
614723,Alagiyanayakipuram B.O,B.O,Delivery,Peravurni,Thanjavur
614723,Andikadu B.O,B.O,Delivery,Peravurni,Thanjavur
614723,Mallipattinam S.O,S.O,Delivery,Pattukkottai,Thanjavur
614723,Rendampulikadu B.O,B.O,Delivery,Peravurni,Thanjavur
614723,Sarabendrarajanpattinam B.O,B.O,Delivery,Peravurni,Thanjavur
614738,Jambavanodai S.O,S.O,Delivery,Tiruturaipundi,Tiruvarur
614801,Arasarkulam S.O,S.O,Delivery,Arantangi,Pudukkottai
614801,Ayingudi B.O,B.O,Delivery,Aranangi,Pudukkottai
614801,Vallavari B.O,B.O,Delivery,Arantangi,Pudukkottai
614802,Karambakadu B.O,B.O,Delivery,Peravurni,Thanjavur
614802,Kuruvikarambai S.O,S.O,Delivery,Peravurni,Thanjavur
614802,Marungapallam B.O,B.O,Delivery,Peravurni,Thanjavur
614802,Nadiyam B.O,B.O,Delivery,Peravurni,Thanjavur
614802,Sethubavachatram B.O,B.O,Delivery,Peravurni,Thanjavur
614802,Umattanad B.O,B.O,Delivery,Peravurni,Thanjavur
614802,Virayankottai B.O,B.O,Delivery,Peravurni,Thanjavur
614803,Chokkanathapuram B.O,B.O,Delivery,Peravurni,Thanjavur
614803,Kattayankadu B.O,B.O,Delivery,Peravurni,Thanjavur
614803,Ottangadu S.O,S.O,Delivery,Peravurni,Thanjavur
614803,Pallathur B.O,B.O,Delivery,Peravurni,Thanjavur
614803,Punavasal B.O,B.O,Delivery,Peravurni,Thanjavur
614803,Siruvalakadu B.O,B.O,Delivery,Peravurni,Thanjavur
614804,Kalagam B.O,B.O,Delivery,Peravurni,Thanjavur
614804,Kalanivasal B.O,B.O,Delivery,Peravurni,Thanjavur
614804,Kalathur B.O,B.O,Delivery,Peravurni,Thanjavur
614804,Karuppamanai B.O,B.O,Delivery,Peravurani,Thanjavur
614804,Mavadukurichi B.O,B.O,Delivery,Peravurni,Thanjavur
614804,Mudachikadu B.O,B.O,Delivery,Peravurani,Thanjavur
614804,Palaya Peravurni B.O,B.O,Non-Delivery,Peravurani,Thanjavur
614804,Peravurni S.O,S.O,Delivery,Peravurani,Thanjavur
614804,Pinnavasal B.O,B.O,Delivery,Peravurni,Thanjavur
614804,Punaikuthikadu B.O,B.O,Delivery,Peravurni,Thanjavur
614804,Sengamangalam B.O,B.O,Delivery,Peravurni,Thanjavur
614804,Sornakadu B.O,B.O,Delivery,Peravurni,Thanjavur
614805,Amarasimhendrapuram B.O,B.O,Delivery,Arantangi,Pudukkottai
614805,Kodivayal B.O,B.O,Delivery,Arantangi,Pudukkottai
614805,Mangalanadu B.O,B.O,Delivery,Arantangi,Pudukkottai
614805,Subramaniapuram S.O (Pudukkottai),S.O,Delivery,Manamelkudi,Pudukkottai
614806,Avarikadu B.O,B.O,Delivery,Vedaranyam,Nagapattinam
614806,Chettipulam B.O,B.O,Delivery,Vedaranyam,Nagapattinam
614806,Kariyapattinam R.S B.O,B.O,Delivery,Vedaranyam,Nagapattinam
614806,Kariyapattinam S.O,S.O,Delivery,Vedaranyam,Nagapattinam
614806,Pirandiankarai B.O,B.O,Delivery,Vedaraniam,Nagapattinam
614806,Rajapuram B.O,B.O,Delivery,Vedaranyam,Nagapattinam
614806,Senbagarayanallur B.O,B.O,Delivery,Vedaraniam,Nagapattinam
614806,Thennampulam B.O,B.O,Delivery,Vedaranyam,Nagapattinam
614807,Kodiakkadu B.O,B.O,Delivery,Vedaraniam,Nagapattinam
614807,Kodiakkarai S.O,S.O,Delivery,Vedaraniam,Nagapattinam
614808,Katripulam B.O,B.O,Delivery,Vedaraniam,Nagapattinam
614808,Kuruvapulam S.O,S.O,Delivery,Vedaraniam,Nagapattinam
614808,Nagakudaiyan B.O,B.O,Delivery,Vedaraniam,Nagapattinam
614808,Neivilakku B.O,B.O,Delivery,Vedarniam,Nagapattinam
614808,Panayadikuthagai B.O,B.O,Delivery,Vedaranyam,Nagapattinam
614809,Arkattuthurai B.O,B.O,Delivery,Vedaranyam,Nagapattinam
614809,Kallimodu B.O,B.O,Delivery,Vedaraniam,Nagapattinam
614809,Periyakuthagai B.O,B.O,Delivery,Vedaraniam,Nagapattinam
614809,Pushpavanam B.O,B.O,Delivery,Vedarniam,Nagapattinam
614809,Sembodai B.O,B.O,Delivery,Vedaraniam,Nagapattinam
614809,Thethakudi Therkusethi B.O,B.O,Delivery,Vedaraniam,Nagapattinam
614809,Thethakudivadakkusethi B.O,B.O,Delivery,Vedaraniam,Nagapattinam
614809,Topputhurai S.O,S.O,Delivery,Vedaranyam,Nagapattinam
614809,Yadhavapuram B.O,B.O,Delivery,Vedaraniam,Nagapattinam
614810,Agasthiampalli B.O,B.O,Delivery,Vedaranyam,Nagapattinam
614810,Maraignanallur B.O,B.O,Delivery,Vedaranyam,Nagapattinam
614810,Vedaraniam S.O,S.O,Delivery,Vedaraniam,Nagapattinam
614901,Alampallam B.O,B.O,Delivery,Pattukottai,Thanjavur
614901,Alathur S.O,S.O,Delivery,Pattukottai,Thanjavur
614901,Kannugudi B.O,B.O,Delivery,Pattukottai,Thanjavur
614901,Kannugudi Kilpathi B.O,B.O,Delivery,Pattukottai,Thanjavur
614901,Mullurpattikadu B.O,B.O,Delivery,Pattukottai,Thanjavur
614901,Sembalur B.O,B.O,Delivery,Pattukottai,Thanjavur
614901,Sendankadu B.O,B.O,Delivery,Pattukottai,Thanjavur
614902,Athankaraipatti B.O,B.O,Delivery,Gandarvakkottai,Pudukkottai
614902,Cholapuram B.O,B.O,Delivery,Orattanad,Thanjavur
614902,Eachankottai B.O,B.O,Delivery,Orattanad,Thanjavur
614902,Kakkaraikottai B.O,B.O,Delivery,Orattanad,Thanjavur
614902,Karukadipatti B.O,B.O,Delivery,Orathanadu,Thanjavur
614902,Kottaitheru S.O,S.O,Delivery,Orattanad,Thanjavur
614902,Mudalipatti B.O,B.O,Delivery,Orattanad,Pudukkottai
614902,Pachiyur B.O,B.O,Delivery,Orattanad,Thanjavur
614902,Pinnaiyur B.O,B.O,Delivery,Orattanad,Thanjavur
614902,Poyyundarkottai B.O,B.O,Delivery,Orattanad,Thanjavur
614902,Sethurayankudikadu B.O,B.O,Delivery,Orathanadu,Thanjavur
614902,Sillathur Ktu B.O,B.O,Delivery,Orattanad,Thanjavur
614902,Vadakkur B.O,B.O,Delivery,Orattanad,Thanjavur
614902,Vettikadu B.O,B.O,Delivery,Pattukkottai,Thanjavur
614903,Andami B.O,B.O,Delivery,Pattukottai,Thanjavur
614903,Ilangadu B.O,B.O,Delivery,Pattukottai,Thanjavur
614903,Kadanthankudi B.O,B.O,Delivery,Pattukottai,Thanjavur
614903,Kalyanaodai B.O,B.O,Delivery,Pattukottai,Thanjavur
614903,Karuppur B.O,B.O,Delivery,Pattukottai,Thanjavur
614903,Madukkur North B.O,B.O,Delivery,Pattukkottai,Thanjavur
614903,Madukkur S.O,S.O,Delivery,Pattukottai,Thanjavur
614903,Melanammankurichi B.O,B.O,Delivery,Pattukottai,Tiruvarur
614903,Periyakottai B.O,B.O,Delivery,Pattukottai,Thanjavur
614903,Pulavanji B.O,B.O,Delivery,Pattukottai,Thanjavur
614903,Siramelkudi B.O,B.O,Delivery,Pattukottai,Thanjavur
614903,Vikramam B.O,B.O,Delivery,Pattukottai,Thanjavur
614904,Azhiavaikal B.O,B.O,Delivery,Orattanad,Thanjavur
614904,Kandithampattu B.O,B.O,Delivery,Orattanad,Thanjavur
614904,Kasanadupudur B.O,B.O,Delivery,Orathanadu,Thanjavur
614904,Kilauluvur B.O,B.O,Delivery,Orattanad,Thanjavur
614904,Kilavastachavadi B.O,B.O,Delivery,Thanjavur,Thanjavur
614904,Melauluvur S.O,S.O,Delivery,Orathanadu,Thanjavur
614904,Nadur B.O,B.O,Delivery,Orattanad,Thanjavur
614904,Panchanathikottai B.O,B.O,Delivery,Orattanad,Thanjavur
614904,Paruthikottai B.O,B.O,Delivery,Orattanad,Thanjavur
614904,Ponnapur B.O,B.O,Delivery,Orattanad,Thanjavur
614904,Sydambalpuram B.O,B.O,Delivery,Thanjavur,Thanjavur
614905,Tirumangalakottai B.O,B.O,Delivery,Orathanadu,Thanjavur
614905,Tirumangalakottai Kilayur B.O,B.O,Delivery,Orathanadu,Thanjavur
614905,Tirumangalakottai West B.O,B.O,Delivery,Orattanad,Thanjavur
614905,Vadaseri S.O,S.O,Delivery,Orattanad,Thanjavur
614906,Athikottai B.O,B.O,Delivery,Pattukottai,Thanjavur
614906,Moothakurichi B.O,B.O,Delivery,Pattukottai,Thanjavur
614906,Nattuchalai S.O,S.O,Delivery,Pattukottai,Thanjavur
614906,Vendakottai B.O,B.O,Delivery,Pattukottai,Thanjavur
614906,Veppankulam B.O,B.O,Delivery,Pattukottai,Thanjavur
620001,Bheemanagar S.O,S.O,Non-Delivery,Tiruchirappalli,Tiruchirappalli
620001,Ponnagar S.O,S.O,Non-Delivery,Tiruchirappalli,Tiruchirappalli
620001,Ponniah School Buildings S.O,S.O,Non-Delivery,Tiruchirappalli,Tiruchirappalli
620001,Pushpanagar S.O,S.O,Non-Delivery,Tiruchirappalli,Tiruchirappalli
620001,Tiruchirappalli Cantonment S.O,S.O,Non-Delivery,Tiruchirappalli,Tiruchirappalli
620001,Tiruchirappalli Collectorate S.O,S.O,Non-Delivery,Tiruchirappalli,Tiruchirappalli
620001,Tiruchirappalli H.O,H.O,Delivery,Tiruchirappalli,Tiruchirappalli
620001,Tiruchirappalli R.S. S.O,S.O,Non-Delivery,Tiruchirappalli,Tiruchirappalli
620002,Rock Fort S.O,S.O,Non-Delivery,Tiruchirappalli,Tiruchirappalli
620002,Teppakulam S.O,S.O,Delivery,Tiruchirappalli,Tiruchirappalli
620002,Tiruchirappalli Townhall S.O,S.O,Non-Delivery,Tiruchirappalli,Tiruchirappalli
620003,Salainagar B.O,B.O,Non-Delivery,Tiruchirappalli,Tiruchirappalli
620003,Woriur Bazaar S.O,S.O,Non-Delivery,Tiruchirappalli,Tiruchirappalli
620003,Woriur S.O,S.O,Delivery,Tiruchirappalli,Tiruchirappalli
620004,Ambikapuram S.O (Tiruchirappalli),S.O,Non-Delivery,Tiruchirappalli,Tiruchirappalli
620004,Golden Rock Market S.O,S.O,Non-Delivery,Tiruchirappalli,Tiruchirappalli
620004,Golden Rock North S.O,S.O,Non-Delivery,Tiruchirappalli,Tiruchirappalli
620004,Golden Rock S.O,S.O,Delivery,Tiruchirappalli,Tiruchirappalli
620004,Senthanneerpuram S.O,S.O,Non-Delivery,Tiruchirappalli,Tiruchirappalli
620005,EVR Nagar S.O,S.O,Non-Delivery,Srirangam,Tiruchirappalli
620005,Kondayampettai S.O,S.O,Non-Delivery,Srirangam,Tiruchirappalli
620005,Srinivasanagar S.O (Tiruchirappalli),S.O,Non-Delivery,Srirangam,Tiruchirappalli
620005,Tiruvalarsolai B.O,B.O,Delivery,Srirangam,Tiruchirappalli
620005,Tiruvanaikoil S.O,S.O,Delivery,Srirangam,Tiruchirappalli
620005,Uthamaseri B.O,B.O,Delivery,Srirangam,Tiruchirappalli
620006,Ammamandapam S.O,S.O,Non-Delivery,Srirangam,Tiruchirappalli
620006,Melur B.O,B.O,Non-Delivery,Srirangam,Tiruchirappalli
620006,Renganagar S.O,S.O,Non-Delivery,Srirangam,Tiruchirappalli
620006,Srirangam H.O,H.O,Delivery,Srirangam,Tiruchirappalli
620006,Srirangam North S.O,S.O,Non-Delivery,Srirangam,Tiruchirappalli
620006,Srirangam West S.O,S.O,Non-Delivery,Srirangam,Tiruchirappalli
620007,Gundur B.O,B.O,Delivery,Tiruchirappalli,Tiruchirappalli
620007,Tiruchirappalli Airport S.O,S.O,Delivery,Tiruchirappalli,Tiruchirappalli
620008,Clock Tower S.O (Tiruchirappalli),S.O,Non-Delivery,Tiruchirappalli,Tiruchirappalli
620008,Palakkarai S.O,S.O,Non-Delivery,Tiruchirappalli,Tiruchirappalli
620008,Tiruchirappalli Fort S.O,S.O,Delivery,Tiruchirappalli,Tiruchirappalli
620009,Ariyavur B.O,B.O,Delivery,Tiruchirappalli,Tiruchirappalli
620009,Inamkulathur B.O,B.O,Delivery,Tiruchirappalli,Tiruchirappalli
620009,Navalurkottapattu B.O,B.O,Delivery,Tiruchirappalli,Tiruchirappalli
620009,Paganur B.O,B.O,Delivery,Tiruchirappalli,Tiruchirappalli
620009,Pirattiyur B.O,B.O,Delivery,Tiruchirappalli,Tiruchirappalli
620009,Pulangulathupatti B.O,B.O,Delivery,Tiruchirappalli,Tiruchirappalli
620009,Ramjeenagar S.O,S.O,Delivery,Tiruchirappalli,Tiruchirappalli
620010,Ariyamangalam B.O,B.O,Delivery,Tiruchirappalli,Tiruchirappalli
620010,Industrial Colony S.O,S.O,Delivery,Tiruchirappalli,Tiruchirappalli
620010,Kamarajanagar B.O,B.O,Non-Delivery,Tiruchirappalli,Tiruchirappalli
620010,Sircarpalayam B.O,B.O,Delivery,Tiruchirappalli,Tiruchirappalli
620011,Alathur B.O,B.O,Delivery,Tiruchirappalli,Tiruchirappalli
620011,Kilakalkandarkottai B.O,B.O,Delivery,Tiruchirappalli,Tiruchirappalli
620011,Kilakurichi B.O,B.O,Delivery,Tiruchirappalli,Tiruchirappalli
620011,Melakalkandarkottai S.O,S.O,Delivery,Tiruchirappalli,Tiruchirappalli
620012,Craw Ford Colony S.O,S.O,Non-Delivery,Tiruchirappalli,Tiruchirappalli
620012,Edamalaipatti Pudur S.O,S.O,Delivery,Tiruchirappalli,Tiruchirappalli
620012,Fathimanagar B.O,B.O,Delivery,Tiruchirappalli,Tiruchirappalli
620012,Manikandam B.O,B.O,Delivery,Tiruchirappalli,Tiruchirappalli
620012,Nagamangalam B.O,B.O,Delivery,Tiruchirappalli,Tiruchirappalli
620013,Arasangudi B.O,B.O,Delivery,Tiruchirappalli,Tiruchirappalli
620013,Jainagar S.O (Tiruchirappalli),S.O,Non-Delivery,Tiruchirappalli,Tiruchirappalli
620013,Koothappar B.O,B.O,Delivery,Tiruchirappalli,Tiruchirappalli
620013,Malaiadivaram B.O,B.O,Non-Delivery,Tiruchirappalli,Tiruchirappalli
620013,Natarajapuram B.O,B.O,Delivery,Tiruchirappalli,Tiruchirappalli
620013,Pathalapettai B.O,B.O,Delivery,Tiruchirappalli,Tiruchirappalli
620013,Thiruverumbur S.O,S.O,Delivery,Tiruchirappalli,Tiruchirappalli
620013,Vengur B.O,B.O,Delivery,Tiruchirappalli,Tiruchirappalli
620014,Administrative Office(BHEL) S.O,S.O,Non-Delivery,Tiruchirappalli,Tiruchirappalli
620014,Boiler Project - TR S.O,S.O,Delivery,Tiruchirappalli,Tiruchirappalli
620014,C Sector (BHEL) - TR S.O,S.O,Non-Delivery,Tiruchirappalli,Tiruchirappalli
620014,Kamarajapuram (BHEL) S.O,S.O,Non-Delivery,Tiruchirappalli,Tiruchirappalli
620015,Asoor B.O,B.O,Delivery,Tiruchirappalli,Tiruchirappalli
620015,Ayyampatti B.O,B.O,Delivery,Tiruchirappalli,Tiruchirappalli
620015,National Institute of Technology S.O,S.O,Delivery,Tiruchirappalli,Tiruchirappalli
620015,Thuvakudi B.O,B.O,Delivery,Tiruchirappalli,Tiruchirappalli
620015,Tirunedungulam B.O,B.O,Delivery,Tiruchirappalli,Tiruchirappalli
620015,Valavandankottai B.O,B.O,Delivery,Tiruchirappalli,Tiruchirappalli
620016,Navalpattu B.O,B.O,Delivery,Tiruchirappalli,Tiruchirappalli
620016,Ordnance Estate - TR S.O,S.O,Delivery,Tiruchirappalli,Tiruchirappalli
620017,Puthur S.O,S.O,Non-Delivery,Tiruchirappalli,Tiruchirappalli
620017,Ramalinganagar South S.O,S.O,Non-Delivery,Tiruchirappalli,Tiruchirappalli
620017,Tennur S.O,S.O,Delivery,Tiruchirappalli,Tiruchirappalli
620018,Thillai Nagar S.O,S.O,Delivery,Tiruchirappalli,Tiruchirappalli
620019,Pappakurichi Kattur S.O,S.O,Delivery,Tiruchirappalli,Tiruchirappalli
620020,Jamal Mohamed College S.O,S.O,Delivery,Tiruchirappalli,Tiruchirappalli
620020,Khajamalai Colony S.O,S.O,Non-Delivery,Tiruchirappalli,Tiruchirappalli
620020,Mannarpuram S.O,S.O,Non-Delivery,Tiruchirappalli,Tiruchirappalli
620020,P & T Colony S.O (Tiruchirappalli),S.O,Non-Delivery,Tiruchirappalli,Tiruchirappalli
620020,Ranjithapuram S.O,S.O,Non-Delivery,Tiruchirappalli,Tiruchirappalli
620020,Subramaniapuram S.O (Tiruchirappalli),S.O,Non-Delivery,Tiruchirappalli,Tiruchirappalli
620020,Sundararajanagar S.O,S.O,Non-Delivery,Tiruchirappalli,Tiruchirappalli
620021,K.K.Nagar S.O (Tiruchirappalli),S.O,Delivery,Tiruchirappalli,Tiruchirappalli
620021,K.Sathanur B.O,B.O,Delivery,Tiruchirappalli,Tiruchirappalli
620022,Thuvakudimalai S.O,S.O,Delivery,Tiruchirappalli,Tiruchirappalli
620023,Khajanagar S.O,S.O,Delivery,Tiruchirappalli,Tiruchirappalli
620024,Bharathidasan University S.O,S.O,Delivery,Tiruchirappalli,Tiruchirappalli
620025,Hapf Township S.O,S.O,Delivery,Tiruchirappalli,Tiruchirappalli
620025,Palanganangudi B.O,B.O,Delivery,Tiruchirappalli,Tiruchirappalli
620025,Suriyur B.O,B.O,Delivery,Tiruchirappalli,Tiruchirappalli
620026,Annanagar S.O,S.O,Delivery,Tiruchirappalli,Tiruchirappalli
620101,Allur B.O,B.O,Delivery,Tiruchirappalli,Tiruchirappalli
620101,Kambarasampettai B.O,B.O,Delivery,Tiruchirappalli,Tiruchirappalli
620101,Mutharasanallur S.O,S.O,Delivery,Tiruchirappalli,Tiruchirappalli
620102,Adavathur B.O,B.O,Delivery,Srirangam,Tiruchirappalli
620102,Kumaravayalur B.O,B.O,Delivery,Tiruchirappalli,Tiruchirappalli
620102,Malliampattu B.O,B.O,Delivery,Tiruchirappalli,Tiruchirappalli
620102,Maruthandakurichi B.O,B.O,Delivery,Srirangam,Tiruchirappalli
620102,Pallakadu B.O,B.O,Delivery,Srirangam,Tiruchirappalli
620102,Sirathope B.O,B.O,Delivery,Srirangam,Tiruchirappalli
620102,Somarasampettai S.O,S.O,Delivery,Tiruchirappalli,Tiruchirappalli
620102,Thayanur B.O,B.O,Delivery,Tiruchirappalli,Tiruchirappalli
620102,Uyyakondanthirumalai B.O,B.O,Delivery,Srirangam,Tiruchirappalli
621001,Baderpettai B.O,B.O,Delivery,Turaiyur,Tiruchirappalli
621001,Erakudi S.O,S.O,Delivery,Turaiyur,Tiruchirappalli
621001,Kottaiyur B.O,B.O,Delivery,Turaiyur,Tiruchirappalli
621001,Nagamanaickenpatti B.O,B.O,Delivery,Thuraiyur,Tiruchirappalli
621001,Reddiapatti B.O,B.O,Delivery,Thuraiyur,Tiruchirappalli
621001,Sangampatti B.O,B.O,Delivery,Thuraiyur,Tiruchirappalli
621001,Senappanallur B.O,B.O,Delivery,Turaiyur,Tiruchirappalli
621001,Sirunavalur B.O,B.O,Delivery,Turaiyur,Tiruchirappalli
621001,Vishalakshi Ammal Samudram B.O,B.O,Delivery,Turaiyur,Tiruchirappalli
621002,Kinathur B.O,B.O,Delivery,Thuraiyur,Tiruchirappalli
621002,Kirambur S.O,S.O,Delivery,Turaiyur,Tiruchirappalli
621002,Kurichi B.O,B.O,Delivery,Turaiyur,Tiruchirappalli
621002,Manalodai B.O,B.O,Delivery,Thuraiyur,Tiruchirappalli
621002,Maruvathur B.O,B.O,Delivery,Turaiyur,Tiruchirappalli
621002,Nagalapuram B.O,B.O,Delivery,Turaiyur,Tiruchirappalli
621002,Pudur B.O,B.O,Delivery,Thuraiyur,Tiruchirappalli
621002,Sellipalayam B.O,B.O,Delivery,Thuraiyur,Tiruchirappalli
621002,Sembulichampatti B.O,B.O,Delivery,Thuraiyur,Tiruchirappalli
621002,Sengattupatti B.O,B.O,Delivery,Turaiyur,Tiruchirappalli
621002,Sorathur B.O,B.O,Delivery,Thuraiyur,Tiruchirappalli
621002,T.Renganathapuram B.O,B.O,Delivery,Turaiyur,Tiruchirappalli
621002,Vengadathanur B.O,B.O,Delivery,Turaiyur,Tiruchirappalli
621003,Alathudayanpatti B.O,B.O,Delivery,Turaiyur,Tiruchirappalli
621003,B.Mettur B.O,B.O,Delivery,Thuraiyur,Tiruchirappalli
621003,Balakrishnampatti B.O,B.O,Delivery,Thuraiyur,Tiruchirappalli
621003,Kottapalayam S.O,S.O,Delivery,Turaiyur,Tiruchirappalli
621003,Maradi B.O,B.O,Delivery,Thuraiyur,Tiruchirappalli
621003,Nettavelampatti B.O,B.O,Delivery,Thuraiyur,Tiruchirappalli
621003,Pachaperumalpatti B.O,B.O,Delivery,Turaiyur,Tiruchirappalli
621003,Viswambalsamudram B.O,B.O,Delivery,Thuraiyur,Tiruchirappalli
621004,Kilakunnupatti B.O,B.O,Delivery,Thuraiyur,Tiruchirappalli
621004,Kottathur S.O,S.O,Delivery,Musiri,Tiruchirappalli
621004,Muthiyampalayam B.O,B.O,Delivery,Turaiyur,Tiruchirappalli
621004,Naduvalur B.O,B.O,Delivery,Turaiyur,Tiruchirappalli
621004,T.Sathanur B.O,B.O,Delivery,Musiri,Tiruchirappalli
621005,Alagiamanavalam B.O,B.O,Delivery,Manachanallur,Tiruchirappalli
621005,C.Ayyampalayam B.O,B.O,Delivery,Manachanallur,Tiruchirappalli
621005,Kalpalayam B.O,B.O,Delivery,Manachanallur,Tiruchirappalli
621005,Kariyamanickam B.O,B.O,Delivery,Manachanallur,Tiruchirappalli
621005,Kovathakudi B.O,B.O,Delivery,Manachanalloor,Tiruchirappalli
621005,Manachanalloor S.O,S.O,Delivery,Manachanalloor,Tiruchirappalli
621005,Rajampalayam B.O,B.O,Delivery,Manachanalloor,Tiruchirappalli
621005,Tattamangalam B.O,B.O,Delivery,Manachanalloor,Tiruchirappalli
621005,Tirupanjili B.O,B.O,Delivery,Manachanalloor,Tiruchirappalli
621005,Valaiyur B.O,B.O,Delivery,Manachanalloor,Tiruchirappalli
621006,Mambarai B.O,B.O,Delivery,Musiri,Tiruchirappalli
621006,Moovanur B.O,B.O,Delivery,Musiri,Tiruchirappalli
621006,Omandur B.O,B.O,Delivery,Manachanallur,Tiruchirappalli
621006,Peramangalam B.O,B.O,Delivery,Musiri,Tiruchirappalli
621006,Pulivalam S.O (Tiruchirappalli),S.O,Delivery,Musiri,Tiruchirappalli
621006,Thinnanur B.O,B.O,Delivery,Musiri,Tiruchirappalli
621006,Tiruthiamalai B.O,B.O,Delivery,Musiri,Tiruchirappalli
621007,Abinimangalam B.O,B.O,Delivery,Musiri,Tiruchirappalli
621007,Edumalai B.O,B.O,Delivery,Musiri,Tiruchirappalli
621007,Puthanampatti S.O,S.O,Delivery,Musiri,Tiruchirappalli
621008,Govindapuram B.O,B.O,Delivery,Thuraiyur,Tiruchirappalli
621008,Kalingamudayanpatti B.O,B.O,Delivery,Turaiyur,Tiruchirappalli
621008,Murukkur B.O,B.O,Delivery,Turaiyur,Tiruchirappalli
621008,Natham Balasamudram B.O,B.O,Delivery,Thottiam,Tiruchirappalli
621008,Oddampatti B.O,B.O,Delivery,Thuraiyur,Tiruchirappalli
621008,Okkarai B.O,B.O,Delivery,Turaiyur,Tiruchirappalli
621008,Sikkathambur S.O,S.O,Delivery,Turaiyur,Tiruchirappalli
621008,T.Narasingapuram B.O,B.O,Delivery,Thuraiyur,Tiruchirappalli
621008,Venkatesapuram B.O,B.O,Delivery,Turaiyur,Tiruchirappalli
621009,Kattukulam B.O,B.O,Delivery,Musiri,Tiruchirappalli
621009,Poonampalayam B.O,B.O,Delivery,Manachanalloor,Tiruchirappalli
621009,Sirupathur B.O,B.O,Delivery,Manachanalloor,Tiruchirappalli
621009,Tiruvellerai S.O,S.O,Delivery,Manachanallur,Tiruchirappalli
621010,Turaiyur Bus Stand S.O,S.O,Non-Delivery,Turaiyur,Tiruchirappalli
621010,Turaiyur Extension S.O,S.O,Non-Delivery,Thuraiyur,Tiruchirappalli
621010,Turaiyur H.O,H.O,Delivery,Turaiyur,Tiruchirappalli
621011,Nachilipatti B.O,B.O,Delivery,Thuraiyur,Tiruchirappalli
621011,Periyamangalam B.O,B.O,Delivery,Thuraiyur,Tiruchirappalli
621011,Puthur B.O,B.O,Delivery,Thuraiyur,Tiruchirappalli
621011,Thanneerpallam B.O,B.O,Delivery,Thuraiyur,Tiruchirappalli
621011,Top Sengattupatti B.O,B.O,Delivery,Turaiyur,Tiruchirappalli
621011,Uppliapuram S.O,S.O,Delivery,Thuraiyur,Tiruchirappalli
621011,Venkatachalapuram B.O,B.O,Delivery,Turaiyur,Tiruchirappalli
621012,Koppampatti B.O,B.O,Delivery,Turaiyur,Tiruchirappalli
621012,Naganallur B.O,B.O,Delivery,Thuraiyur,Tiruchirappalli
621012,T.Baderpettai B.O,B.O,Delivery,Thuraiyur,Tiruchirappalli
621012,T.Murungaipatti B.O,B.O,Delivery,Turaiyur,Tiruchirappalli
621012,Thalugaimangapattipudur B.O,B.O,Delivery,Thuraiyur,Tiruchirappalli
621012,Vyrichettipalayam S.O,S.O,Delivery,Turaiyur,Tiruchirappalli
621014,Adhanur B.O,B.O,Delivery,Turaiyur,Tiruchirappalli
621014,Ammapatti B.O,B.O,Delivery,Turaiyur,Tiruchirappalli
621014,Kaliyampatti B.O,B.O,Delivery,Thuraiyur,Tiruchirappalli
621014,Kalladipatti B.O,B.O,Delivery,Thuraiyur,Tiruchirappalli
621014,Karattampatti B.O,B.O,Delivery,Turaiyur,Tiruchirappalli
621014,Pagalavadi S.O,S.O,Delivery,Turaiyur,Tiruchirappalli
621014,Singalandapuram B.O,B.O,Delivery,Turaiyur,Tiruchirappalli
621101,Ammapalayam S.O,S.O,Delivery,Perambalur,Perambalur
621101,Kalarampatti B.O,B.O,Delivery,Perambalur,Perambalur
621101,Ladapuram B.O,B.O,Delivery,Perambalur,Perambalur
621101,Melapuliyur B.O,B.O,Delivery,Perambalur,Perambalur
621101,Puduattur B.O,B.O,Delivery,Thuraiyur,Tiruchirappalli
621102,Annamangalam S.O,S.O,Delivery,Veppanthattai,Perambalur
621102,Arasalur B.O,B.O,Delivery,Veppanthattai,Perambalur
621102,Viswagudi B.O,B.O,Delivery,Veppanthattai,Perambalur
621103,A.Mettur B.O,B.O,Delivery,Veppanthattai,Perambalur
621103,Arumbavur S.O,S.O,Delivery,Veppanthattai,Perambalur
621103,Panampatti B.O,B.O,Delivery,Veppanthattai,Perambalur
621103,Thaluthalai B.O,B.O,Delivery,Veppanthattai,Perambalur
621103,Thondamandurai B.O,B.O,Delivery,Veppanthattai,Perambalur
621103,Vengalam B.O,B.O,Delivery,Veppanthattai,Perambalur
621104,Bommanapadi B.O,B.O,Delivery,Perambalur,Perambalur
621104,C.Mavilingai B.O,B.O,Delivery,Kunnam,Perambalur
621104,Chathiramanai B.O,B.O,Delivery,Perambalur,Perambalur
621104,Chettikulam S.O,S.O,Delivery,Kunnam,Perambalur
621104,Kilakanavai B.O,B.O,Delivery,Perambalur,Perambalur
621104,Nattarmangalam B.O,B.O,Delivery,Kunnam,Perambalur
621104,Perahambi B.O,B.O,Delivery,Manachanallur,Tiruchirappalli
621104,Shanamangalam B.O,B.O,Delivery,Manachanallur,Tiruchirappalli
621104,T.Valaiyur B.O,B.O,Delivery,Manachanallur,Tiruchirappalli
621104,Velur B.O,B.O,Delivery,Manachanallur,Tiruchirappalli
621105,Irungalur S.O,S.O,Delivery,Trichy,Tiruchirappalli
621105,Konalai B.O,B.O,Delivery,Manachanallur,Tiruchirappalli
621105,Nedungur B.O,B.O,Delivery,Lalgudi,Tiruchirappalli
621105,Periyakurukkai B.O,B.O,Delivery,Trichy,Tiruchirappalli
621105,Reddimangudi B.O,B.O,Delivery,Trichy,Tiruchirappalli
621105,Siruganur B.O,B.O,Delivery,Trichy,Tiruchirappalli
621105,Tirupattur B.O,B.O,Delivery,Trichy,Tiruchirappalli
621106,Garudamangalam B.O,B.O,Delivery,Perambalur,Perambalur
621106,Kolakkanatham S.O,S.O,Delivery,Perambalur,Perambalur
621106,Kolathur B.O,B.O,Delivery,Perambalur,Perambalur
621106,Sathanur B.O,B.O,Delivery,Perambalur,Perambalur
621107,Alambadi B.O,B.O,Delivery,Perambalur,Perambalur
621107,Kurumbalur S.O,S.O,Delivery,Perambalur,Perambalur
621107,Palayam B.O,B.O,Delivery,Perambalur,Perambalur
621107,Senjeri B.O,B.O,Delivery,Perambalur,Perambalur
621107,Tirupayar B.O,B.O,Delivery,Perambalur,Perambalur
621108,Agaramsigur B.O,B.O,Delivery,Kunnam,Perambalur
621108,Athiyur B.O,B.O,Delivery,Kunnam,Perambalur
621108,Labbaikudikadu S.O,S.O,Delivery,Kunnam,Perambalur
621108,Ogalur B.O,B.O,Delivery,Kunnam,Perambalur
621108,Pennakonam B.O,B.O,Delivery,Kunnam,Perambalur
621108,S.Aduthurai B.O,B.O,Delivery,Kunnam,Perambalur
621108,Thirumanthurai B.O,B.O,Delivery,Kunnam,Perambalur
621108,Vadakkalur B.O,B.O,Delivery,Kunnam,Perambalur
621109,Alathur Gate B.O,B.O,Delivery,Kunnam,Perambalur
621109,Karai B.O,B.O,Delivery,Perambalur,Perambalur
621109,Ootathur B.O,B.O,Delivery,Perambalur,Perambalur
621109,Padalur S.O,S.O,Delivery,Perambalur,Perambalur
621109,Seedevimangalam B.O,B.O,Delivery,Perambalur,Perambalur
621109,Therani B.O,B.O,Delivery,Perambalur,Perambalur
621110,Kadambur B.O,B.O,Delivery,Veppanthattai,Perambalur
621110,Periyammapalayam B.O,B.O,Delivery,Veppanthattai,Perambalur
621110,Poolambadi S.O,S.O,Delivery,Musiri,Tiruchirappalli
621110,Veppadi B.O,B.O,Delivery,Gangavalli,Salem
621111,Neikuppai B.O,B.O,Delivery,Trichy,Tiruchirappalli
621111,Purathakudi S.O,S.O,Delivery,Lalgudi,Tiruchirappalli
621111,R.Valavanur B.O,B.O,Delivery,Trichy,Tiruchirappalli
621112,Devimangalam B.O,B.O,Delivery,Manachanallur,Tiruchirappalli
621112,Marudur B.O,B.O,Delivery,Lalgudi,Tiruchirappalli
621112,Pallividai B.O,B.O,Delivery,Lalgudi,Tiruchirappalli
621112,Samayapuram S.O,S.O,Delivery,Manachanalloor,Tiruchirappalli
621113,Ayilur B.O,B.O,Delivery,Perambalur,Perambalur
621113,Eraiyur B.O,B.O,Delivery,Perambalur,Perambalur
621113,Kalpadi B.O,B.O,Delivery,Perambalur,Perambalur
621113,Siruganpur B.O,B.O,Delivery,Kunnam,Perambalur
621113,Siruvachur S.O,S.O,Delivery,Perambalur,Perambalur
621113,Varagupadi B.O,B.O,Delivery,Kunnam,Perambalur
621114,Kannapadi B.O,B.O,Delivery,Kunnam,Perambalur
621114,T.Kalathur S.O,S.O,Delivery,Kunnam,Perambalur
621114,Tenur B.O,B.O,Delivery,Kunnam,Perambalur
621115,Ayikudi B.O,B.O,Delivery,Kunnam,Perambalur
621115,Brammadesam B.O,B.O,Delivery,Veppanthattai,Perambalur
621115,Elumur B.O,B.O,Delivery,Kunnam,Perambalur
621115,Fathimapuram B.O,B.O,Delivery,Veppanthattai,Perambalur
621115,Kilapuliyur B.O,B.O,Delivery,Kunnam,Perambalur
621115,P.Mettupalayam B.O,B.O,Delivery,Veppanthattai,Perambalur
621115,Ranjankudi B.O,B.O,Delivery,Veppanthattai,Perambalur
621115,Sirukudal B.O,B.O,Delivery,Kunnam,Perambalur
621115,Thevaiyur B.O,B.O,Delivery,Veppanthattai,Perambalur
621115,Valikondapuram S.O,S.O,Delivery,Veppanthattai,Perambalur
621116,Krishnapuram B.O,B.O,Delivery,Veppanthattai,Perambalur
621116,Neikuppai B.O,B.O,Delivery,Veppanthattai,Perambalur
621116,Thondapadi B.O,B.O,Delivery,Veppanthattai,Perambalur
621116,Vembavur B.O,B.O,Delivery,Veppanthattai,Perambalur
621116,Venganur B.O,B.O,Delivery,Veppanthattai,Perambalur
621116,Veppanthattai S.O,S.O,Delivery,Veppanthattai,Perambalur
621117,Kaikalathur B.O,B.O,Delivery,Veppanthattai,Perambalur
621117,Karianur B.O,B.O,Delivery,Veppanthattai,Perambalur
621117,Nerkunam B.O,B.O,Delivery,Veppanthattai,Perambalur
621117,Nuthapur B.O,B.O,Delivery,Veppanthattai,Perambalur
621117,Pandagapadi B.O,B.O,Delivery,Veppanthattai,Perambalur
621117,Pasumbalur B.O,B.O,Delivery,Veppanthattai,Perambalur
621117,Peraiyur B.O,B.O,Delivery,Veppanthattai,Perambalur
621117,Pillankulam B.O,B.O,Delivery,Veppanthattai,Perambalur
621117,Pimbalur B.O,B.O,Delivery,Veppanthattai,Perambalur
621117,Thiruvalandurai B.O,B.O,Delivery,Veppanthattai,Perambalur
621117,V.Kalathur S.O,S.O,Delivery,Veppanthattai,Perambalur
621118,Adaikkampatti B.O,B.O,Delivery,Kunnam,Perambalur
621118,Nakkasalem S.O,S.O,Delivery,Kunnam,Perambalur
621118,Puduammapalayam B.O,B.O,Delivery,Turaiyur,Perambalur
621118,Siruvayalur B.O,B.O,Delivery,Perambalur,Perambalur
621118,Viralipattipudur B.O,B.O,Delivery,Kunnam,Perambalur
621133,Eraiyur S.O (Perambalur),S.O,Delivery,Veppanthattai,Perambalur
621133,Murukkankudi B.O,B.O,Delivery,Veppanthattai,Perambalur
621133,Sirumathur B.O,B.O,Delivery,Veppanthattai,Perambalur
621202,Ayyampalayam S.O,S.O,Delivery,Musiri,Tiruchirappalli
621202,Chinnakodunthurai B.O,B.O,Delivery,Musiri,Tiruchirappalli
621202,Evur B.O,B.O,Delivery,Musiri,Tiruchirappalli
621202,Sundaikkai B.O,B.O,Delivery,Musiri,Tiruchirappalli
621202,Thinnakonam B.O,B.O,Delivery,Musiri,Tiruchirappalli
621202,Veeramanipatti B.O,B.O,Delivery,Musiri,Tiruchirappalli
621202,Velur-ayyampalayam B.O,B.O,Delivery,Musiri,Tiruchirappalli
621203,Arasalur B.O,B.O,Delivery,Musiri,Tiruchirappalli
621203,Balasamudram S.O (Tiruchirappalli),S.O,Delivery,Thottiyam,Tiruchirappalli
621203,M.Puthur B.O,B.O,Delivery,Musiri,Tiruchirappalli
621203,Thirunarayanapuram B.O,B.O,Delivery,Musiri,Tiruchirappalli
621204,Amur B.O,B.O,Delivery,Musiri,Tiruchirappalli
621204,Gunasilam S.O,S.O,Delivery,Musiri,Tiruchirappalli
621204,Sithambur B.O,B.O,Delivery,Musiri,Tiruchirappalli
621204,Vathalai Gudalur B.O,B.O,Delivery,Manachanallur,Tiruchirappalli
621205,Jambunathapuram S.O,S.O,Delivery,Musiri,Tiruchirappalli
621205,Jayankondam B.O,B.O,Delivery,Musiri,Tiruchirappalli
621205,Mangalam B.O,B.O,Delivery,Musiri,Tiruchirappalli
621205,Mavilipatti B.O,B.O,Delivery,Musiri,Tiruchirappalli
621205,Paithamparai B.O,B.O,Delivery,Musiri,Tiruchirappalli
621205,Perur B.O,B.O,Delivery,Musiri,Tiruchirappalli
621205,Thulayanatham B.O,B.O,Delivery,Musiri,Tiruchirappalli
621205,Valaiyeduppu B.O,B.O,Delivery,Musiri,Tiruchirappalli
621206,Devarappampatti B.O,B.O,Delivery,Thuraiyur,Tiruchirappalli
621206,Iyyampalayam B.O,B.O,Delivery,Thuraiyur,Tiruchirappalli
621206,K.Palayam B.O,B.O,Delivery,Thuraiyur,Tiruchirappalli
621206,Kannanur S.O,S.O,Delivery,Turaiyur,Tiruchirappalli
621206,Kattanampatti B.O,B.O,Delivery,Thuraiyur,Tiruchirappalli
621206,Kothampatti B.O,B.O,Delivery,Thuraiyur,Tiruchirappalli
621206,Ponnusangampatti B.O,B.O,Delivery,Turaiyur,Tiruchirappalli
621206,Veeramachampatti B.O,B.O,Delivery,Turaiyur,Tiruchirappalli
621207,Chinnapallipalayam B.O,B.O,Delivery,Thottiam,Tiruchirappalli
621207,Kaduvetti B.O,B.O,Delivery,Thottiam,Tiruchirappalli
621207,Kattuputhur S.O,S.O,Delivery,Thottiam,Tiruchirappalli
621207,Kidaram B.O,B.O,Delivery,Thottiam,Tiruchirappalli
621207,Murungai B.O,B.O,Delivery,Thottiam,Tiruchirappalli
621207,Murungai Kalathur B.O,B.O,Delivery,Thottiam,Tiruchirappalli
621207,Nagaiyanallur B.O,B.O,Delivery,Thottiam,Tiruchirappalli
621207,Pidaramangalam B.O,B.O,Delivery,Thottiam,Tiruchirappalli
621207,Silaipillaiyarputhur B.O,B.O,Delivery,Thottiam,Tiruchirappalli
621207,Sriramasamudram B.O,B.O,Delivery,Thottiam,Tiruchirappalli
621207,Unniyur B.O,B.O,Delivery,Thottiam,Tiruchirappalli
621208,Ammangudi B.O,B.O,Delivery,Musiri,Tiruchirappalli
621208,Appanallur B.O,B.O,Non-Delivery,Musiri,Tiruchirappalli
621208,Kolakkudi S.O,S.O,Delivery,Musiri,Tiruchirappalli
621208,Konappampatti B.O,B.O,Delivery,Musiri,Tiruchirappalli
621208,Neeliampatti B.O,B.O,Delivery,Musiri,Tiruchirappalli
621208,Poolancheri B.O,B.O,Delivery,Musiri,Tiruchirappalli
621208,Sergudi B.O,B.O,Delivery,Musiri,Tiruchirappalli
621208,Surampatti B.O,B.O,Delivery,Musiri,Tiruchirappalli
621209,Alagarai B.O,B.O,Delivery,Thottiam,Tiruchirappalli
621209,Manamedu S.O,S.O,Delivery,Thottiam,Tiruchirappalli
621209,Srinivasanallur B.O,B.O,Delivery,Thottiam,Tiruchirappalli
621209,Thiruvengimalai B.O,B.O,Delivery,Thottiyam,Tiruchirappalli
621210,Alagapuri B.O,B.O,Delivery,Musiri,Tiruchirappalli
621210,Angiyam B.O,B.O,Delivery,Musiri,Tiruchirappalli
621210,Kargudi B.O,B.O,Delivery,Musiri,Tiruchirappalli
621210,Karikali B.O,B.O,Delivery,Musiri,Tiruchirappalli
621210,Mettupalayam S.O,S.O,Delivery,Musiri,Tiruchirappalli
621210,Pillapalayam B.O,B.O,Delivery,Musiri,Tiruchirappalli
621211,A.A. College B.O,B.O,Delivery,Manachanallur,Tiruchirappalli
621211,M.Pudupatti B.O,B.O,Delivery,Musiri,Tiruchirappalli
621211,Mettupatti B.O,B.O,Delivery,Musiri,Tiruchirappalli
621211,Musiri S.O,S.O,Delivery,Musiri,Tiruchirappalli
621211,Parvathipuram S.O,S.O,Non-Delivery,Musiri,Tiruchirappalli
621211,Sittalarai B.O,B.O,Delivery,Musiri,Tiruchirappalli
621211,Thumbalam B.O,B.O,Delivery,Musiri,Tiruchirappalli
621211,Valavandhi B.O,B.O,Delivery,Musiri,Tiruchirappalli
621211,Vellalapatti B.O,B.O,Delivery,Musiri,Tiruchirappalli
621212,Aranarai B.O,B.O directly a/w Head Office,Non-Delivery,Perambalur,Perambalur
621212,Elambalur B.O,B.O directly a/w Head Office,Delivery,Perambalur,Perambalur
621212,Koneripalayam B.O,B.O directly a/w Head Office,Delivery,Perambalur,Perambalur
621212,Madanagopalapuram S.O,S.O,Non-Delivery,Perambalur,Perambalur
621212,Nochiam B.O,B.O directly a/w Head Office,Delivery,Perambalur,Perambalur
621212,Perambalur Collectorate S.O,S.O,Non-Delivery,Perambalur,Perambalur
621212,Perambalur H.O,H.O,Delivery,Perambalur,Perambalur
621212,Pudunaduvalur B.O,B.O directly a/w Head Office,Delivery,Perambalur,Perambalur
621213,Cholanganallur B.O,B.O,Delivery,Manachanalloor,Tiruchirappalli
621213,Kilianallur B.O,B.O,Delivery,Manachanalloor,Tiruchirappalli
621213,Pukkathurai B.O,B.O,Delivery,Manachanallur,Tiruchirappalli
621213,Sennakarai B.O,B.O,Delivery,Manachanallur,Tiruchirappalli
621213,Sirugambur S.O,S.O,Delivery,Manachanallur,Tiruchirappalli
621213,Todaiyur B.O,B.O,Delivery,Manachanallur,Tiruchirappalli
621214,Arachi B.O,B.O,Delivery,Musiri,Tiruchirappalli
621214,Devanur B.O,B.O,Delivery,Musiri,Tiruchirappalli
621214,Jadamangalam B.O,B.O,Delivery,Musiri,Tiruchirappalli
621214,Jambumadai B.O,B.O,Delivery,Musiri,Tiruchirappalli
621214,Mahadevi B.O,B.O,Delivery,Musiri,Tiruchirappalli
621214,Thathiengarpet S.O,S.O,Delivery,Musiri,Tiruchirappalli
621214,Urakkarai B.O,B.O,Delivery,Musiri,Tiruchirappalli
621214,Vadamalaipatti B.O,B.O,Delivery,Musiri,Tiruchirappalli
621214,Valasiramani B.O,B.O,Delivery,Musiri,Tiruchirappalli
621215,Arangoor B.O,B.O,Delivery,Thottiam,Tiruchirappalli
621215,Kamalapuram B.O,B.O,Delivery,Thottiam,Tiruchirappalli
621215,Minnathampatti B.O,B.O,Delivery,Thottiyam,Tiruchirappalli
621215,Odayalampudur B.O,B.O,Delivery,Thottiyam,Tiruchirappalli
621215,Servaikaranpatti B.O,B.O,Delivery,Thottiyam,Tiruchirappalli
621215,Seventhipatti B.O,B.O,Delivery,Namakkal,Namakkal
621215,Thalamalaipatti B.O,B.O,Delivery,Thottiyam,Tiruchirappalli
621215,Tholurpatti B.O,B.O,Delivery,Thottiam,Tiruchirappalli
621215,Thottiam S.O,S.O,Delivery,Thottiam,Tiruchirappalli
621215,Varadarajapuram B.O,B.O,Delivery,Thottiyam,Tiruchirappalli
621215,Yelurpatti B.O,B.O,Delivery,Thottiam,Tiruchirappalli
621216,Bikshandarkoil S.O,S.O,Delivery,Manachanallur,Tiruchirappalli
621216,Kuthur B.O,B.O,Delivery,Manachanallur,Tiruchirappalli
621216,Nochiam B.O,B.O,Delivery,Manachanallur,Tiruchirappalli
621216,Thalakudi B.O,B.O,Delivery,Manachanallur,Tiruchirappalli
621216,Thiruvasi B.O,B.O,Delivery,Manachanallur,Tiruchirappalli
621217,Neiveli B.O,B.O,Delivery,Musiri,Tiruchirappalli
621217,"T,pudupatti B.O",B.O,Delivery,Musiri,Tiruchirappalli
621217,Thandalai B.O,B.O,Delivery,Musiri,Tiruchirappalli
621217,Thandalaiputhur S.O,S.O,Delivery,Musiri,Tiruchirappalli
621217,Thiruthalaiyur B.O,B.O,Delivery,Musiri,Tiruchirappalli
621217,Velakkanatham B.O,B.O,Delivery,Musiri,Tiruchirappalli
621218,Edayathimangalam B.O,B.O,Delivery,Lalgudi,Ariyalur
621218,Esanakorai B.O,B.O,Delivery,Lalgudi,Tiruchirappalli
621218,Melaperungavur B.O,B.O,Delivery,Lalgudi,Tiruchirappalli
621218,Melavalady B.O,B.O,Delivery,Lalgudi,Tiruchirappalli
621218,Periavarsili B.O,B.O,Delivery,Lalgudi,Tiruchirappalli
621218,Tirumanamedu B.O,B.O,Delivery,Lalgudi,Tiruchirappalli
621218,Valady S.O,S.O,Delivery,Lalgudi,Tiruchirappalli
621219,Anukkur B.O,B.O,Delivery,Veppanthattai,Perambalur
621219,Vadakkumadevi B.O,B.O,Delivery,Perambalur,Perambalur
621219,Yesanai S.O,S.O,Delivery,Perambalur,Perambalur
621220,Sengonam B.O,B.O,Delivery,Perambalur,Perambalur
621220,Thoramangalam S.O,S.O,Delivery,Perambalur,Perambalur
621301,Chinthamanipatti S.O,S.O,Delivery,Kulithalai,Karur
621301,Kalaiyapatti B.O,B.O,Delivery,Kulittalai,Karur
621301,Kaniyalampatti B.O,B.O,Delivery,Kulithalai,Karur
621301,Kilasakkarakottai B.O,B.O,Delivery,Kulithalai,Karur
621301,Kurinikulathupatti B.O,B.O,Delivery,Kulithalai,Karur
621301,Manjanaickenpatti B.O,B.O,Delivery,Kulittalai,Karur
621301,Manjapulipatti B.O,B.O,Delivery,Kulithalai,Karur
621301,Mylampatti B.O,B.O,Delivery,Kulithalai,Karur
621301,Varavanai B.O,B.O,Delivery,Kulittalai,Karur
621301,Veeranampatti B.O,B.O,Delivery,Kulithalai,Karur
621302,Elamanam B.O,B.O,Delivery,Manaparai,Tiruchirappalli
621302,Elangakurichi S.O,S.O,Delivery,Manapparai,Tiruchirappalli
621302,Kumaravadi B.O,B.O,Delivery,Manaparai,Tiruchirappalli
621302,Mohavanur B.O,B.O,Delivery,Manaparai,Tiruchirappalli
621302,N.Poolampatti B.O,B.O,Delivery,Manapparai,Tiruchirappalli
621302,Palayakottai B.O,B.O,Delivery,Manaparai,Tiruchirappalli
621302,Pannipatti B.O,B.O,Delivery,Manapparai,Tiruchirappalli
621302,Porathakudi B.O,B.O,Delivery,Manapparai,Tiruchirappalli
621302,V.Periyapatti B.O,B.O,Delivery,Manaparai,Tiruchirappalli
621302,Valayapatti (Manaparai) B.O,B.O,Delivery,Manapparai,Tiruchirappalli
621305,Kallupatti B.O,B.O,Delivery,Manapparai,Tiruchirappalli
621305,Kovilpatti S.O,S.O,Delivery,Manaparai,Tiruchirappalli
621305,Marungapuri B.O,B.O,Delivery,Manaparai,Tiruchirappalli
621305,Minaveli B.O,B.O,Delivery,Illupur,Pudukkottai
621305,Mutalvarapatti B.O,B.O,Delivery,Manaparai,Tiruchirappalli
621305,Paluvanji B.O,B.O,Delivery,Manapparai,Tiruchirappalli
621305,Piranpatti  (Manaparai) B.O,B.O,Delivery,Manaparai,Tiruchirappalli
621305,Tadakkavundanpatti B.O,B.O,Delivery,Manapparai,Tiruchirappalli
621305,Thottiapatti B.O,B.O,Delivery,Manaparai,Tiruchirappalli
621305,Yagapuram B.O,B.O,Delivery,Manaparai,Tiruchirappalli
621306,Alipatti B.O,B.O,Delivery,Manapparai,Tiruchirappalli
621306,K.Periyapatti B.O,B.O,Delivery,Manaparai,Tiruchirappalli
621306,Manaparai R.S B.O,B.O,Non-Delivery,Manapparai,Tiruchirappalli
621306,Manaparai S.O,S.O,Delivery,Manaparai,Tiruchirappalli
621306,Muthapudayanpatti B.O,B.O,Delivery,Manapparai,Tiruchirappalli
621306,Padiripatti B.O,B.O,Delivery,Kulittalai,Karur
621306,Pannankombu B.O,B.O,Delivery,Manapparai,Tiruchirappalli
621306,Poigaipatti B.O,B.O,Delivery,Manaparai,Tiruchirappalli
621306,Pothamettupatti B.O,B.O,Non-Delivery,Manapparai,Tiruchirappalli
621306,Sevalur B.O,B.O,Delivery,Manapparai,Tiruchirappalli
621307,Amayapuram B.O,B.O,Delivery,Manaparai,Tiruchirappalli
621307,Aniyapur B.O,B.O,Delivery,Manaparai,Tiruchirappalli
621307,Avarampatti B.O,B.O,Delivery,Manapparai,Tiruchirappalli
621307,Chettiapatti B.O,B.O,Delivery,Manaparai,Tiruchirappalli
621307,Karumakavundanpatti B.O,B.O,Delivery,Manapparai,Tiruchirappalli
621307,Malayadipatti B.O,B.O,Delivery,Manaparai,Tiruchirappalli
621307,Manjampatti S.O,S.O,Delivery,Manapparai,Tiruchirappalli
621307,Nallampillai B.O,B.O,Delivery,Manaparai,Tiruchirappalli
621307,Poosaripatti B.O,B.O,Delivery,Manapparai,Tiruchirappalli
621307,Vellalapatti B.O,B.O,Delivery,Manaparai,Tiruchirappalli
621307,Vengaikurichi B.O,B.O,Delivery,Manaparai,Tiruchirappalli
621308,A.Pudupatti B.O,B.O,Delivery,Manaparai,Tiruchirappalli
621308,Ayanporuvai B.O,B.O,Delivery,Manaparai,Tiruchirappalli
621308,Kalingapatti B.O,B.O,Delivery,Manaparai,Tiruchirappalli
621308,Kodumbapatti B.O,B.O,Delivery,Manaparai,Tiruchirappalli
621308,Kulathupatti B.O,B.O,Delivery,Tiruppathur,Sivaganga
621308,Oliyamangalam B.O,B.O,Delivery,Thirumayam,Pudukkottai
621308,Palakurichi S.O,S.O,Delivery,Manaparai,Tiruchirappalli
621308,T.Idayapatti B.O,B.O,Delivery,Manaparai,Tiruchirappalli
621308,Thenur (Manaparai) B.O,B.O,Delivery,Manaparai,Tiruchirappalli
621308,Valanadu B.O,B.O,Delivery,Manaparai,Tiruchirappalli
621310,Alagagoundanpatti B.O,B.O,Delivery,Manapparai,Tiruchirappalli
621310,Endapuli B.O,B.O,Delivery,Manaparai,Tiruchirappalli
621310,Kannivadugapatti B.O,B.O,Delivery,Manaparai,Tiruchirappalli
621310,Karumalai B.O,B.O,Delivery,Manaparai,Tiruchirappalli
621310,Karuppur (Manaparai) B.O,B.O,Delivery,Manaparai,Tiruchirappalli
621310,Maniyankurichi B.O,B.O,Delivery,Manapparai,Tiruchirappalli
621310,Puthanatham S.O,S.O,Delivery,Manaparai,Tiruchirappalli
621310,Tirunellipatti B.O,B.O,Delivery,Manaparai,Tiruchirappalli
621311,Adhanur B.O,B.O,Delivery,Kulittalai,Karur
621311,Chinnampatti B.O,B.O,Delivery,Kulithalai,Karur
621311,D.Idayapatti B.O,B.O,Delivery,Kulittalai,Karur
621311,Kadavur B.O,B.O,Delivery,Kulithalai,Karur
621311,Mavathur B.O,B.O,Delivery,Kulittalai,Karur
621311,Palaviduthi B.O,B.O,Delivery,Kulittalai,Karur
621311,Sembianatham B.O,B.O,Delivery,Kulittalai,Karur
621311,Sevapur B.O,B.O,Delivery,Kulithalai,Karur
621311,Singampatti B.O,B.O,Delivery,Kulithalai,Karur
621311,Tharagampatti S.O,S.O,Delivery,Kulithalai,Karur
621311,Thavalaveeranpatti B.O,B.O,Delivery,Manaparai,Tiruchirappalli
621312,Anampatti B.O,B.O,Delivery,Manapparai,Tiruchirappalli
621312,Chithanatham B.O,B.O,Delivery,Manaparai,Tiruchirappalli
621312,Firka Kilaiyur B.O,B.O,Delivery,Manaparai,Tiruchirappalli
621312,Kannudayanpatti B.O,B.O,Delivery,Manaparai,Tiruchirappalli
621312,Rasalipatti B.O,B.O,Delivery,Thirumayam,Pudukkottai
621312,Samudram B.O,B.O,Delivery,Manaparai,Tiruchirappalli
621312,Thiagesaralai S.O,S.O,Delivery,Manapparai,Tiruchirappalli
621313,Alathur (Kulittalai) B.O,B.O,Delivery,Kulithalai,Karur
621313,Kalladai B.O,B.O,Delivery,Kulittalai,Karur
621313,Kavalkaranpatti B.O,B.O,Delivery,Kulithalai,Karur
621313,Keelaveliyur B.O,B.O,Delivery,Kulithalai,Karur
621313,Mathagiri B.O,B.O,Delivery,Kulittalai,Karur
621313,Porundalur B.O,B.O,Delivery,Kulittalai,Karur
621313,Puthur B.O,B.O,Delivery,Kulittalai,Karur
621313,Rachandarthirumalai B.O,B.O,Delivery,Kulittalai,Karur
621313,Thogaimalai S.O,S.O,Delivery,Kulittalai,Karur
621313,Thondamanginam B.O,B.O,Delivery,Kulittalai,Karur
621313,Vadaseri B.O,B.O,Delivery,Kulittalai,Karur
621314,Adhigaram B.O,B.O,Delivery,Manapparai,Tiruchirappalli
621314,Ikkaraikosikurichi B.O,B.O,Delivery,Manaparai,Tiruchirappalli
621314,Kanjanaickenpatti B.O,B.O,Delivery,Manaparai,Tiruchirappalli
621314,Karaipatti B.O,B.O,Delivery,Manaparai,Tiruchirappalli
621314,Palayapalayam B.O,B.O,Delivery,Manapparai,Tiruchirappalli
621314,Pillupatti B.O,B.O,Delivery,Manapparai,Tiruchirappalli
621314,Sevalpatti B.O,B.O,Delivery,Manaparai,Tiruchirappalli
621314,Thethur B.O,B.O,Delivery,Manaparai,Tiruchirappalli
621314,Thuvarankurichi S.O,S.O,Delivery,Manapparai,Tiruchirappalli
621315,Inamponnambalapatti B.O,B.O,Delivery,Manaparai,Tiruchirappalli
621315,Kalpatti B.O,B.O,Delivery,Manapparai,Tiruchirappalli
621315,Kannuthu B.O,B.O,Delivery,Manaparai,Tiruchirappalli
621315,Karungulam B.O,B.O,Delivery,Manapparai,Tiruchirappalli
621315,Nadupatti B.O,B.O,Delivery,Manaparai,Tiruchirappalli
621315,Periya Anaikaraipatti B.O,B.O,Delivery,Manapparai,Tiruchirappalli
621315,Ponnaiar Dam B.O,B.O,Delivery,Manapparai,Tiruchirappalli
621315,Pudukkottai (Vaiyampatti) B.O,B.O,Delivery,Manaparai,Tiruchirappalli
621315,Servaikaranpatti B.O,B.O,Delivery,Kulithalai,Karur
621315,Thoppanaickenpatti B.O,B.O,Delivery,Manapparai,Tiruchirappalli
621315,Vaiyampatti S.O,S.O,Delivery,Manaparai,Tiruchirappalli
621316,Erasanayakkanpatti B.O,B.O,Delivery,Iluppur,Pudukkottai
621316,Kodumbalur B.O,B.O,Delivery,Illuppur,Pudukkottai
621316,Kunnathur B.O,B.O,Delivery,Illuppur,Pudukkottai
621316,Meppopdakudi B.O,B.O,Delivery,Illuppur,Pudukkottai
621316,Mullaiyur B.O,B.O,Delivery,Illuppur,Pudukkottai
621316,Perambur B.O,B.O,Delivery,Kulathur,Pudukkottai
621316,Poruvai B.O,B.O,Delivery,Illuppur,Pudukkottai
621316,Rajagiri B.O,B.O,Delivery,Illuppur,Pudukkottai
621316,Thengaithinnipatti B.O,B.O,Delivery,Illuppur,Pudukkottai
621316,Theravur B.O,B.O,Delivery,Illuppur,Pudukkottai
621316,Velur B.O,B.O,Delivery,Illuppur,Pudukkottai
621316,Viralimalai S.O,S.O,Delivery,Illuppur,Pudukkottai
621316,Viralur B.O,B.O,Delivery,Illuppur,Pudukkottai
621601,Lalgudi H.O,H.O,Delivery,Lalgudi,Tiruchirappalli
621651,Alundalaipur B.O,B.O,Delivery,Lalgudi,Tiruchirappalli
621651,Kallakudi TR S.O,S.O,Delivery,Lalgudi,Tiruchirappalli
621651,Kanakiliyanallur B.O,B.O,Delivery,Ariyalur,Tiruchirappalli
621651,Palanganatham B.O,B.O,Delivery,Ariyalur,Ariyalur
621651,Peruvalappur B.O,B.O,Delivery,Ariyalur,Tiruchirappalli
621651,Sannavur B.O,B.O,Delivery,Lalgudi,Tiruchirappalli
621651,Sirukalappur B.O,B.O,Delivery,Ariyalur,Tiruchirappalli
621651,Tappay B.O,B.O,Delivery,Lalgudi,Tiruchirappalli
621651,Vadugarpet B.O,B.O,Delivery,Lalgudi,Tiruchirappalli
621651,Varakuppai B.O,B.O,Delivery,Ariyalur,Tiruchirappalli
621652,Kallakudi North S.O,S.O,Delivery,Lalgudi,Tiruchirappalli
621652,Malvoy B.O,B.O,Delivery,Ariyalur,Tiruchirappalli
621652,Malvoy Kannanur B.O,B.O,Delivery,Ariyalur,Tiruchirappalli
621652,Melarasur B.O,B.O,Delivery,Ariyalur,Tiruchirappalli
621653,Kallagam S.O,S.O,Delivery,Lalgudi,Tiruchirappalli
621653,Keelarasur B.O,B.O,Delivery,Lalgudi,Tiruchirappalli
621653,Kokkudi B.O,B.O,Delivery,Lalgudi,Tiruchirappalli
621653,Methal B.O,B.O,Delivery,Lalgudi,Tiruchirappalli
621653,Poondi B.O,B.O,Delivery,Lalgudi,Ariyalur
621653,Sillakudi B.O,B.O,Delivery,Lalgudi,Tiruchirappalli
621701,Ambapur S.O,S.O,Delivery,Ariyalur,Ariyalur
621701,Govindaputhur B.O,B.O,Delivery,Ariyalur,Ariyalur
621701,Kadambur B.O,B.O,Delivery,Ariyalur,Ariyalur
621701,Kasankottai B.O,B.O,Delivery,Udayarpalayam,Ariyalur
621701,Kunamangalam B.O,B.O,Delivery,Udayarpalayam,Ariyalur
621701,Muthuvancheri B.O,B.O,Delivery,Udayarpalayam,Ariyalur
621701,Nagamangalam B.O,B.O,Delivery,Ariyalur,Ariyalur
621701,Periyattirukonam B.O,B.O,Delivery,Udayarpalayam,Ariyalur
621701,Pungangudi B.O,B.O,Delivery,Ariyalur,Ariyalur
621701,Sathambadi B.O,B.O,Delivery,Ariyalur,Ariyalur
621701,Sripurandan B.O,B.O,Delivery,Udayarpalayam,Ariyalur
621701,Sundakudi B.O,B.O,Delivery,Udayarpalayam,Ariyalur
621701,Thuthur B.O,B.O,Delivery,Ariyalur,Ariyalur
621701,Ulliakudi B.O,B.O,Delivery,Udayarpalayam,Ariyalur
621702,Alangudi Mahajanam B.O,B.O,Delivery,Lalgudi,Tiruchirappalli
621702,Ambil S.O,S.O,Delivery,Lalgudi,Tiruchirappalli
621702,Ariyur B.O,B.O,Delivery,Lalgudi,Tiruchirappalli
621702,Athigudi B.O,B.O,Delivery,Lalgudi,Tiruchirappalli
621702,Konnagudi B.O,B.O,Delivery,Lalgudi,Tiruchirappalli
621702,Sengaraiyur B.O,B.O,Delivery,Lalgudi,Tiruchirappalli
621703,Angarai S.O,S.O,Delivery,Lalgudi,Tiruchirappalli
621703,Kuhur B.O,B.O,Delivery,Lalgudi,Tiruchirappalli
621703,Manakkal B.O,B.O,Non-Delivery,Lalgudi,Tiruchirappalli
621703,Manthurai B.O,B.O,Delivery,Lalgudi,Tiruchirappalli
621703,Nagar B.O,B.O,Delivery,Lalgudi,Tiruchirappalli
621703,Sathamangalam B.O,B.O,Delivery,Lalgudi,Tiruchirappalli
621703,Sivankoil B.O,B.O,Non-Delivery,Lalgudi,Tiruchirappalli
621703,Thirumangalam B.O,B.O,Delivery,Lalgudi,Tiruchirappalli
621704,Ariyalur (Ariyalur) S.O,S.O,Delivery,Ariyalur,Ariyalur
621704,Ariyalur Bazaar S.O,S.O,Non-Delivery,Ariyalur,Ariyalur
621704,Hasthinapuram B.O,B.O,Delivery,Ariyalur,Ariyalur
621704,Inamattur B.O,B.O,Delivery,Ariyalur,Ariyalur
621704,Kavanur B.O,B.O,Delivery,Ariyalur,Ariyalur
621704,Periyanagalur B.O,B.O,Delivery,Ariyalur,Ariyalur
621704,Periyavenmani B.O,B.O,Delivery,Ariyalur,Ariyalur
621704,Reddipalayam B.O,B.O,Delivery,Ariyalur,Ariyalur
621704,Siruvalur B.O,B.O,Delivery,Ariyalur,Ariyalur
621704,Subbarayapuram B.O,B.O,Delivery,Ariyalur,Ariyalur
621704,Telur B.O,B.O,Delivery,Ariyalur,Ariyalur
621704,Thavuthaikulam B.O,B.O,Delivery,Ariyalur,Ariyalur
621704,Valajanagaram B.O,B.O,Delivery,Ariyalur,Ariyalur
621704,Varanavasi B.O,B.O,Delivery,Ariyalur,Ariyalur
621704,Vilangudi B.O,B.O,Delivery,Ariyalur,Ariyalur
621705,Ayanathur B.O,B.O,Delivery,Ariyalur,Ariyalur
621705,Kadugur B.O,B.O,Delivery,Ariyalur,Ariyalur
621705,Kallankurichi S.O,S.O,Delivery,Ariyalur,Ariyalur
621705,Lingathadimedu B.O,B.O,Delivery,Ariyalur,Ariyalur
621705,Manakudi B.O,B.O,Delivery,Ariyalur,Ariyalur
621705,O Koothur B.O,B.O,Delivery,Ariyalur,Ariyalur
621705,Ottakoil B.O,B.O,Delivery,Ariyalur,Ariyalur
621705,Srinivasapuram B.O,B.O,Delivery,Ariyalur,Ariyalur
621705,Tamaraikulam B.O,B.O,Delivery,Ariyalur,Ariyalur
621706,Kattur Puvalur S.O,S.O,Delivery,Lalgudi,Tiruchirappalli
621706,Mettupatti B.O,B.O,Delivery,Ariyalur,Tiruchirappalli
621706,Mullal B.O,B.O,Delivery,Lalgudi,Tiruchirappalli
621706,Sirumayankudi B.O,B.O,Non-Delivery,Ariyalur,Tiruchirappalli
621706,Thinniam B.O,B.O,Delivery,Ariyalur,Tiruchirappalli
621707,Arungal B.O,B.O,Delivery,Ariyalur,Ariyalur
621707,Edayathangudi B.O,B.O,Delivery,Ariyalur,Ariyalur
621707,Karuppilakattalai B.O,B.O,Delivery,Ariyalur,Ariyalur
621707,Karuppur Senapathy B.O,B.O,Delivery,Ariyalur,Ariyalur
621707,Kilaiyur B.O,B.O,Delivery,Ariyalur,Ariyalur
621707,Kilapaluvur S.O,S.O,Delivery,Ariyalur,Ariyalur
621707,Malathankulam B.O,B.O,Delivery,Ariyalur,Ariyalur
621707,Suthamalli B.O,B.O,Delivery,Ariyalur,Ariyalur
621707,Vettiyur B.O,B.O,Delivery,Ariyalur,Ariyalur
621708,Adhanur B.O,B.O,Delivery,Kunnam,Perambalur
621708,Asoor B.O,B.O,Delivery,Kunnam,Perambalur
621708,Ilandaikuli B.O,B.O,Delivery,Kunnam,Perambalur
621708,Kunnam S.O (Perambalur),S.O,Delivery,Kunnam,Perambalur
621708,Kurumbapalayam B.O,B.O,Delivery,Kunnam,Perambalur
621708,Maruvathur-ariyalur B.O,B.O,Delivery,Kunnam,Perambalur
621708,Melamathur B.O,B.O,Delivery,Kunnam,Perambalur
621708,Moongilpadi B.O,B.O,Delivery,Kunnam,Perambalur
621708,Odhiyam B.O,B.O,Delivery,Kunnam,Perambalur
621708,Perali B.O,B.O,Delivery,Kunnam,Perambalur
621708,Sithali B.O,B.O,Delivery,Kunnam,Perambalur
621708,Varagur B.O,B.O,Delivery,Kunnam,Perambalur
621709,Anganur B.O,B.O,Delivery,Sendurai,Ariyalur
621709,Ayantattanur B.O,B.O,Delivery,Ariyalur,Ariyalur
621709,Manapathur B.O,B.O,Delivery,Ariyalur,Ariyalur
621709,Mathur S.O (Ariyalur),S.O,Delivery,Sendurai,Ariyalur
621709,Solankudikadu B.O,B.O,Delivery,Sendurai,Ariyalur
621710,Kilamaligai B.O,B.O,Delivery,Ariyalur,Ariyalur
621710,Kuvagam B.O,B.O,Delivery,Ariyalur,Ariyalur
621710,Marudur B.O,B.O,Delivery,Ariyalur,Ariyalur
621710,Maruvathur B.O,B.O,Delivery,Ariyalur,Ariyalur
621710,P.Kudikadu B.O,B.O,Delivery,Sendurai,Ariyalur
621710,Ponparappi S.O,S.O,Delivery,Ariyalur,Ariyalur
621710,Sedankudikadu B.O,B.O,Delivery,Sendurai,Ariyalur
621710,Sirukalathur B.O,B.O,Delivery,Ariyalur,Ariyalur
621710,Therkupatti B.O,B.O,Delivery,Sendurai,Ariyalur
621710,Vallam B.O,B.O,Delivery,Sendurai,Ariyalur
621711,Alambakkam B.O,B.O,Delivery,Lalgudi,Tiruchirappalli
621711,Kannakudi B.O,B.O,Delivery,Lalgudi,Tiruchirappalli
621711,Kovandakurichi B.O,B.O,Delivery,Lalgudi,Tiruchirappalli
621711,Nathamangudi B.O,B.O,Delivery,Lalgudi,Tiruchirappalli
621711,Pudurpalayam B.O,B.O,Delivery,Lalgudi,Tiruchirappalli
621711,Pullambadi S.O,S.O,Delivery,Lalgudi,Tiruchirappalli
621711,Punjai Sangentai B.O,B.O,Delivery,NA,Tiruchirappalli
621711,Vandalaigudalur B.O,B.O,Delivery,Lalgudi,Tiruchirappalli
621711,Venkatachalapuram B.O,B.O,Delivery,Lalgudi,Tiruchirappalli
621712,Agalanganallur B.O,B.O,Delivery,Lalgudi,Tiruchirappalli
621712,Edangimangalam B.O,B.O,Delivery,Lalgudi,Tiruchirappalli
621712,Kumulur B.O,B.O,Delivery,Lalgudi,Tiruchirappalli
621712,Pallapuram B.O,B.O,Delivery,Lalgudi,Tiruchirappalli
621712,Peruvalanallur B.O,B.O,Delivery,Lalgudi,Tiruchirappalli
621712,Pudur Uthamanur B.O,B.O,Delivery,Lalgudi,Tiruchirappalli
621712,Puvalur S.O,S.O,Delivery,Lalgudi,Tiruchirappalli
621712,Thachankurichi B.O,B.O,Delivery,Lalgudi,Tiruchirappalli
621713,Allinagaram B.O,B.O,Delivery,Ariyalur,Ariyalur
621713,Ameenabad B.O,B.O,Delivery,Ariyalur,Ariyalur
621713,Annanagar B.O,B.O,Non-Delivery,Ariyalur,Ariyalur
621713,Govindapuram B.O,B.O,Delivery,Ariyalur,Ariyalur
621713,Gudalur B.O,B.O,Delivery,Ariyalur,Perambalur
621713,Iluppaikudi B.O,B.O,Delivery,Ariyalur,Ariyalur
621713,Kilamathur B.O,B.O,Delivery,Ariyalur,Ariyalur
621713,Koothur B.O,B.O,Delivery,Ariyalur,Perambalur
621713,Manakkal (Ariyalur) B.O,B.O,Delivery,Ariyalur,Ariyalur
621713,Nochikulam B.O,B.O,Delivery,Ariyalur,Perambalur
621713,Peraiyur B.O,B.O,Delivery,Ariyalur,Ariyalur
621713,Pilimisai B.O,B.O,Delivery,Ariyalur,Ariyalur
621713,Rajajinagar S.O (Ariyalur),S.O,Delivery,Ariyalur,Ariyalur
621714,Adhikudikadu B.O,B.O,Delivery,Sendurai,Ariyalur
621714,Elangaicheri B.O,B.O,Delivery,Sendurai,Ariyalur
621714,Kulumur B.O,B.O,Delivery,Ariyalur,Ariyalur
621714,Nakkambadi B.O,B.O,Delivery,Ariyalur,Ariyalur
621714,Nallampalayam B.O,B.O,Delivery,Sendurai,Ariyalur
621714,Neivanam B.O,B.O,Non-Delivery,Sendurai,Ariyalur
621714,Sendurai S.O (Ariyalur),S.O,Delivery,Ariyalur,Ariyalur
621714,Unjini B.O,B.O,Delivery,Ariyalur,Ariyalur
621714,Vanjinapuram B.O,B.O,Delivery,Sendurai,Ariyalur
621715,Alagiamanavalam B.O,B.O,Delivery,Lalgudi,Ariyalur
621715,Elakurichi B.O,B.O,Delivery,Lalgudi,Ariyalur
621715,Kamarasavalli B.O,B.O,Delivery,Lalgudi,Ariyalur
621715,Kilakavattankurichi B.O,B.O,Delivery,Lalgudi,Ariyalur
621715,Kilakolathur B.O,B.O,Delivery,Lalgudi,Ariyalur
621715,Kovilur B.O,B.O,Delivery,Lalgudi,Tiruchirappalli
621715,Kuruvadi B.O,B.O,Delivery,Lalgudi,Ariyalur
621715,Manjamedu Karaipakkam B.O,B.O,Delivery,Ariyalur,Ariyalur
621715,Sullangudi B.O,B.O,Delivery,Lalgudi,Ariyalur
621715,Tirumanur S.O,S.O,Delivery,Lalgudi,Ariyalur
621715,Tiruppeyar B.O,B.O,Delivery,Ariyalur,Ariyalur
621716,Kadur B.O,B.O,Delivery,Perambalur,Perambalur
621716,Kilaperambalur B.O,B.O,Delivery,Perambalur,Perambalur
621716,Nallarikkai B.O,B.O,Delivery,Kunnam,Perambalur
621716,Namangunam B.O,B.O,Delivery,Perambalur,Perambalur
621716,Puduvettakudi B.O,B.O,Delivery,Perambalur,Perambalur
621716,Tungapuram S.O,S.O,Delivery,Perambalur,Perambalur
621716,Vasistapuram B.O,B.O,Delivery,Perambalur,Perambalur
621716,Vayalapadi B.O,B.O,Delivery,Perambalur,Perambalur
621716,Vayalur B.O,B.O,Delivery,Kunnam,Perambalur
621717,Andikurumbalur B.O,B.O,Delivery,Kunnam,Perambalur
621717,Kilumathur B.O,B.O,Delivery,Kunnam,Perambalur
621717,Nannai B.O,B.O,Delivery,Perambalur,Perambalur
621717,Olaipadi B.O,B.O,Delivery,Perambalur,Perambalur
621717,Paravai B.O,B.O,Delivery,Kunnam,Perambalur
621717,Perumathur B.O,B.O,Delivery,Kunnam,Perambalur
621717,Vaithiyanathapuram B.O,B.O,Delivery,Kunnam,Perambalur
621717,Veppur S.O,S.O,Delivery,Kunnam,Perambalur
621718,Anandavadi B.O,B.O,Delivery,Ariyalur,Ariyalur
621718,Iluppaiyur B.O,B.O,Delivery,Ariyalur,Ariyalur
621718,Pottaveli B.O,B.O,Delivery,Ariyalur,Ariyalur
621718,Poyyadhanallur B.O,B.O,Delivery,Ariyalur,Ariyalur
621718,Rayambaram S.O,S.O,Delivery,Ariyalur,Ariyalur
621718,Sennivanam B.O,B.O,Delivery,Ariyalur,Ariyalur
621718,Vellur B.O,B.O,Delivery,Ariyalur,Ariyalur
621719,Adhanakurichi B.O,B.O,Delivery,Sendurai,Ariyalur
621719,Alathiyur B.O,B.O,Delivery,Ariyalur,Ariyalur
621719,Asaveerankudikadu S.O,S.O,Delivery,Ariyalur,Ariyalur
621719,Edayakurichi B.O,B.O,Delivery,Ariyalur,Ariyalur
621719,Kodukkur B.O,B.O,Delivery,Ariyalur,Ariyalur
621719,Manakudayan B.O,B.O,Delivery,Ariyalur,Ariyalur
621719,Periyakurichi B.O,B.O,Delivery,Ariyalur,Ariyalur
621719,Thular B.O,B.O,Delivery,Ariyalur,Ariyalur
621722,Alambadi B.O,B.O,Delivery,Lalgudi,Tiruchirappalli
621722,Kulamanickam B.O,B.O,Delivery,Lalgudi,Tiruchirappalli
621722,Viragalur S.O,S.O,Delivery,Lalgudi,Tiruchirappalli
621729,Ariyalur Cement Factory S.O,S.O,Delivery,Ariyalur,Ariyalur
621730,Cement Nagar Dalavoy S.O,S.O,Delivery,NA,Ariyalur
621730,Dalavoy B.O,B.O,Delivery,NA,Ariyalur
621730,Sannasinallur B.O,B.O,Delivery,Sendurai,Ariyalur
621730,Siluppanur B.O,B.O,Delivery,Ariyalur,Ariyalur
621801,Andimadam S.O,S.O,Delivery,Jayamkondacholapuram,Ariyalur
621801,Pattanamkurichi B.O,B.O,Delivery,Udayarpalayam,Ariyalur
621802,Angarayanallur B.O,B.O,Delivery,Udayarpalayam,Ariyalur
621802,Chinnavalayam B.O,B.O,Delivery,Udayarpalayam,Ariyalur
621802,JC Puram West S.O,S.O,Non-Delivery,NA,Ariyalur
621802,Jayamkondacholapuram S.O,S.O,Delivery,Udayarpalayam,Ariyalur
621802,Kaluvanthondi B.O,B.O,Delivery,Udayarpalayam,Ariyalur
621802,Karadikulam B.O,B.O,Delivery,Udayarpalayam,Ariyalur
621802,Kilakudiyiruppu B.O,B.O,Delivery,Jayamkondacholapuram,Ariyalur
621802,Periyavalayam B.O,B.O,Delivery,Jayamkondacholapuram,Ariyalur
621802,Sengunthapuram B.O,B.O,Delivery,Udayarpalayam,Ariyalur
621803,Anikduichan B.O,B.O,Delivery,Udayarpalayam,Ariyalur
621803,Eravangudi B.O,B.O,Delivery,Jayamkondcholapuram,Ariyalur
621803,Kallathur Thandalai S.O,S.O,Delivery,Udayarpalayam,Ariyalur
621803,Kalleri B.O,B.O,Delivery,Udayarpalayam,Ariyalur
621803,Kattathur B.O,B.O,Delivery,Udayarpalayam,Ariyalur
621803,Koovathur B.O,B.O,Delivery,Udayarpalayam,Ariyalur
621803,Kulathur B.O,B.O,Delivery,Udayarpalayam,Ariyalur
621803,Kumiliankuli B.O,B.O,Delivery,Udayarpalayam,Ariyalur
621803,Vadugarpalayam B.O,B.O,Delivery,Jayamkondocholapuram,Ariyalur
621803,Vettiarvettu B.O,B.O,Delivery,Jayamkondocholapuram,Ariyalur
621803,Vizhapallam B.O,B.O,Delivery,Udayarpalayam,Ariyalur
621803,Z.Melur B.O,B.O,Delivery,Udayarpalayam,Ariyalur
621804,Edayar B.O,B.O,Delivery,Jayamkondacholapuram,Ariyalur
621804,Irumbilikurichi B.O,B.O,Delivery,Jayamkondacholapuram,Ariyalur
621804,Kilaveli B.O,B.O,Delivery,Udayarpalayam,Ariyalur
621804,Kumiliam B.O,B.O,Delivery,Udayarpalayam,Ariyalur
621804,Managethi B.O,B.O,Delivery,Jayamkondacholapuram,Ariyalur
621804,Nayanganaipiriyal B.O,B.O,Delivery,Jayamkondacholapuram,Ariyalur
621804,Palayakudi B.O,B.O,Delivery,Udayarpalayam,Ariyalur
621804,Paranam B.O,B.O,Delivery,Jayamkondacholapuram,Ariyalur
621804,Parukkal B.O,B.O,Delivery,Udayarpalayam,Ariyalur
621804,Pilichikuli B.O,B.O,Delivery,Jayamkondacholapuram,Ariyalur
621804,T.Solankurichi B.O,B.O,Delivery,Udayarpalayam,Ariyalur
621804,Tattanur B.O,B.O,Delivery,Jayamkondacholapuram,Ariyalur
621804,Udayarpalayam S.O (Ariyalur),S.O,Delivery,Jayamkondcholapuram,Ariyalur
621804,Udayarpalayam West B.O,B.O,Non-Delivery,Udayarpalayam,Ariyalur
621804,Vanathirayanpattinam B.O,B.O,Delivery,Jayamkondacholapuram,Ariyalur
621804,Venmankondan B.O,B.O,Delivery,Udayarpalayam,Ariyalur
621804,Zamin Suthamalli B.O,B.O,Delivery,Udayarpalayam,Ariyalur
621805,Kilaneduvoi B.O,B.O,Delivery,Udayarpalayam,Ariyalur
621805,Periakrishnapuram B.O,B.O,Delivery,Jayamkondacholapuram,Ariyalur
621805,Thennur B.O,B.O,Delivery,Udayarpalayam,Ariyalur
621805,Tirukalappur B.O,B.O,Delivery,Jayamkondacholapuram,Ariyalur
621805,Varadarajampettai S.O,S.O,Delivery,Udayarpalayam,Ariyalur
621806,Devanur B.O,B.O,Delivery,Jayamkondacholapuram,Ariyalur
621806,Ilaiyur B.O,B.O,Delivery,Udayarpalayam,Ariyalur
621806,Kandiankollai B.O,B.O,Delivery,Udayarpalayam,Ariyalur
621806,Nagalkuli B.O,B.O,Delivery,Jayamkondacholapuram,Ariyalur
621806,Pilakurichi B.O,B.O,Delivery,Jayamkondacholapuram,Ariyalur
621806,Pudukudi B.O,B.O,Delivery,Udayarpalayam,Ariyalur
621806,Variyankaval S.O,S.O,Delivery,Jayamkondacholapuram,Ariyalur
621851,Aranmanaikurichi B.O,B.O,Delivery,Ariyalur,Ariyalur
621851,Ilandaikudam B.O,B.O,Delivery,Lalgudi,Ariyalur
621851,Kandirathitham B.O,B.O,Delivery,Lalgudi,Ariyalur
621851,Koilesanai B.O,B.O,Delivery,Lalgudi,Ariyalur
621851,Pudukkottai-Tirumalaivadi B.O,B.O,Delivery,Ariyalur,Ariyalur
621851,Thirumazhapadi S.O,S.O,Delivery,Lalgudi,Ariyalur
621851,Venganur B.O,B.O,Delivery,Lalgudi,Ariyalur
622001,Bhuvaneswarinagar S.O,S.O,Non-Delivery,Pudukkottai,Pudukkottai
622001,Gandhinagar B.O,B.O,Non-Delivery,Pudukkottai,Pudukkottai
622001,Ganesh Nagar B.O,B.O,Non-Delivery,Pudukkottai,Pudukkottai
622001,Machuvadi S.O,S.O,Non-Delivery,Pudukkottai,Pudukkottai
622001,Pillaithannirpandal S.O,S.O,Non-Delivery,Pudukkottai,Pudukkottai
622001,Pudukkottai Bus Stand S.O,S.O,Non-Delivery,Pudukkottai,Pudukkottai
622001,Pudukkottai East S.O,S.O,Non-Delivery,Pudukkottai,Pudukkottai
622001,Pudukkottai H.O,H.O,Delivery,Pudukkottai,Pudukkottai
622001,Pudukkottai Pub Offices S.O,S.O,Non-Delivery,Pudukkottai,Pudukkottai
622002,Idaiyathur B.O,B.O,Delivery,NA,Pudukkottai
622002,Karaiyur B.O,B.O,Delivery,NA,Pudukkottai
622002,Kilathaniyam B.O,B.O,Delivery,NA,Pudukkottai
622002,Maravamadurai B.O,B.O,Delivery,NA,Pudukkottai
622002,Melathaniyam B.O,B.O,Delivery,NA,Pudukkottai
622002,Nallur B.O,B.O,Delivery,NA,Pudukkottai
622002,Palayanerinjikudi B.O,B.O,Delivery,Pudukkottai,Pudukkottai
622002,Perunjinai B.O,B.O,Delivery,NA,Pudukkottai
622002,Sadayampatti B.O,B.O,Delivery,Pudukkottai,Pudukkottai
622002,Sipcot-pdk B.O,B.O,Delivery,Pudukkottai,Pudukkottai
622002,Tirugokarnam S.O,S.O,Delivery,Pudukkottai,Pudukkottai
622003,Aharapatti B.O,B.O,Delivery,Pudukkottai,Pudukkottai
622003,Attangudi B.O,B.O,Delivery,Pudukkottai,Pudukkottai
622003,Kadayakudi B.O,B.O,Delivery,Pudukkottai,Pudukkottai
622003,Rajagopalapuram S.O,S.O,Delivery,Pudukkottai,Pudukkottai
622003,Tiruvappur B.O,B.O,Non-Delivery,Pudukkottai,Pudukkottai
622003,Vanniampatti B.O,B.O,Delivery,Pudukkottai,Pudukkottai
622004,Mullur B.O,B.O,Delivery,Pudukkottai,Pudukkottai
622004,Pudukkottai Ind. Estate S.O,S.O,Delivery,Pudukkottai--,Pudukkottai
622004,Rajapatti B.O,B.O,Delivery,Pudukkottai,Pudukkottai
622004,Vadavalam B.O,B.O,Delivery,Pudukkottai--,Pudukkottai
622005,Ambalpuram B.O,B.O,Non-Delivery,Pudukkottai,Pudukkottai
622005,Pudukkottai Collectrate S.O,S.O,Delivery,Pudukkottai,Pudukkottai
622005,SanthaNatha puram B.O,B.O,Non-Delivery,Pudukkottai,Pudukkottai
622101,Annavasal S.O,S.O,Delivery,Iluppur,Pudukkottai
622101,Chittannavasal B.O,B.O,Delivery,Illuppur,Pudukkottai
622101,Kilakurichi B.O,B.O,Delivery,Illuppur,Pudukkottai
622101,Madianallur B.O,B.O,Delivery,Illuppur,Pudukkottai
622101,Mangudi B.O,B.O,Delivery,Illuppur,Pudukkottai
622101,Narthamalai B.O,B.O,Delivery,Illuppur,Pudukkottai
622101,Vilathupatti B.O,B.O,Delivery,Illuppur,Pudukkottai
622102,Ennai B.O,B.O,Delivery,Illuppur,Pudukkottai
622102,Illuppur S.O,S.O,Delivery,Illuppur,Pudukkottai
622102,Irundirapatti B.O,B.O,Delivery,Illuppur,Pudukkottai
622102,Kilikudi B.O,B.O,Delivery,Illuppur,Pudukkottai
622102,Kothirapatti B.O,B.O,Delivery,Illuppur,Pudukkottai
622102,Malaikudipatti B.O,B.O,Delivery,Iluppur,Pudukkottai
622102,Rappusal B.O,B.O,Delivery,Illuppur,Pudukkottai
622102,Unaiyur B.O,B.O,Delivery,Iluppur,Pudukkottai
622102,Uthkuli B.O,B.O,Delivery,Illuppur,Pudukkottai
622102,Vembanur B.O,B.O,Delivery,Illuppur,Pudukkottai
622103,Muckanamalaipatti S.O,S.O,Delivery,Iluppur,Pudukkottai
622103,Pudur-pdk B.O,B.O,Delivery,Illuppur,Pudukkottai
622103,Veerapatti B.O,B.O,Delivery,Illuppur,Pudukkottai
622104,Kudimianmalai B.O,B.O,Delivery,Annavasal,Pudukkottai
622104,Parambur B.O,B.O,Delivery,Annavasal,Pudukkottai
622104,Perumanadu B.O,B.O,Delivery,Annavasal,Pudukkottai
622104,Pulvayal B.O,B.O,Delivery,Annavasal,Pudukkottai
622104,Vayalogam S.O,S.O,Delivery,Illuppur,Pudukkottai
622201,Arimalam S.O,S.O,Delivery,Thirumayam,Pudukkottai
622201,Kilapanaiyur B.O,B.O,Delivery,Tirumayam,Pudukkottai
622201,Kulavaipatti B.O,B.O,Delivery,Tirumayam,Pudukkottai
622201,Mirattunilai B.O,B.O,Delivery,Tirumayam,Pudukkottai
622201,Onangudi B.O,B.O,Delivery,Thirumayam,Pudukkottai
622201,Thanjur-tym B.O,B.O,Delivery,Thirumayam,Pudukkottai
622201,Vennavalkudi B.O,B.O,Delivery,Tirumayam,Pudukkottai
622202,Kilanilai S.O,S.O,Delivery,Tirumayam,Pudukkottai
622202,Kongudi B.O,B.O,Delivery,Tirumayam,Pudukkottai
622202,Kulathur Kli B.O,B.O,Delivery,Tirumayam,Pudukkottai
622202,Kummangudi B.O,B.O,Delivery,Tirumayam,Pudukkottai
622202,Melanilaivayal B.O,B.O,Delivery,Tirumayam,Pudukkottai
622202,Vadakattupatti B.O,B.O,Delivery,Aranthangi,Pudukkottai
622202,Valaramanickam B.O,B.O,Delivery,Tirumayam,Pudukkottai
622203,Adanakottai B.O,B.O,Delivery,Gandarvakottai,Pudukkottai
622203,Andakulam B.O,B.O,Delivery,Gandarvakottai,Pudukkottai
622203,Chockanathapatti B.O,B.O,Delivery,Gandarvakottai,Pudukkottai
622203,Ganapathipuram B.O,B.O,Delivery,Gandarvakottai,Pudukkottai
622203,Killanur B.O,B.O,Delivery,Gandarvakottai,Pudukkottai
622203,Manaviduthi B.O,B.O,Delivery,Gandarvakottai,Pudukkottai
622203,Minnathur B.O,B.O,Delivery,Gandarvakottai,Pudukkottai
622203,Perungalur S.O,S.O,Delivery,Gandarvakottai,Pudukkottai
622203,Themmavur B.O,B.O,Delivery,Gandarvakottai,Pudukkottai
622203,Vaithur B.O,B.O,Delivery,Gandarvakottai,Pudukkottai
622203,Varappur B.O,B.O,Delivery,Gandarvakottai,Pudukkottai
622203,Vathanakottai B.O,B.O,Delivery,Gandarvakottai,Pudukkottai
622204,Irumbanadu B.O,B.O,Delivery,Arantangi,Pudukkottai
622204,Karuvur B.O,B.O,Delivery,Avudayarkoil,Pudukkottai
622204,Kurungalur B.O,B.O,Delivery,Arantangi,Pudukkottai
622204,Okkur Perunthamarai B.O,B.O,Delivery,Arantangi,Pudukkottai
622204,Sithakoor B.O,B.O,Delivery,Arantangi,Pudukkottai
622204,Yembal S.O,S.O,Delivery,Arantangi,Pudukkottai
622209,Kallur-kilanilai B.O,B.O,Delivery,Thirumayam,Pudukkottai
622209,Kilanilai-rayavaram B.O,B.O,Delivery,Tirumayam,Pudukkottai
622209,Kilanilaikottai S.O,S.O,Delivery,Thirumayam,Pudukkottai
622209,Nedungudi B.O,B.O,Delivery,Tirumayam,Pudukkottai
622209,Vambarampatti B.O,B.O,Delivery,Thirumayam,Pudukkottai
622301,Alangudi S.O,S.O,Delivery,Alangudi,Pudukkottai
622301,K.Rasiamangalam B.O,B.O,Delivery,Alangudi,Pudukkottai
622301,Kalabam B.O,B.O,Delivery,Alangudi,Pudukkottai
622301,Kovilur Alangudi B.O,B.O,Delivery,Alangudi,Pudukkottai
622301,Kummangulam B.O,B.O,Delivery,Alangudi,Pudukkottai
622301,Kuppakudi B.O,B.O,Delivery,Alangudi,Pudukkottai
622301,Malaiyur B.O,B.O,Delivery,Alangudi,Pudukkottai
622301,Mangottai B.O,B.O,Delivery,Alangudi,Pudukkottai
622301,Pallathividuthi B.O,B.O,Delivery,Alangudi,Pudukkottai
622301,Pathampatti B.O,B.O,Delivery,Alangudi,Pudukkottai
622301,Ponnanviduthi B.O,B.O,Delivery,Alangudi,Pudukkottai
622301,Pudukkottaividuthi B.O,B.O,Delivery,Alangudi,Pudukkottai
622301,Sambattividuthi B.O,B.O,Delivery,Alangudi,Pudukkottai
622301,Sooranviduthi B.O,B.O,Delivery,Alangudi,Pudukkottai
622301,Tuvar B.O,B.O,Delivery,Alangudi,Pudukkottai
622301,Vellalaviduthi B.O,B.O,Delivery,Alangudi,Pudukkottai
622302,Aambukoil B.O,B.O,Delivery,Alangudi,Pudukkottai
622302,Kadampatti B.O,B.O,Delivery,Alangudi,Pudukkottai
622302,Kallakottai B.O,B.O,Delivery,Alangudi,Pudukkottai
622302,Karambakudi S.O,S.O,Delivery,Alangudi,Pudukkottai
622302,Karukkakurichi B.O,B.O,Delivery,Alangudi,Pudukkottai
622302,Keerathur B.O,B.O,Delivery,Alangudi,Pudukkottai
622302,Kulandiranpattu B.O,B.O,Delivery,Alangudi,Pudukkottai
622302,Marudakonviduthi B.O,B.O,Delivery,Alangudi,Pudukkottai
622302,Pallavarampatti B.O,B.O,Delivery,Alangudi,Pudukkottai
622302,Pilaviduthi B.O,B.O,Delivery,Alangudi,Pudukkottai
622302,Raghunathapuram B.O,B.O,Delivery,Alangudi,Pudukkottai
622302,Tirumananjeri B.O,B.O,Delivery,Alangudi,Pudukkottai
622303,Kaikurichi B.O,B.O,Delivery,Alangudi,Pudukkottai
622303,Kothakottai B.O,B.O,Delivery,Alangudi,Pudukkottai
622303,Poovarasakudi B.O,B.O,Delivery,Alangudi,Pudukkottai
622303,Tirukkattalai B.O,B.O,Delivery,Alangudi,Pudukkottai
622303,Tiruvarankulam S.O,S.O,Delivery,Alangudi,Pudukkottai
622303,Vallathirakottai B.O,B.O,Delivery,Alangudi,Pudukkottai
622303,Vamban B.O,B.O,Delivery,Alangudi,Pudukkottai
622303,Vamban Colony B.O,B.O,Delivery,Alangudi,Pudukkottai
622303,Venkatakulam B.O,B.O,Delivery,Alangudi,Pudukkottai
622304,Anavayal B.O,B.O,Delivery,Alangudi,Pudukkottai
622304,Kadukkakadu B.O,B.O,Delivery,Alangudi,Pudukkottai
622304,Kottaikadu B.O,B.O,Delivery,Alangudi,Pudukkottai
622304,Mangadu B.O,B.O,Delivery,Alangudi,Pudukkottai
622304,Mullankurichi B.O,B.O,Delivery,Alangudi,Pudukkottai
622304,Neduvasal B.O,B.O,Delivery,Alangudi,Pudukkottai
622304,Pullanviduthi B.O,B.O,Delivery,Alangudi,Pudukkottai
622304,Vadakadu S.O,S.O,Delivery,Alangudi,Pudukkottai
622304,Vanakkankadu B.O,B.O,Delivery,Alangudi,Pudukkottai
622401,Alavayal B.O,B.O,Delivery,Tirumayam,Pudukkottai
622401,Koppanapatti S.O,S.O,Delivery,Thirumayam,Pudukkottai
622401,Melamelanilai B.O,B.O,Delivery,Tirumayam,Pudukkottai
622401,Nagarapatti B.O,B.O,Delivery,Tirumayaaam,Pudukkottai
622401,Semboodi B.O,B.O,Delivery,Tirumayam,Pudukkottai
622401,Thenur B.O,B.O,Delivery,Tirumayam,Pudukkottai
622402,Arasamalai B.O,B.O,Delivery,Tirumayam,Pudukkottai
622402,Kulipirai S.O,S.O,Delivery,Tirumayam,Pudukkottai
622402,Panayapatti B.O,B.O,Delivery,Tirumayam,Pudukkottai
622402,Sevalur B.O,B.O,Delivery,Tirumayam,Pudukkottai
622402,Sundaram B.O,B.O,Delivery,Tirumayam,Pudukkottai
622403,Melasivapuri S.O,S.O,Delivery,Thirumayam,Pudukkottai
622403,Selliampatti B.O,B.O,Delivery,Thirumayam,Pudukkottai
622403,Tirukkalambur B.O,B.O,Delivery,Tirumayam,Pudukkottai
622403,Varpattu B.O,B.O,Delivery,Tirumayam,Pudukkottai
622403,Vendan patti B.O,B.O,Delivery,Thirumayam,Pudukkottai
622404,Kottur B.O,B.O,Delivery,Tirumayam,Pudukkottai
622404,Kulamangalam B.O,B.O,Delivery,Tirumayam,Pudukkottai
622404,Nachandupatti S.O,S.O,Delivery,Thirumayam,Pudukkottai
622404,Rarapuram B.O,B.O,Delivery,Tirumayam,Pudukkottai
622407,Ponnamaravathy S.O,S.O,Delivery,Tirumayam,Pudukkottai
622407,Pudupatti S.O (Pudukkottai),S.O,Non-Delivery,Thirumayam,Pudukkottai
622407,"R,palakurichi B.O",B.O,Delivery,Tirumayam,Pudukkottai
622407,Vegupatti B.O,B.O,Delivery,Thirumayam,Pudukkottai
622409,Kannanur B.O,B.O,Delivery,Tirumayaam,Pudukkottai
622409,Kuruvikondanpatti B.O,B.O,Delivery,Thirumayam,Pudukkottai
622409,Mudalipatti B.O,B.O,Delivery,Thirumayam,Pudukkottai
622409,Rangiem S.O,S.O,Delivery,Tirumayam,Pudukkottai
622411,Kesarapatti B.O,B.O,Delivery,Thirumayam,Pudukkottai
622411,Valayapatti S.O (Pudukkottai),S.O,Delivery,Thirumayam,Pudukkottai
622412,Gudalur B.O,B.O,Delivery,Tirumayam,Pudukkottai
622412,Lembalakudi B.O,B.O,Delivery,Tirumayam,Pudukkottai
622412,Melapanaiyur B.O,B.O,Delivery,Tirumayam,Pudukkottai
622412,V.Lakshmipuram B.O,B.O,Delivery,Thirumayam,Pudukkottai
622412,Virachilai S.O,S.O,Delivery,Thirumayam,Pudukkottai
622422,Namanasamudram B.O,B.O,Delivery,Thirumayam,Pudukkottai
622422,Peraiyur B.O,B.O,Delivery,Tirumayam,Pudukkottai
622422,Sivapuram S.O,S.O,Delivery,Thirumayam,Pudukkottai
622501,Cauvery Nagar S.O,S.O,Delivery,Kulathur,Pudukkottai
622501,Puthambur B.O,B.O,Delivery,Illuppur,Pudukkottai
622501,Rajakulathur B.O,B.O,Delivery,Kulathur,Pudukkottai
622501,Satyamangalam B.O,B.O,Delivery,Illuppur,Pudukkottai
622501,Thodaiyur B.O,B.O,Delivery,Illuppur,Pudukkottai
622501,Vellanur B.O,B.O,Delivery,Illuppur,Pudukkottai
622502,Kalamavur B.O,B.O,Delivery,Kulathur,Pudukkottai
622502,Keeranur S.O,S.O,Delivery,Kulathur,Pudukkottai
622502,Kilaiyur B.O,B.O,Delivery,Kulathur,Pudukkottai
622502,Killukkottai B.O,B.O,Delivery,Kulathur,Pudukkottai
622502,Kunnandarkoil B.O,B.O,Delivery,Kulathur,Pudukkottai
622502,Letchumanapatti B.O,B.O,Delivery,Kulathur,Pudukkottai
622502,Nanjur B.O,B.O,Delivery,Kulathur,Pudukkottai
622502,Odayalipatti B.O,B.O,Delivery,Kulathur,Pudukkottai
622502,Odugampatti B.O,B.O,Delivery,Kulathur,Pudukkottai
622502,Sengalur B.O,B.O,Delivery,Kulathur,Pudukkottai
622502,Srinivasanagar B.O,B.O,Non-Delivery,Kulathur,Pudukkottai
622502,Tiruppur B.O,B.O,Delivery,Kulathur,Pudukkottai
622503,Athanur B.O,B.O,Delivery,Tirumayam,Pudukkottai
622503,Kattubawa Pallivasal B.O,B.O,Delivery,Thirumayam,Pudukkottai
622503,Konapet S.O,S.O,Delivery,Tirumayam,Pudukkottai
622503,N.Shanmuganathapuri B.O,B.O,Delivery,Thirumayam,Pudukkottai
622503,P.Alagapuri B.O,B.O,Non-Delivery,Thirumayam,Pudukkottai
622504,Ammachatram B.O,B.O,Delivery,Kulathur,Pudukkottai
622504,Kannangudi B.O,B.O,Delivery,Kulathur,Pudukkottai
622504,Kulathur S.O (Pudukkottai),S.O,Delivery,Kulathur,Pudukkottai
622504,Odukkur B.O,B.O,Delivery,Kulathur,Pudukkottai
622504,Puliyur B.O,B.O,Delivery,Kulathur,Pudukkottai
622504,Tirumalairayapuram B.O,B.O,Delivery,Kulathur,Pudukkottai
622504,Uppiliyakudi B.O,B.O,Delivery,Kulathur,Pudukkottai
622504,Valamangalam B.O,B.O,Delivery,Kulathur,Pudukkottai
622504,Vilapatti B.O,B.O,Delivery,Kulathur,Pudukkottai
622505,Hirudayapuram B.O,B.O,Delivery,Thirumayam,Pudukkottai
622505,Oonaiyur B.O,B.O,Delivery,Tirumayam,Pudukkottai
622505,Panangudi B.O,B.O,Delivery,Tirumayam,Pudukkottai
622505,Ramachandrapuram S.O (Pudukkottai),S.O,Delivery,Tirumayam,Pudukkottai
622506,Arputhapuram B.O,B.O,Delivery,Thirumayam,Pudukkottai
622506,Perungudi B.O,B.O,Delivery,Tirumayam,Pudukkottai
622506,Rayavaram S.O (Pudukkottai),S.O,Delivery,Tirumayam,Pudukkottai
622506,Sengirai B.O,B.O,Delivery,Tirumayam,Pudukkottai
622506,Thekkattur B.O,B.O,Delivery,Tirumayam,Pudukkottai
622507,Kulathupatti B.O,B.O,Delivery,Tirumayam,Pudukkottai
622507,Melur B.O,B.O,Delivery,Tirumayam,Pudukkottai
622507,Pilivalam B.O,B.O,Delivery,Tirumayam,Pudukkottai
622507,Thulayanur B.O,B.O,Delivery,Tirumayam,Pudukkottai
622507,Tirumayam S.O,S.O,Delivery,Tirumayam,Pudukkottai
622515,Avur B.O,B.O,Delivery,Kulathur,Pudukkottai
622515,Mandaiyur B.O,B.O,Delivery,Kulathur,Pudukkottai
622515,Mathur B.O,B.O,Delivery,Kulathur,Pudukkottai
622515,Mathur Ind. Estate S.O,S.O,Delivery,Kulathur,Pudukkottai
622515,Neerpalani B.O,B.O,Delivery,Kulathur,Pudukkottai
622515,Thondamanallur B.O,B.O,Delivery,Kulathur,Pudukkottai
623115,Idivilagi B.O,B.O,Delivery,Kamudhi,Ramanathapuram
623115,K.Veppankulam B.O,B.O,Delivery,Kamudhi,Ramanathapuram
623115,Kadamangalam B.O,B.O,Delivery,Kamudhi,Ramanathapuram
623115,Kokkarankottai B.O,B.O,Delivery,Kamuthi,Ramanathapuram
623115,Pammanendal B.O,B.O,Delivery,Kamuthi,Ramanathapuram
623115,Perunali S.O,S.O,Delivery,Kamudhi,Ramanathapuram
623115,Thuthinatham B.O,B.O,Delivery,Kamuthi,Ramanathapuram
623115,Tirumalkanthankottai B.O,B.O,Delivery,Kamudhi,Ramanathapuram
623115,Uchinatham B.O,B.O,Delivery,Kamuthi,Ramanathapuram
623120,Kuruvadi B.O,B.O,Delivery,Kadaladi,Ramanathapuram
623120,Mudaliarpudukulam B.O,B.O,Delivery,Kadaladi,Ramanathapuram
623120,Mukkaiyur B.O,B.O,Delivery,Kadaladi,Ramanathapuram
623120,Pillaiyarkulam B.O,B.O,Delivery,Kadaladi,Ramanathapuram
623120,Sayalgudi S.O,S.O,Delivery,Kadaladi,Ramanathapuram
623120,T.Veppankulam B.O,B.O,Delivery,Kadaladi,Ramanathapuram
623135,Kannirajapuram S.O,S.O,Delivery,Kadaladi,Ramanathapuram
623135,Narippaiyur B.O,B.O,Delivery,Kadaladi,Ramanathapuram
623135,S.Tharaikudi B.O,B.O,Delivery,Kadaladi,Ramanathapuram
623135,Sevalpatti B.O,B.O,Delivery,Kadaladi,Ramanathapuram
623308,Andavoorani B.O,B.O,Delivery,Tiruvadanai,Ramanathapuram
623308,Kavalaivendran B.O,B.O,Delivery,Tiruvadanai,Ramanathapuram
623308,Kookudi B.O,B.O,Delivery,Tiruvadanai,Ramanathapuram
623308,Kunjankulam B.O,B.O,Delivery,Tiruvadanai,Ramanathapuram
623308,Mangalakudi S.O,S.O,Delivery,Tiruvadanai,Ramanathapuram
623308,Ooranikottai B.O,B.O,Delivery,Tiruvadanai,Ramanathapuram
623308,Peruvakottai B.O,B.O,Non-Delivery,Tiruvadanai,Ramanathapuram
623308,Sirumalaikottai B.O,B.O,Delivery,Tiruvadanai,Ramanathapuram
623315,Nilamalagiamangalam B.O,B.O,Delivery,Tiruvadanai,Ramanathapuram
623315,Pananchayal B.O,B.O,Delivery,Tiruvadanai,Ramanathapuram
623315,Vellayapuram S.O,S.O,Delivery,Tiruvadanai,Ramanathapuram
623401,Anandur S.O,S.O,Delivery,Tiruvadanai,Ramanathapuram
623401,Ayinkudi B.O,B.O,Delivery,Tiruvadanai,Ramanathapuram
623401,Govindamangalam B.O,B.O,Delivery,Tiruvadanai,Ramanathapuram
623401,Kalladithidal B.O,B.O,Delivery,Tiruvadanai,Sivaganga
623401,Radhanur B.O,B.O,Delivery,Tiruvadanai,Ramanathapuram
623401,Valanai B.O,B.O,Delivery,Tiruvadanai,Ramanathapuram
623402,Chinnakeeramangalam S.O,S.O,Delivery,Tiruvadanai,Ramanathapuram
623402,Karkalathur B.O,B.O,Delivery,Devakottai,Sivaganga
623402,Muppaiyur B.O,B.O,Delivery,Devakottai,Sivaganga
623402,Orikottai B.O,B.O,Delivery,Devakottai,Ramanathapuram
623402,Sevvaipettai B.O,B.O,Delivery,Tiruvadanai,Ramanathapuram
623402,Thoonugudi B.O,B.O,Delivery,Devakottai,Sivaganga
623403,Karankadu B.O,B.O,Delivery,Tiruvadanai,Ramanathapuram
623403,Muhilthagam B.O,B.O,Delivery,Tiruvadanai,Ramanathapuram
623403,Nambuthalai S.O,S.O,Delivery,Tiruvadanai,Ramanathapuram
623403,Pudupattinam B.O,B.O,Delivery,Tiruvadanai,Ramanathapuram
623404,Nagarikathan B.O,B.O,Delivery,Tiruvadanai,Ramanathapuram
623404,Pandugudi S.O,S.O,Delivery,Tiruvadanai,Ramanathapuram
623406,Marungoor B.O,B.O,Delivery,Tiruvadanai,Ramanathapuram
623406,Oriyur B.O,B.O,Delivery,Tiruvadanai,Ramanathapuram
623406,Sundarapandiapattinam S.O,S.O,Delivery,Tiruvadanai,Ramanathapuram
623407,Anjukottai B.O,B.O,Delivery,Tiruvadanai,Ramanathapuram
623407,Athiyur B.O,B.O,Delivery,Tiruvadanai,Ramanathapuram
623407,Kottakudi B.O,B.O,Delivery,Tiruvadanai,Ramanathapuram
623407,Thinaiyathur B.O,B.O,Delivery,Tiruvadanai,Ramanathapuram
623407,Tiruvadanai S.O,S.O,Delivery,Tiruvadanai,Ramanathapuram
623407,Tiruvetriyur B.O,B.O,Delivery,Tiruvadanai,Ramanathapuram
623409,Kurumilangudi B.O,B.O,Delivery,Tiruvadanai,Ramanathapuram
623409,Pasipattinam B.O,B.O,Delivery,Tiruvadanai,Ramanathapuram
623409,Tondi S.O,S.O,Delivery,Tiruvadanai,Ramanathapuram
623409,Vattanam B.O,B.O,Delivery,Tiruvadanai,Ramanathapuram
623501,Ramanathapuram Bazaar S.O,S.O,Non-Delivery,Ramanathapuram,Ramanathapuram
623501,Ramanathapuram H.O,H.O,Delivery,Ramanathapuram,Ramanathapuram
623502,Achunthanvayal S.O,S.O,Delivery,Ramanathapuram,Ramanathapuram
623502,Chithoor B.O,B.O,Delivery,Ramanathapuram,Ramanathapuram
623502,Mudalur B.O,B.O,Delivery,Ramanathapuram,Ramanathapuram
623502,Puthenthal B.O,B.O,Delivery,Ramanathapuram,Ramanathapuram
623502,Vairavanendal B.O,B.O,Delivery,Ramanathapuram,Ramanathapuram
623503,Pattanamkathan B.O,B.O,Non-Delivery,NA,Ramanathapuram
623503,Ramanathapuram Collectorate S.O,S.O,Delivery,Ramanathapuram,Ramanathapuram
623504,Kattoorani B.O,B.O,Delivery,Ramanathapuram,Ramanathapuram
623504,Melakottai B.O,B.O,Delivery,Ramanathapuram,Ramanathapuram
623504,Peravoor B.O,B.O,Delivery,Ramanathapuram,Ramanathapuram
623504,Rajasooriyamadai B.O,B.O,Delivery,Ramanathapuram,Ramanathapuram
623504,Sakkarakottai B.O,B.O,Delivery,Ramanathapuram,Ramanathapuram
623504,Surankottai B.O,B.O,Delivery,Ramanathapuram,Ramanathapuram
623504,Therkutharavai B.O,B.O,Delivery,Ramanathapuram,Ramanathapuram
623504,Velipattanam S.O,S.O,Delivery,Ramanathapuram,Ramanathapuram
623512,Alagankulam S.O,S.O,Delivery,Ramanathapuram,Ramanathapuram
623512,Athankarai B.O,B.O,Delivery,Ramanathapuram,Ramanathapuram
623513,Athiyuhtu B.O,B.O,Delivery,Ramanathapuram,Ramanathapuram
623513,Chitharkottai S.O,S.O,Delivery,Ramanathapuram,Ramanathapuram
623513,Peruvayal B.O,B.O,Delivery,Ramanathapuram,Ramanathapuram
623513,Pullangudi B.O,B.O,Delivery,Ramanathapuram,Ramanathapuram
623514,Devipattinam S.O,S.O,Delivery,Ramanathapuram,Ramanathapuram
623514,Devipattinam South B.O,B.O,Non-Delivery,Ramanathapuram,Ramanathapuram
623514,Devipattinam West B.O,B.O,Non-Delivery,Ramanathapuram,Ramanathapuram
623514,Madavanur B.O,B.O,Delivery,Ramanathapuram,Ramanathapuram
623515,Ervadi S.O,S.O,Delivery,Kadaladi,Ramanathapuram
623515,Idambadal B.O,B.O,Delivery,Kadaladi,Ramanathapuram
623515,Mayakulam B.O,B.O,Delivery,Kadaladi,Ramanathapuram
623516,Irumeni S.O,S.O,Delivery,Ramanathapuram,Ramanathapuram
623516,Kadukkavalasai B.O,B.O,Delivery,Ramanathapuram,Ramanathapuram
623516,Pirappanvalasai B.O,B.O,Delivery,Ramanathapuram,Ramanathapuram
623517,Kanjirangudi B.O,B.O,Delivery,Ramanathapuram,Ramanathapuram
623517,Kilakarai S.O,S.O,Delivery,Ramanathapuram,Ramanathapuram
623517,Kombuthi B.O,B.O,Delivery,Ramanathapuram,Ramanathapuram
623517,Kumbidumadurai B.O,B.O,Delivery,Ramanathapuram,Ramanathapuram
623517,Nathamkulapatham B.O,B.O,Delivery,Ramanathapuram,Ramanathapuram
623518,Mandapam S.O,S.O,Delivery,Ramanathapuram,Ramanathapuram
623518,Thonithurai B.O,B.O,Non-Delivery,Ramanathapuram,Ramanathapuram
623519,Mandapam Camp S.O,S.O,Delivery,Ramanathapuram,Ramanathapuram
623519,Sundaramudaiyan B.O,B.O,Delivery,Ramanathapuram,Ramanathapuram
623519,Vedalai B.O,B.O,Delivery,Ramanathapuram,Ramanathapuram
623520,Marine Fisheries S.O,S.O,Delivery,Ramanathapuram,Ramanathapuram
623521,Akkamadam B.O,B.O,Delivery,Rameswaram,Ramanathapuram
623521,Pamban S.O,S.O,Delivery,Ramanathapuram,Ramanathapuram
623522,Panaikulam S.O,S.O,Delivery,Ramanathapuram,Ramanathapuram
623522,Puduvalasai B.O,B.O,Delivery,Ramanathapuram,Ramanathapuram
623523,Kalimangundu B.O,B.O,Delivery,Ramanathapuram,Ramanathapuram
623523,Kumbaram B.O,B.O,Delivery,Ramanathapuram,Ramanathapuram
623523,Muthupettai B.O,B.O,Delivery,Ramanathapuram,Ramanathapuram
623523,Nainamaraickan B.O,B.O,Delivery,Ramanathapuram,Ramanathapuram
623523,Periyapattinam S.O,S.O,Delivery,Ramanathapuram,Ramanathapuram
623523,Regunathapuram B.O,B.O,Delivery,Ramanathapuram,Ramanathapuram
623523,Vannangundu B.O,B.O,Delivery,Ramanathapuram,Ramanathapuram
623524,Pudumadam S.O,S.O,Delivery,Ramanathapuram,Ramanathapuram
623524,Vellariodai B.O,B.O,Delivery,Ramanathapuram,Ramanathapuram
623525,Ariyankottai B.O,B.O,Delivery,Tiruvadanai,Ramanathapuram
623525,Attangudi B.O,B.O,Delivery,Tiruvadanai,Ramanathapuram
623525,Avarendal B.O,B.O,Delivery,Tiruvadanai,Ramanathapuram
623525,Irudhayapuram B.O,B.O,Delivery,Tiruvadanai,Ramanathapuram
623525,Kavanur B.O,B.O,Delivery,Tiruvadanai,Ramanathapuram
623525,Rajasingamangalam S.O,S.O,Delivery,Tiruvadanai,Ramanathapuram
623525,Sengudi B.O,B.O,Delivery,Tiruvadanai,Ramanathapuram
623525,Uppoor B.O,B.O,Delivery,Tiruvadanai,Ramanathapuram
623525,Vettukulam B.O,B.O,Delivery,Tiruvadanai,Ramanathapuram
623526,Olaikuda B.O,B.O,Delivery,Rameswaram,Ramanathapuram
623526,Rameswaram Road B.O,B.O,Delivery,Rameswaram,Ramanathapuram
623526,Rameswaram S.O,S.O,Delivery,Rameswaram,Ramanathapuram
623527,Ariyakudi B.O,B.O,Delivery,Paramakudi,Ramanathapuram
623527,Bogalur B.O,B.O,Non-Delivery,Paramakudi,Ramanathapuram
623527,Chathirakudi S.O,S.O,Delivery,Paramakudi,Ramanathapuram
623527,Ettivayal B.O,B.O,Delivery,Paramakudi,Ramanathapuram
623527,Kamankottai B.O,B.O,Delivery,Paramakudi,Ramanathapuram
623527,Kilakottai B.O,B.O,Delivery,Paramakudi,Ramanathapuram
623527,Mennanthi B.O,B.O,Delivery,Paramakudi,Ramanathapuram
623527,Muthuvayal B.O,B.O,Delivery,Paramakudi,Ramanathapuram
623527,Pandikanmoi B.O,B.O,Delivery,Paramakudi,Ramanathapuram
623527,Paramakudi ITI B.O,B.O,Non-Delivery,Paramakudi,Ramanathapuram
623527,S.Kodikulam B.O,B.O,Delivery,Paramakudi,Ramanathapuram
623527,T. Karungulam B.O,B.O,Delivery,Paramakudi,Ramanathapuram
623527,Valanadu B.O,B.O,Delivery,Paramakudi,Ramanathapuram
623527,Valasai B.O,B.O,Delivery,Paramakudi,Ramanathapuram
623528,Kilakidaram B.O,B.O,Delivery,Kadaladi,Ramanathapuram
623528,Melakidaram B.O,B.O,Delivery,Kadaladi,Ramanathapuram
623528,Mv Salt Complex B.O,B.O,Delivery,Kadaladi,Ramanathapuram
623528,Pannandai B.O,B.O,Delivery,Kadaladi,Ramanathapuram
623528,Sikkal S.O (Ramanathapuram),S.O,Delivery,Kadaladi,Ramanathapuram
623528,Valinokkam B.O,B.O,Delivery,Kadaladi,Ramanathapuram
623529,Ariyangundu B.O,B.O,Delivery,Rameswaram,Ramanathapuram
623529,Thangachimadam S.O,S.O,Delivery,Rameswaram,Ramanathapuram
623530,Kavanur (TOR) B.O,B.O,Delivery,Ramanathapuram,Ramanathapuram
623530,Kiliyur B.O,B.O,Delivery,Ramanathapuram,Ramanathapuram
623530,Kulathur B.O,B.O,Delivery,Ramanathapuram,Ramanathapuram
623530,Siruvayal B.O,B.O,Delivery,Ramanathapuram,Ramanathapuram
623530,Toruvalur S.O,S.O,Delivery,Ramanathapuram,Ramanathapuram
623531,Kothiyarkottai B.O,B.O,Delivery,Tiruvadanai,Ramanathapuram
623531,Sambai B.O,B.O,Delivery,Tiruvadanai,Ramanathapuram
623531,Tirupalaikudi S.O,S.O,Delivery,Tiruvadanai,Ramanathapuram
623532,Kuthakottai B.O,B.O,Delivery,Ramanathapuram,Ramanathapuram
623532,Melapudukudi B.O,B.O,Delivery,Ramanathapuram,Ramanathapuram
623532,Methalodai B.O,B.O,Delivery,Ramanathapuram,Ramanathapuram
623532,Pudukoil B.O,B.O,Delivery,Ramanathapuram,Ramanathapuram
623532,Thinaikulam B.O,B.O,Delivery,Ramanathapuram,Ramanathapuram
623532,Thiruppullani S.O,S.O,Delivery,Ramanathapuram,Ramanathapuram
623533,Ekkakudi B.O,B.O,Delivery,Ramanathapuram,Ramanathapuram
623533,Kalari B.O,B.O,Delivery,Ramanathapuram,Ramanathapuram
623533,Mallal B.O,B.O,Delivery,Ramanathapuram,Ramanathapuram
623533,Marttiyarendal B.O,B.O,Delivery,Ramanathapuram,Ramanathapuram
623533,Nallirukkai B.O,B.O,Delivery,Ramanathapuram,Ramanathapuram
623533,Uthirakosamangai S.O,S.O,Delivery,Ramanathapuram,Ramanathapuram
623534,Mangundu B.O,B.O,Delivery,Ramanathapuram,Ramanathapuram
623534,Nagachi B.O,B.O,Delivery,Ramanathapuram,Ramanathapuram
623534,Rettaiyurani B.O,B.O,Delivery,Ramanathapuram,Ramanathapuram
623534,Uchipuli S.O,S.O,Delivery,Ramanathapuram,Ramanathapuram
623536,Kalugoorani B.O,B.O,Delivery,Ramanathapuram,Ramanathapuram
623536,Perungulam S.O (Ramanathapuram),S.O,Delivery,Ramanathapuram,Ramanathapuram
623536,Sathankulam B.O,B.O,Delivery,Ramanathapuram,Ramanathapuram
623536,Sembidaiyarkulam B.O,B.O,Delivery,Ramanathapuram,Ramanathapuram
623536,Valantharavai B.O,B.O,Delivery,Ramanathapuram,Ramanathapuram
623536,Vani B.O,B.O,Delivery,Ramanathapuram,Ramanathapuram
623537,Naranamangalam B.O,B.O,Delivery,Tiruvadanai,Ramanathapuram
623537,P.Kodikulam B.O,B.O,Delivery,Tiruvadanai,Ramanathapuram
623537,Pottagavayal S.O,S.O,Delivery,Tiruvadanai,Ramanathapuram
623537,Sholandur B.O,B.O,Delivery,Tiruvadanai,Ramanathapuram
623538,Arunoothimangalam B.O,B.O,Delivery,Tiruvadanai,Ramanathapuram
623538,Gudalur B.O,B.O,Delivery,Tiruvadanai,Ramanathapuram
623538,Karkathakudi B.O,B.O,Delivery,Tiruvadanai,Ramanathapuram
623538,Kokkurani B.O,B.O,Delivery,Tiruvadanai,Ramanathapuram
623538,Malapanaiyur B.O,B.O,Delivery,Tiruvadanai,Ramanathapuram
623538,Sanaveli S.O,S.O,Delivery,Tiruvadanai,Ramanathapuram
623538,Saveriyarpattinam B.O,B.O,Delivery,Tiruvadanai,Ramanathapuram
623566,Ervadi Dargha S.O,S.O,Delivery,Kadaladi,Ramanathapuram
623601,Abiramam S.O,S.O,Delivery,Kamudhi,Ramanathapuram
623601,Achangulam B.O,B.O,Delivery,Kamudhi,Ramanathapuram
623601,Anaiyur B.O,B.O,Delivery,Kamudhi,Ramanathapuram
623601,Melakanniseri B.O,B.O,Delivery,Mudukulathur,Ramanathapuram
623601,Melakodumalur B.O,B.O,Delivery,Kamudi,Ramanathapuram
623601,Nagaratharkurichi B.O,B.O,Delivery,Kamudhi,Ramanathapuram
623601,Nallukurichi B.O,B.O,Delivery,Kamuthi,Ramanathapuram
623601,Natham B.O,B.O,Non-Delivery,Kamudhi,Ramanathapuram
623601,Punavasal B.O,B.O,Delivery,Kamudhi,Ramanathapuram
623601,Sadayanendal B.O,B.O,Delivery,Kamudhi,Ramanathapuram
623601,Seyyamangalam B.O,B.O,Delivery,Kamudhi,Ramanathapuram
623603,Kamudi S.O,S.O,Delivery,Kamudhi,Ramanathapuram
623603,Kavadipatti B.O,B.O,Delivery,Kamuthi,Ramanathapuram
623603,Kilamudimannarkottai B.O,B.O,Delivery,Kamudhi,Ramanathapuram
623603,Kilaramanithi B.O,B.O,Delivery,Kamudhi,Ramanathapuram
623603,Kombuthi (KMU) B.O,B.O,Delivery,Kamudhi,Ramanathapuram
623603,Kovilangulam B.O,B.O,Delivery,Kamudhi,Ramanathapuram
623603,Mustakurichi B.O,B.O,Delivery,Kamudhi,Ramanathapuram
623603,Neeravikarisalkulam B.O,B.O,Delivery,Kamudhi,Ramanathapuram
623603,Nerinchipatti B.O,B.O,Delivery,Kamuthi,Ramanathapuram
623603,Perumalthevanpatti B.O,B.O,Delivery,Kamuthi,Ramanathapuram
623603,Pudukottai B.O,B.O,Delivery,Kamudhi,Ramanathapuram
623603,Ramasamypatti B.O,B.O,Delivery,Kamuthi,Ramanathapuram
623604,Kottaimedu S.O,S.O,Delivery,Kamuthi,Ramanathapuram
623604,Pakkuvetti B.O,B.O,Delivery,Kamudhi,Ramanathapuram
623604,Pasumpon B.O,B.O,Delivery,Kamuthi,Ramanathapuram
623605,Eluvanur B.O,B.O,Delivery,Kamudi,Ramanathapuram
623605,Koodakulam B.O,B.O,Delivery,Kamudhi,Ramanathapuram
623605,Mandalamanickam S.O,S.O,Delivery,Kamudhi,Ramanathapuram
623605,Valayapukulam B.O,B.O,Delivery,Kamuthi,Ramanathapuram
623608,Kamudakudi B.O,B.O,Delivery,Paramakudi,Ramanathapuram
623608,Kilaperungarai B.O,B.O,Delivery,Paramakudi,Ramanathapuram
623608,Melaperungarai B.O,B.O,Delivery,Paramakudi,Ramanathapuram
623608,Nelmadur B.O,B.O,Delivery,Paramakudi,Ramanathapuram
623608,Parthibanur S.O,S.O,Delivery,Paramakudi,Ramanathapuram
623608,Pidariseri B.O,B.O,Delivery,Paramakudi,Ramanathapuram
623608,Pudukudi B.O,B.O,Delivery,Paramakudi,Ramanathapuram
623608,Sudiyur B.O,B.O,Delivery,Paramakudi,Ramanathapuram
623608,Thaduthalankottai B.O,B.O,Delivery,Paramakudi,Ramanathapuram
623608,Vengalur B.O,B.O,Delivery,Paramakudi,Ramanathapuram
623701,Alimadurai B.O,B.O,Delivery,Paramakudi,Ramanathapuram
623701,Ariyanendal B.O,B.O,Delivery,Paramakudi,Ramanathapuram
623701,Emaneswaram S.O,S.O,Delivery,Paramakudi,Ramanathapuram
623701,Konnapanendal B.O,B.O,Delivery,Devakottai,Sivaganga
623701,Kumarakurichi B.O,B.O,Delivery,Devakottai,Sivaganga
623701,Munaivendri B.O,B.O,Delivery,Devakottai,Sivaganga
623701,Regunathamadai B.O,B.O,Delivery,Paramakudi,Ramanathapuram
623701,T.Pudukottai B.O,B.O,Delivery,Paramakudi,Ramanathapuram
623701,Thelichathanallur B.O,B.O,Delivery,Paramakudi,Ramanathapuram
623701,Urapuli B.O,B.O,Delivery,Paramakudi,Ramanathapuram
623701,Vendhoni B.O,B.O,Delivery,Paramakudi,Ramanathapuram
623703,Appanur B.O,B.O,Delivery,Kadaladi,Ramanathapuram
623703,Kadaladi S.O (Ramanathapuram),S.O,Delivery,Kadaladi,Ramanathapuram
623703,Kadugusandai B.O,B.O,Delivery,Kadaladi,Ramanathapuram
623703,Kilaselvanur B.O,B.O,Delivery,Kadaladi,Ramanathapuram
623703,Marandai B.O,B.O,Delivery,Kadaladi,Ramanathapuram
623703,Melaselvanur B.O,B.O,Delivery,Kadaladi,Ramanathapuram
623703,Oppilan B.O,B.O,Delivery,Kadaladi,Ramanathapuram
623703,Periyakulam B.O,B.O,Delivery,Kadaladi,Ramanathapuram
623703,S.Mariyur B.O,B.O,Delivery,Kadaladi,Ramanathapuram
623703,Saveriyarpattinam B.O,B.O,Delivery,Kadaladi,Ramanathapuram
623703,T.Mariyur B.O,B.O,Delivery,Kadaladi,Ramanathapuram
623704,Chithrankudi B.O,B.O,Delivery,Mudukulathur,Ramanathapuram
623704,Ilanjembur B.O,B.O,Delivery,Mudukulathur,Ramanathapuram
623704,Keeranur B.O,B.O,Delivery,Mudukulathur,Ramanathapuram
623704,Kidathirukkai B.O,B.O,Delivery,Mudukulathur,Ramanathapuram
623704,Melasirupothu B.O,B.O,Delivery,Mudukulathur,Ramanathapuram
623704,Mudukulathur S.O,S.O,Delivery,Mudukulathur,Ramanathapuram
623704,Pothikulam B.O,B.O,Delivery,Ramanathapuram,Ramanathapuram
623704,Sadayaneri B.O,B.O,Delivery,Mudukulathur,Ramanathapuram
623704,Veerambal B.O,B.O,Delivery,Mudukulathur,Ramanathapuram
623704,Vennirvaikkal B.O,B.O,Delivery,Mudukulathur,Ramanathapuram
623704,Vilangulathur B.O,B.O,Delivery,Mudukulathur,Ramanathapuram
623705,Akkiramesi B.O,B.O,Delivery,Paramakudi,Ramanathapuram
623705,Chathurvethamangalam B.O,B.O,Delivery,Paramakudi,Ramanathapuram
623705,Gangaikondan B.O,B.O,Delivery,Ramanathapuram,Ramanathapuram
623705,Gopalapattinam B.O,B.O,Delivery,Paramakudi,Ramanathapuram
623705,Karadarnthakudi B.O,B.O,Delivery,Paramakudi,Ramanathapuram
623705,Nagaram B.O,B.O,Delivery,Paramakudi,Ramanathapuram
623705,Nainarkoil S.O,S.O,Delivery,Paramakudi,Ramanathapuram
623705,P.Sirahikottai B.O,B.O,Delivery,Paramakudi,Ramanathapuram
623705,Uthayakudi B.O,B.O,Delivery,Paramakudi,Ramanathapuram
623705,Vallam B.O,B.O,Delivery,Paramakudi,Ramanathapuram
623706,Kilathooval B.O,B.O,Delivery,Paramakudi,Ramanathapuram
623706,M M Pattinam B.O,B.O,Delivery,Paramakudi,Ramanathapuram
623706,Melakavanur B.O,B.O,Delivery,Paramakudi,Ramanathapuram
623706,Melayakudi B.O,B.O,Delivery,Paramakudi,Ramanathapuram
623706,Pambur S.O,S.O,Delivery,Paramakudi,Ramanathapuram
623706,S.Kavanur B.O,B.O,Delivery,Paramakudi,Ramanathapuram
623706,Sambakulam B.O,B.O,Delivery,Paramakudi,Ramanathapuram
623706,Sathanur (PMK) B.O,B.O,Delivery,Paramakudi,Ramanathapuram
623706,Vilathur B.O,B.O,Delivery,Paramakudi,Ramanathapuram
623707,Bharathinagar (PMK) B.O,B.O,Non-Delivery,Paramakudi,Ramanathapuram
623707,Paramakudi Bazaar S.O,S.O,Non-Delivery,Paramakudi,Ramanathapuram
623707,Paramakudi H.O,H.O,Delivery,Paramakudi,Ramanathapuram
623708,Peraiyur S.O (Ramanathapuram),S.O,Delivery,Mudukulathur,Ramanathapuram
623708,Senkottaipatti B.O,B.O,Delivery,Kamuthi,Ramanathapuram
623711,Kakkur B.O,B.O,Delivery,Mudukulathur,Ramanathapuram
623711,Karumal B.O,B.O,Delivery,Mudukulathur,Ramanathapuram
623711,Pooseri B.O,B.O,Delivery,Mudukulathur,Ramanathapuram
623711,Teriruveli S.O,S.O,Delivery,Kadaladi,Ramanathapuram
623711,Vallakulam B.O,B.O,Delivery,Ramanathapuram,Ramanathapuram
623712,Alanganoor B.O,B.O,Delivery,Mudukulathur,Ramanathapuram
623712,Kalaiyur B.O,B.O,Delivery,Mudukulathur,Ramanathapuram
623712,Misal B.O,B.O,Delivery,Mudukulathur,Ramanathapuram
623712,Sellur B.O,B.O,Delivery,Mudukulathur,Ramanathapuram
623712,Sembongudi B.O,B.O,Delivery,Mudukulathur,Ramanathapuram
623712,Tiruvarangam S.O,S.O,Delivery,Paramakudi,Ramanathapuram
623712,Ulaiyur B.O,B.O,Delivery,Mudukulathur,Ramanathapuram
623712,Venkittankurichi B.O,B.O,Delivery,Paramakudi,Ramanathapuram
623806,Sathaksalai S.O,S.O,Delivery,Ramanathapuram,Ramanathapuram
624001,Angunagar S.O,S.O,Non-Delivery,Dindigul,Dindigul
624001,Dindigul Fort S.O,S.O,Non-Delivery,Dindigul,Dindigul
624001,Dindigul H.O,H.O,Delivery,Dindigul,Dindigul
624001,Pandianagar S.O,S.O,Non-Delivery,Dindigul,Dindigul
624002,Begampur S.O (Dindigul),S.O,Delivery,Dindigul,Dindigul
624002,H.R.Kottai B.O,B.O,Delivery,Dindigul,Dindigul
624002,Kottapatti B.O,B.O,Delivery,Dindigul,Dindigul
624002,Kuttathupatti B.O,B.O,Delivery,Dindigul,Dindigul
624002,M.N.Patti B.O,B.O,Delivery,Dindigul,Dindigul
624002,Mettupatti B.O,B.O,Non-Delivery,Dindigul,Dindigul
624002,Muthalagupatti B.O,B.O,Delivery,Dindigul,Dindigul
624002,Pallapatti B.O,B.O,Non-Delivery,Dindigul,Dindigul
624002,Pithalaipatti B.O,B.O,Delivery,Dindigul,Dindigul
624002,Ponnimandurai B.O,B.O,Delivery,Dindigul,Dindigul
624002,Sindalagundu B.O,B.O,Non-Delivery,Dindigul,Dindigul
624003,Adiyanuthu B.O,B.O,Delivery,Dindigul,Dindigul
624003,Dindigul Bus Stand S.O,S.O,Non-Delivery,Dindigul,Dindigul
624003,Dindigul East S.O,S.O,Non-Delivery,Dindigul,Dindigul
624003,Koovanuthu B.O,B.O,Delivery,Dindigul,Dindigul
624003,Nagalnagar S.O,S.O,Delivery,Dindigul,Dindigul
624003,Nallamanaickenpatti B.O,B.O,Delivery,Dindigul,Dindigul
624003,Reddiapatti B.O,B.O,Delivery,Dindigul,Dindigul
624003,Sirumalai B.O,B.O,Delivery,Dindigul,Dindigul
624003,Sirumalaipudur B.O,B.O,Delivery,Dindigul,Dindigul
624003,Thazhakadai B.O,B.O,Delivery,Dindigul,Dindigul
624004,Dindigul Collectorate S.O,S.O,Delivery,Dindigul,Dindigul
624004,Sennamanaickenpatti B.O,B.O,Delivery,Dindigul,Dindigul
624004,Settinaickenpatti B.O,B.O,Delivery,Dindigul,Dindigul
624005,Balakrishnapurampudur S.O,S.O,Delivery,Vedasandur,Dindigul
624005,Jambuliapatti B.O,B.O,Delivery,Vedasandur,Dindigul
624005,Kovilur B.O,B.O,Delivery,Dindigul,Dindigul
624005,Kulathur B.O,B.O,Delivery,Dindigul,Dindigul
624005,Mullipadi B.O,B.O,Delivery,Dindigul,Dindigul
624005,N.G.O.Colony S.O,S.O,Non-Delivery,Dindigul,Dindigul
624005,N.Paraipatti B.O,B.O,Delivery,Dindigul,Dindigul
624005,Nallamanarkottai B.O,B.O,Delivery,Dindigul,Dindigul
624005,Padiyur B.O,B.O,Delivery,Dindigul,Dindigul
624005,Sellamanthadi B.O,B.O,Delivery,Dindigul,Dindigul
624005,Silaipadi B.O,B.O,Delivery,Dindigul,Dindigul
624005,Thamaraipadi B.O,B.O,Delivery,Dindigul,Dindigul
624005,Thottanampatti B.O,B.O,Delivery,Dindigul,Dindigul
624005,Thottanuthu B.O,B.O,Delivery,Dindigul,Dindigul
624101,Adukkam B.O,B.O,Delivery,Kodaikanal,Dindigul
624101,Attuvampatti B.O,B.O,Delivery,Dindigul,Dindigul
624101,Kodaikanal S.O,S.O,Delivery,Dindigul,Dindigul
624101,Kumburvayal B.O,B.O,Delivery,Dindigul,Dindigul
624101,Machur B.O,B.O,Delivery,Dindigul,Dindigul
624101,Melpallam B.O,B.O,Delivery,Kodaikanal,Dindigul
624101,Naidupuram B.O,B.O,Non-Delivery,Dindigul,Dindigul
624101,Palamalai B.O,B.O,Delivery,Dindigul,Dindigul
624101,Pallangi B.O,B.O,Delivery,Dindigul,Dindigul
624101,Perumalmalai B.O,B.O,Delivery,Dindigul,Dindigul
624101,Perumpallam B.O,B.O,Delivery,Dindigul,Dindigul
624101,Prakasapuram B.O,B.O,Delivery,Dindigul,Dindigul
624101,Shenbaganur B.O,B.O,Delivery,Dindigul,Dindigul
624101,Srinivasapuram B.O,B.O,Delivery,Kodaikanal,Dindigul
624101,Vadagounji B.O,B.O,Delivery,Kodaikanal,Dindigul
624101,Vellagavi B.O,B.O,Delivery,Kodaikanal,Dindigul
624101,Vilpatti B.O,B.O,Delivery,Kodaikanal,Dindigul
624103,Kavunji B.O,B.O,Delivery,Kodaikanal,Dindigul
624103,Kilanavayal B.O,B.O,Delivery,Kodaikanal,Dindigul
624103,Kilavarai B.O,B.O,Delivery,Kodaikanal,Dindigul
624103,Kodaikanal Observatory S.O,S.O,Delivery,Dindigul,Dindigul
624103,Kookal B.O,B.O,Delivery,Dindigul,Dindigul
624103,Kumbur B.O,B.O,Delivery,Kodaikanal,Dindigul
624103,Mannavanur B.O,B.O,Delivery,Dindigul,Dindigul
624103,Pambarpuram B.O,B.O,Non-Delivery,Kodaikanal,Dindigul
624103,Pazhamputhur B.O,B.O,Delivery,Kodaikanal,Dindigul
624103,Polur B.O,B.O,Delivery,Kodaikanal,Dindigul
624103,Poombarai B.O,B.O,Delivery,Dindigul,Dindigul
624103,Pundi B.O,B.O,Delivery,Dindigul,Dindigul
624103,Puthuputhur B.O,B.O,Delivery,Kodaikanal,Dindigul
624201,Ammayanaickanur S.O,S.O,Delivery,Nilakkottai,Dindigul
624201,Kalladipatti B.O,B.O,Delivery,Nilakottai,Dindigul
624201,Kullalagundu B.O,B.O,Delivery,Nilakottai,Dindigul
624201,Malayagondanpatti B.O,B.O,Delivery,Nilakottai,Dindigul
624201,Pallapatti B.O,B.O,Delivery,Nilakottai,Dindigul
624202,Batlagundu Bazar S.O,S.O,Non-Delivery,Dindigul,Dindigul
624202,Batlagundu S.O,S.O,Delivery,Dindigul,Dindigul
624202,G.Thummalapatti B.O,B.O,Delivery,Kodaikanal,Dindigul
624202,Kanavoipatti B.O,B.O,Delivery,Dindigul,Dindigul
624202,Kattakamanpatti B.O,B.O,Delivery,Kodaikanal,Dindigul
624202,Kumbaraiyur B.O,B.O,Delivery,Kodaikanal,Dindigul
624202,Kuzhipatti B.O,B.O,Delivery,Kodaikanal,Dindigul
624202,Mallanampatti B.O,B.O,Delivery,Dindigul,Dindigul
624202,Nuthalapuram B.O,B.O,Delivery,Dindigul,Dindigul
624202,Old Batlagundu B.O,B.O,Delivery,Kodaikanal,Dindigul
624202,Poosaripatti B.O,B.O,Delivery,Kodaikanal,Dindigul
624202,Pulathur B.O,B.O,Delivery,Dindigul,Dindigul
624202,Reddiapatti B.O,B.O,Delivery,Kodaikanal,Dindigul
624202,Venkatasrikottai B.O,B.O,Delivery,Kodaikanal,Dindigul
624202,Viralipatti B.O,B.O,Delivery,Dindigul,Dindigul
624202,Yeluvanampatti B.O,B.O,Delivery,Kodaikanal,Dindigul
624204,Devarappanpatti B.O,B.O,Delivery,Dindigul,Dindigul
624204,Iyyampalayam S.O,S.O,Delivery,Dindigul,Dindigul
624204,Maruthanathi-project B.O,B.O,Delivery,Dindigul,Dindigul
624204,Nellur B.O,B.O,Delivery,Dindigul,Dindigul
624204,Sitherevu B.O,B.O,Delivery,Dindigul,Dindigul
624206,Ammapatti B.O,B.O,Delivery,NA,Dindigul
624206,Jambudarikottai B.O,B.O,Delivery,Dindigul,Dindigul
624206,K.Rajathanikottai B.O,B.O,Delivery,Nilakkottai,Dindigul
624206,Kodairoad R.S. S.O,S.O,Delivery,Nilakkottai,Dindigul
624206,Metturgate B.O,B.O,Delivery,Nilakkottai,Dindigul
624206,Oruthattu B.O,B.O,Delivery,Nilakkottai,Dindigul
624206,Uthupatti B.O,B.O,Delivery,Nilakkottai,Dindigul
624208,Nilakottai H.O,H.O,Delivery,Dindigul,Dindigul
624210,Moolaiyar B.O,B.O,Delivery,Dindigul,Dindigul
624210,Pannaikadu S.O,S.O,Delivery,Dindigul,Dindigul
624211,Ayyankottai B.O,B.O,Delivery,Dindigul,Dindigul
624211,M.Vadipatti B.O,B.O,Delivery,Dindigul,Dindigul
624211,Pattiveeranpatti S.O,S.O,Delivery,NA,Dindigul
624211,Sangareddikottai B.O,B.O,Delivery,Dindigul,Dindigul
624211,Sevugampatti B.O,B.O,Delivery,Dindigul,Dindigul
624212,Adalur B.O,B.O,Delivery,Dindigul,Dindigul
624212,K.C.Patti B.O,B.O,Delivery,Dindigul,Dindigul
624212,Kaviakadu B.O,B.O,Delivery,Kodaikanal,Dindigul
624212,Kuppammalpatti B.O,B.O,Delivery,Kodaikanal,Dindigul
624212,Manjalpirappu B.O,B.O,Delivery,Kodaikanal,Dindigul
624212,Nadupatti B.O,B.O,Delivery,Kodaikanal,Dindigul
624212,Nallurkadu B.O,B.O,Delivery,Kodaikanal,Dindigul
624212,Pachalur B.O,B.O,Delivery,Dindigul,Dindigul
624212,Pallathukalvai B.O,B.O,Delivery,Kodaikanal,Dindigul
624212,Pandrimalai B.O,B.O,Delivery,Kodaikanal,Dindigul
624212,Periyur B.O,B.O,Delivery,Dindigul,Dindigul
624212,Perumbarai S.O,S.O,Delivery,Kodaikanal,Dindigul
624212,Solaikadu B.O,B.O,Delivery,Kodaikanal,Dindigul
624212,St.Marys Estate B.O,B.O,Delivery,Kodaikanal,Dindigul
624212,Thonimalai B.O,B.O,Delivery,Kodaikanal,Dindigul
624212,Vengalapatti B.O,B.O,Delivery,Kodaikanal,Dindigul
624215,Kariampatti B.O,B.O,Delivery,Nilakkottai,Dindigul
624215,Kattakoothanpatti B.O,B.O,Delivery,Nilakkottai,Dindigul
624215,Kodanginaickenpatti B.O,B.O,Delivery,Dindigul,Dindigul
624215,Kottur B.O,B.O,Delivery,Dindigul,Dindigul
624215,Micheal Palayam B.O,B.O,Delivery,Nilakkottai,Dindigul
624215,Nariyuthu B.O,B.O,Delivery,Dindigul,Dindigul
624215,Sangalpatty B.O,B.O,Delivery,Nilakkottai,Dindigul
624215,Sankarapuram B.O,B.O,Delivery,Nilakkottai,Dindigul
624215,Silukkuvarpatti S.O,S.O,Delivery,Dindigul,Dindigul
624216,Kamanur B.O,B.O,Delivery,Dindigul,Dindigul
624216,Kanalkadu B.O,B.O,Delivery,Kodaikanal,Dindigul
624216,Kodalangadu B.O,B.O,Delivery,Kodaikanal,Dindigul
624216,Tandigudi S.O,S.O,Delivery,Dindigul,Dindigul
624219,Anaipatti B.O,B.O,Delivery,Dindigul,Dindigul
624219,Ethilodu B.O,B.O,Non-Delivery,Dindigul,Dindigul
624219,Kullichettipatti B.O,B.O,Delivery,Dindigul,Dindigul
624219,Musuvanuthu B.O,B.O,Delivery,Dindigul,Dindigul
624219,Pillayarnatham B.O,B.O,Delivery,Dindigul,Dindigul
624219,Ramarajapuram B.O,B.O,Delivery,Dindigul,Dindigul
624219,Sirunaickenpatti B.O,B.O,Delivery,Dindigul,Dindigul
624219,Sithargalnatham B.O,B.O,Delivery,Dindigul,Dindigul
624219,Vilampatti S.O,S.O,Delivery,Dindigul,Dindigul
624220,Kunnuvarankottai B.O,B.O,Delivery,Dindigul,Dindigul
624220,Nadakottai B.O,B.O,Delivery,Dindigul,Dindigul
624220,Rajathanikottai B.O,B.O,Delivery,Nilakkottai,Dindigul
624220,Sandaiyur B.O,B.O,Delivery,Dindigul,Dindigul
624220,Theppathupatti B.O,B.O,Delivery,Nilakkottai,Dindigul
624220,Viralimayanpatti B.O,B.O,Delivery,Dindigul,Dindigul
624220,Viruveedu S.O,S.O,Delivery,Dindigul,Dindigul
624301,Chinnalapatti S.O,S.O,Delivery,Dindigul,Dindigul
624302,A.Nadupatti B.O,B.O,Delivery,NA,Dindigul
624302,Ambathurai B.O,B.O,Delivery,Dindigul,Dindigul
624302,Ambathurai R.S S.O,S.O,Non-Delivery,Dindigul,Dindigul
624302,Chettiapatti B.O,B.O,Delivery,Dindigul,Dindigul
624302,Gandhigram S.O (Dindigul),S.O,Delivery,Dindigul,Dindigul
624302,Perumalkoilpatti B.O,B.O,Delivery,NA,Dindigul
624302,Samiyarpatti B.O,B.O,Delivery,Dindigul,Dindigul
624303,Alamarathupatti B.O,B.O,Delivery,Dindigul,Dindigul
624303,Kalikkampatti B.O,B.O,Delivery,Dindigul,Dindigul
624303,Munnilakottai B.O,B.O,Delivery,Dindigul,Dindigul
624303,N.Panjampatti S.O,S.O,Delivery,Dindigul,Dindigul
624303,Vakkampatti B.O,B.O,Delivery,Dindigul,Dindigul
624303,Veerakkal B.O,B.O,Delivery,Dindigul,Dindigul
624304,Avilipatti B.O,B.O,Delivery,Dindigul,Dindigul
624304,Emakkalapuram B.O,B.O,Delivery,Dindigul,Dindigul
624304,Kolinjipatti B.O,B.O,Delivery,Dindigul,Dindigul
624304,Konapatti B.O,B.O,Delivery,Dindigul,Dindigul
624304,Kosavapatti B.O,B.O,Delivery,Dindigul,Dindigul
624304,Marunoothu B.O,B.O,Delivery,Dindigul,Dindigul
624304,Ragalapuram B.O,B.O,Delivery,Dindigul,Dindigul
624304,Sanarpatti S.O,S.O,Delivery,Dindigul,Dindigul
624304,T.Panjampatti B.O,B.O,Delivery,Dindigul,Dindigul
624304,Thavasimadai B.O,B.O,Delivery,Dindigul,Dindigul
624304,Vadakattupatti B.O,B.O,Delivery,Dindigul,Dindigul
624304,Veerasinnnampatti B.O,B.O,Delivery,Dindigul,Dindigul
624306,Kambiliampatti B.O,B.O,Delivery,Dindigul,Dindigul
624306,Kattupatti B.O,B.O,Delivery,Dindigul,Dindigul
624306,Madur B.O,B.O,Delivery,Dindigul,Dindigul
624306,Markampatti B.O,B.O,Delivery,Dindigul,Dindigul
624306,Periyakottai B.O,B.O,Delivery,Dindigul,Dindigul
624306,Rajakkapatti B.O,B.O,Delivery,Dindigul,Dindigul
624306,Sadayampatti B.O,B.O,Delivery,Dindigul,Dindigul
624306,Sengurichi B.O,B.O,Delivery,Dindigul,Dindigul
624306,Siluvathur S.O,S.O,Delivery,Dindigul,Dindigul
624306,V.S.K.Kurumbapatti B.O,B.O,Delivery,Dindigul,Dindigul
624306,Vaithilathoppampatti B.O,B.O,Delivery,Dindigul,Dindigul
624307,Narasingapuram B.O,B.O,Delivery,Dindigul,Dindigul
624307,Sirunaickenpatti B.O,B.O,Delivery,Dindigul,Dindigul
624307,Vellodu S.O,S.O,Delivery,Dindigul,Dindigul
624308,Anjukulipatti B.O,B.O,Delivery,Dindigul,Dindigul
624308,Jothampatti B.O,B.O,Delivery,Dindigul,Dindigul
624308,K.Ayyapatti B.O,B.O,Delivery,Dindigul,Dindigul
624308,Kanavoipatti B.O,B.O,Delivery,Dindigul,Dindigul
624308,Kanniapuram B.O,B.O,Delivery,Dindigul,Dindigul
624308,Sakkiliankodai B.O,B.O,Delivery,Dindigul,Dindigul
624308,T.Vadugapatti B.O,B.O,Delivery,Dindigul,Dindigul
624308,Thimmanallur B.O,B.O,Delivery,Dindigul,Dindigul
624308,Vembarpatti S.O,S.O,Delivery,Dindigul,Dindigul
624401,Avichipatti B.O,B.O,Delivery,Dindigul,Dindigul
624401,Kasampatti B.O,B.O,Delivery,Natham,Dindigul
624401,Kosikurichi B.O,B.O,Delivery,Natham,Dindigul
624401,Kuttupatti B.O,B.O,Delivery,Natham,Dindigul
624401,Lingavadi B.O,B.O,Delivery,Dindigul,Dindigul
624401,Mulaiyur B.O,B.O,Delivery,Dindigul,Dindigul
624401,N.Pudupatti B.O,B.O,Delivery,Natham,Dindigul
624401,Nadumandalam B.O,B.O,Delivery,Dindigul,Dindigul
624401,Naduvanur B.O,B.O,Delivery,Natham,Dindigul
624401,Natham East S.O,S.O,Non-Delivery,Natham,Dindigul
624401,Natham Koilpatti S.O,S.O,Non-Delivery,Natham,Dindigul
624401,Natham S.O,S.O,Delivery,Dindigul,Dindigul
624401,Nathambazar B.O,B.O,Non-Delivery,Natham,Dindigul
624401,Pudur(NTM) B.O,B.O,Delivery,Dindigul,Dindigul
624401,Punnapatti B.O,B.O,Delivery,Dindigul,Dindigul
624401,Reddiapatti B.O,B.O,Delivery,Dindigul,Dindigul
624401,Sathampadi B.O,B.O,Delivery,Dindigul,Dindigul
624401,Sethur B.O,B.O,Delivery,Dindigul,Dindigul
624401,Sreerankattupatti B.O,B.O,Delivery,Dindigul,Dindigul
624401,Vathipatti B.O,B.O,Delivery,Natham,Dindigul
624401,Velampatti B.O,B.O,Delivery,Dindigul,Dindigul
624402,Boothagudi B.O,B.O,Delivery,Dindigul,Dindigul
624402,Kottaiyur B.O,B.O,Delivery,Dindigul,Dindigul
624402,Moongilpatti B.O,B.O,Delivery,Natham,Dindigul
624402,Samudrapatti S.O,S.O,Delivery,Dindigul,Dindigul
624402,Sirugudi B.O,B.O,Delivery,Dindigul,Dindigul
624402,Uralipatti B.O,B.O,Delivery,Dindigul,Dindigul
624403,Kodagipatti B.O,B.O,Delivery,Dindigul,Dindigul
624403,Kottaipatti B.O,B.O,Delivery,Natham,Dindigul
624403,Manakkattur B.O,B.O,Delivery,Natham,Dindigul
624403,Pillayarnatham B.O,B.O,Delivery,Dindigul,Dindigul
624403,Sendurai S.O (Dindigul),S.O,Delivery,Dindigul,Dindigul
624601,Palani Bazaar S.O,S.O,Non-Delivery,Palani,Dindigul
624601,Palani Devastanam S.O,S.O,Non-Delivery,Palani,Dindigul
624601,Palani East S.O,S.O,Non-Delivery,Palani,Dindigul
624601,Palani H.O,H.O,Delivery,Dindigul,Dindigul
624601,Palani R.S S.O,S.O,Non-Delivery,Palani,Dindigul
624601,Palani West S.O,S.O,Non-Delivery,Palani,Dindigul
624610,Balasamudram S.O (Dindigul),S.O,Delivery,NA,Dindigul
624610,Palarparundalar Dam B.O,B.O,Delivery,Dindigul,Dindigul
624612,Ambilikai S.O,S.O,Delivery,Dindigul,Dindigul
624612,Chinnamandavadi B.O,B.O,Delivery,Oddanchatram,Dindigul
624612,Kappiliapatti B.O,B.O,Delivery,Dindigul,Dindigul
624612,Mandavadi B.O,B.O,Delivery,Dindigul,Dindigul
624612,Odaipatti B.O,B.O,Delivery,Dindigul,Dindigul
624612,Sakkampatti B.O,B.O,Delivery,Oddanchatram,Dindigul
624612,Thangachiammapatti B.O,B.O,Delivery,Dindigul,Dindigul
624613,Amarapundi B.O,B.O,Delivery,Dindigul,Dindigul
624613,Ayakudi S.O,S.O,Delivery,Dindigul,Dindigul
624613,Erramanaickenpatti B.O,B.O,Delivery,Dindigul,Dindigul
624613,Kanakkanpatti B.O,B.O,Delivery,Dindigul,Dindigul
624613,Marichilambu B.O,B.O,Delivery,Dindigul,Dindigul
624613,Poolampati B.O,B.O,Delivery,Dindigul,Dindigul
624613,Vagarai B.O,B.O,Delivery,Dindigul,Dindigul
624613,Varthamanathi Dam Project B.O,B.O,Delivery,Palani,Dindigul
624614,19 Pudur B.O,B.O,Delivery,Dindigul,Dindigul
624614,Boduvarpatti B.O,B.O,Delivery,Dindigul,Dindigul
624614,Chatrapatti S.O (Dindigul),S.O,Delivery,Dindigul,Dindigul
624614,Dasaripatti B.O,B.O,Delivery,Dindigul,Dindigul
624614,Devathur B.O,B.O,Delivery,Dindigul,Dindigul
624614,Kappalapatti B.O,B.O,Delivery,Oddanchatram,Dindigul
624614,Kothayam B.O,B.O,Delivery,Dindigul,Dindigul
624614,Manjanaickenpatti B.O,B.O,Delivery,Dindigul,Dindigul
624614,Periyakottai B.O,B.O,Delivery,Dindigul,Dindigul
624614,Perumalnaickenvalasu B.O,B.O,Delivery,Oddanchatram,Dindigul
624614,Veeralapatti B.O,B.O,Delivery,Dindigul,Dindigul
624614,Virupatchi B.O,B.O,Delivery,Dindigul,Dindigul
624615,Chinnakalayamputhur B.O,B.O,Delivery,Dindigul,Dindigul
624615,Kalayamputhur S.O,S.O,Delivery,Dindigul,Dindigul
624615,Karikaranpudur B.O,B.O,Delivery,Palani,Dindigul
624615,Neikkarapatti B.O,B.O,Delivery,Dindigul,Dindigul
624615,Periyakalayamputhur B.O,B.O,Delivery,Palani,Dindigul
624615,Perumalpudur B.O,B.O,Delivery,Palani,Dindigul
624615,Pethanaickenpatti B.O,B.O,Delivery,Dindigul,Dindigul
624615,Thamaraikulam B.O,B.O,Delivery,Dindigul,Dindigul
624616,Aranmanaivalasu B.O,B.O,Delivery,Dindigul,Dindigul
624616,I.Vadipatti B.O,B.O,Delivery,Dindigul,Dindigul
624616,K.Keeranur B.O,B.O,Delivery,Dindigul,Dindigul
624616,Kallimandayam S.O,S.O,Delivery,Dindigul,Dindigul
624616,Kariampatti B.O,B.O,Delivery,Dindigul,Dindigul
624616,Kazhutharukkipalayam B.O,B.O,Delivery,Oddanchatram,Dindigul
624616,Kuttampundi B.O,B.O,Delivery,Dindigul,Dindigul
624616,Mettupatti B.O,B.O,Delivery,Dindigul,Dindigul
624616,Palappanpatti B.O,B.O,Delivery,Dindigul,Dindigul
624616,Paruthiyur B.O,B.O,Delivery,Dindigul,Dindigul
624616,Porulur B.O,B.O,Delivery,Dindigul,Dindigul
624616,Theethagoundenvalasu B.O,B.O,Delivery,Oddanchatram,Dindigul
624616,Tirumalaigoundenvalasu B.O,B.O,Delivery,Dindigul,Dindigul
624617,Appanuthu B.O,B.O,Delivery,Dindigul,Dindigul
624617,Keeranur(MA) S.O,S.O,Delivery,Oddanchatram,Dindigul
624617,Kottathurai B.O,B.O,Delivery,Dindigul,Dindigul
624617,Melkaraipatti B.O,B.O,Delivery,Dindigul,Dindigul
624617,Perichipalayam B.O,B.O,Delivery,Oddanchatram,Dindigul
624617,Puliampatti B.O,B.O,Delivery,Dindigul,Dindigul
624617,Rajampatti B.O,B.O,Delivery,Dindigul,Dindigul
624617,Sangampalayam B.O,B.O,Delivery,Oddanchatram,Dindigul
624617,Thoppampatti B.O,B.O,Delivery,Dindigul,Dindigul
624617,Thummalapatti B.O,B.O,Delivery,Dindigul,Dindigul
624617,Velampatti B.O,B.O,Delivery,Dindigul,Dindigul
624618,Kodaimangalam B.O,B.O,Delivery,Dindigul,Dindigul
624618,Kovilammapatti B.O,B.O,Delivery,Dindigul,Dindigul
624618,Manur B.O,B.O,Delivery,Dindigul,Dindigul
624618,Muthunaickenpatti B.O,B.O,Delivery,Dindigul,Dindigul
624618,Narikalpatti S.O,S.O,Delivery,Palani,Dindigul
624618,Periyamottanuthu B.O,B.O,Delivery,Palani,Dindigul
624618,Pushpathur B.O,B.O,Delivery,Dindigul,Dindigul
624618,Thalaiyuthu B.O,B.O,Delivery,Dindigul,Dindigul
624619,Arasappapillaipatti B.O,B.O,Delivery,Dindigul,Dindigul
624619,Athikombai B.O,B.O,Delivery,Dindigul,Dindigul
624619,Kalanjipatti B.O,B.O,Delivery,Dindigul,Dindigul
624619,Kaveriammapatti B.O,B.O,Delivery,Dindigul,Dindigul
624619,Kethaiyarumbu B.O,B.O,Delivery,Dindigul,Dindigul
624619,Kollapatti B.O,B.O,Delivery,Dindigul,Dindigul
624619,Nalupulikottai B.O,B.O,Delivery,Dindigul,Dindigul
624619,Neelamalaikottai B.O,B.O,Delivery,Dindigul,Dindigul
624619,Oddanchatram North S.O,S.O,Non-Delivery,Oddanchatram,Dindigul
624619,Oddanchatram S.O,S.O,Delivery,Dindigul,Dindigul
624619,Old Oddanchatram B.O,B.O,Delivery,Dindigul,Dindigul
624619,Palakkanuthu B.O,B.O,Delivery,Dindigul,Dindigul
624619,Puduchatram B.O,B.O,Delivery,Dindigul,Dindigul
624619,S.R.G.Pudur B.O,B.O,Delivery,Dindigul,Dindigul
624619,Vadagadu B.O,B.O,Delivery,Dindigul,Dindigul
624619,Veriyappur B.O,B.O,Delivery,Dindigul,Dindigul
624620,Alambadi B.O,B.O,Delivery,Dindigul,Dindigul
624620,Anaipatti B.O,B.O,Delivery,Vedasandur,Dindigul
624620,Chatirapatti B.O,B.O,Delivery,Dindigul,Dindigul
624620,D.Gudalur B.O,B.O,Delivery,Dindigul,Dindigul
624620,Kottanatham B.O,B.O,Delivery,Dindigul,Dindigul
624620,Landakottai B.O,B.O,Delivery,Dindigul,Dindigul
624620,Palayam S.O,S.O,Delivery,Dindigul,Dindigul
624620,Pandithakaranur B.O,B.O,Delivery,Dindigul,Dindigul
624620,R.Vellodu B.O,B.O,Delivery,Dindigul,Dindigul
624620,Servaikaranpatti B.O,B.O,Delivery,Dindigul,Dindigul
624620,Tirukoornam B.O,B.O,Delivery,Dindigul,Dindigul
624621,Andipatti B.O,B.O,Delivery,Dindigul,Dindigul
624621,Kavalapatti B.O,B.O,Delivery,Dindigul,Dindigul
624621,Pappampatti S.O,S.O,Delivery,Dindigul,Dindigul
624621,R.Iyyampalayam B.O,B.O,Delivery,Dindigul,Dindigul
624621,Thathanaickenpatti B.O,B.O,Delivery,Palani,Dindigul
624622,Ammapatti B.O,B.O,Delivery,Dindigul,Dindigul
624622,Gurunathanaickanur B.O,B.O,Delivery,Dindigul,Dindigul
624622,K.Pudukottai B.O,B.O,Delivery,Dindigul,Dindigul
624622,Kamatchipuram B.O,B.O,Delivery,Dindigul,Dindigul
624622,Mangarai B.O,B.O,Delivery,Dindigul,Dindigul
624622,Muthanampattipudur B.O,B.O,Delivery,Dindigul,Dindigul
624622,Pappanampatti B.O,B.O,Delivery,Dindigul,Coimbatore
624622,Reddiarchatram S.O,S.O,Delivery,Dindigul,Dindigul
624622,S.Vadipatti B.O,B.O,Delivery,Dindigul,Dindigul
624622,Sriramapuram B.O,B.O,Delivery,Dindigul,Dindigul
624701,Attur S.O,S.O,Delivery,Dindigul,Dindigul
624702,Achanampatti B.O,B.O,Delivery,Dindigul,Dindigul
624702,Chittoor B.O,B.O,Delivery,Dindigul,Dindigul
624702,Eriyodu S.O,S.O,Delivery,Vedasandur,Dindigul
624702,Paganattam B.O,B.O,Delivery,Dindigul,Dindigul
624702,Poothampatti B.O,B.O,Delivery,Vedasandur,Dindigul
624702,Sriramapuram B.O,B.O,Delivery,Dindigul,Dindigul
624703,Alambadimines B.O,B.O,Delivery,Vedasandur,Dindigul
624703,Guziliamparai S.O,S.O,Delivery,Vedasandur,Dindigul
624703,Karikali B.O,B.O,Delivery,Dindigul,Dindigul
624703,Mallapuram B.O,B.O,Delivery,Dindigul,Dindigul
624703,Ramagiri B.O,B.O,Delivery,Vedasandur,Dindigul
624703,Thozhipatti B.O,B.O,Delivery,Dindigul,Dindigul
624703,Ulliyakottai B.O,B.O,Delivery,Dindigul,Dindigul
624704,Idayakottai S.O,S.O,Delivery,Dindigul,Dindigul
624704,Javadhupatti B.O,B.O,Delivery,Dindigul,Dindigul
624704,Jogipatti B.O,B.O,Delivery,Dindigul,Dindigul
624704,Periakuzhipatti B.O,B.O,Delivery,Oddanchatram,Dindigul
624704,Puliyurnatham B.O,B.O,Delivery,Dindigul,Dindigul
624704,Valayapatti B.O,B.O,Delivery,Dindigul,Dindigul
624705,Dharmathupatti B.O,B.O,Delivery,Dindigul,Dindigul
624705,Kannivadi S.O,S.O,Delivery,Dindigul,Dindigul
624705,Kasavanampatti B.O,B.O,Delivery,Dindigul,Dindigul
624705,Konur B.O,B.O,Delivery,Dindigul,Dindigul
624705,Palayakannivadi B.O,B.O,Delivery,Dindigul,Dindigul
624705,Pannaipatti B.O,B.O,Delivery,Dindigul,Dindigul
624705,T.Pudupatti B.O,B.O,Delivery,Dindigul,Dindigul
624705,Thettupatti B.O,B.O,Delivery,Dindigul,Dindigul
624706,Kovilur S.O,S.O,Delivery,Vedasandur,Dindigul
624706,Kulathupatti B.O,B.O,Delivery,Dindigul,Dindigul
624706,Nagayakottai B.O,B.O,Delivery,Dindigul,Dindigul
624706,Pillamanaickenpatti B.O,B.O,Delivery,Vedasandur,Dindigul
624706,R.Kombai B.O,B.O,Delivery,Dindigul,Dindigul
624706,R.Pudukottai B.O,B.O,Delivery,Dindigul,Dindigul
624706,Usilampatti B.O,B.O,Delivery,Dindigul,Dindigul
624706,Vadugampadi B.O,B.O,Delivery,Dindigul,Dindigul
624707,Mallayapuram B.O,B.O,Delivery,Nilakkottai,Dindigul
624707,Pachamalayankottai B.O,B.O,Delivery,Dindigul,Dindigul
624707,Paraipatti B.O,B.O,Delivery,Dindigul,Dindigul
624707,Sembatti S.O,S.O,Delivery,Dindigul,Dindigul
624707,Vannampatti B.O,B.O,Delivery,Nilakkottai,Dindigul
624708,Bodikamanvadi B.O,B.O,Delivery,Dindigul,Dindigul
624708,K.Singarakottai B.O,B.O,Delivery,Dindigul,Dindigul
624708,Ottupatti B.O,B.O,Delivery,Dindigul,Dindigul
624708,Palayankottai B.O,B.O,Delivery,Dindigul,Dindigul
624708,Sedapatti B.O,B.O,Delivery,Dindigul,Dindigul
624708,Senkattampatti B.O,B.O,Delivery,Dindigul,Dindigul
624708,Sithayankottai S.O,S.O,Delivery,Nilakkottai,Dindigul
624709,Agaram B.O,B.O,Delivery,Dindigul,Dindigul
624709,Kallipatti B.O,B.O,Delivery,Dindigul,Dindigul
624709,Malvarpatti B.O,B.O,Delivery,Dindigul,Dindigul
624709,Marambadi B.O,B.O,Delivery,Dindigul,Dindigul
624709,Silvarpatti B.O,B.O,Delivery,Dindigul,Dindigul
624709,Sukkampatti B.O,B.O,Delivery,Dindigul,Dindigul
624709,Tadicombu S.O,S.O,Delivery,Dindigul,Dindigul
624709,Teppakulathupatti B.O,B.O,Delivery,Dindigul,Dindigul
624709,Undarpatti B.O,B.O,Delivery,Dindigul,Dindigul
624709,Viralipatti B.O,B.O,Delivery,Dindigul,Dindigul
624710,Alagapuri B.O,B.O,Delivery,NA,Dindigul
624710,Jenankottai B.O,B.O,Delivery,Dindigul,Dindigul
624710,Kalanampatti B.O,B.O,Delivery,Dindigul,Dindigul
624710,Kodangipatti B.O,B.O,Delivery,Dindigul,Dindigul
624710,Koovakkapatti B.O,B.O,Delivery,Dindigul,Dindigul
624710,Kumbur B.O,B.O,Delivery,Dindigul,Dindigul
624710,Murunellikottai B.O,B.O,Delivery,Dindigul,Dindigul
624710,Nathapatti B.O,B.O,Delivery,Dindigul,Dindigul
624710,Pudurchettiapatti B.O,B.O,Delivery,Dindigul,Dindigul
624710,Puliamarathukottai B.O,B.O,Delivery,Dindigul,Dindigul
624710,Sullerumbu B.O,B.O,Delivery,Dindigul,Dindigul
624710,Thattarapatti B.O,B.O,Delivery,Dindigul,Dindigul
624710,Vallipatti B.O,B.O,Delivery,Dindigul,Dindigul
624710,Vanikarai B.O,B.O,Delivery,Dindigul,Dindigul
624710,Vedasandur S.O,S.O,Delivery,Dindigul,Dindigul
624711,Devinaickenpatti B.O,B.O,Delivery,Vedasandur,Dindigul
624711,Kalvarpatti B.O,B.O,Delivery,Vedasandur,Dindigul
624711,Kasipalayam S.O (Dindigul),S.O,Delivery,Vedasandur,Dindigul
624711,Kuttam B.O,B.O,Delivery,Vedasandur,Dindigul
624711,Minukampatti B.O,B.O,Delivery,Vedasandur,Dindigul
624711,Poonuthu B.O,B.O,Delivery,Vedasandur,Dindigul
624711,Viruthalaipatti B.O,B.O,Delivery,Vedasandur,Dindigul
624712,Chinnakkampatti B.O,B.O,Delivery,Dindigul,Dindigul
624712,Kuthiluppai B.O,B.O,Delivery,Dindigul,Dindigul
624712,Ma.Athappanpatti B.O,B.O,Delivery,Dindigul,Dindigul
624712,Markkampatti S.O,S.O,Delivery,Dindigul,Dindigul
624801,Ayyalur S.O,S.O,Delivery,Vedasandur,Dindigul
624801,Kollapatti B.O,B.O,Delivery,Dindigul,Dindigul
624801,Komberipatti B.O,B.O,Delivery,Dindigul,Dindigul
624801,Puthur B.O,B.O,Delivery,Dindigul,Dindigul
624801,Sithuvarpatti B.O,B.O,Delivery,Dindigul,Dindigul
624801,Sukkampatti B.O,B.O,Delivery,Dindigul,Dindigul
624802,Bojanampatti B.O,B.O,Delivery,Vedasandur,Dindigul
624802,Kanapadi B.O,B.O,Delivery,Dindigul,Dindigul
624802,Kusavapatti B.O,B.O,Delivery,Vedasandur,Dindigul
624802,Morepatti B.O,B.O,Delivery,Dindigul,Dindigul
624802,Mottanampatti B.O,B.O,Delivery,Vedasandur,Dindigul
624802,Pilathu B.O,B.O,Delivery,Dindigul,Dindigul
624802,Singarakottai.V. B.O,B.O,Delivery,Dindigul,Dindigul
624802,Thennampatti B.O,B.O,Delivery,Dindigul,Dindigul
624802,Thummalagundu B.O,B.O,Delivery,Vedasandur,Dindigul
624802,Vadamadurai S.O,S.O,Delivery,Vedasandur,Dindigul
624802,Velvarkottai B.O,B.O,Delivery,Dindigul,Dindigul
625001,Keerathurai S.O,S.O,Non-Delivery,Madurai South,Madurai
625001,Ma Periyar Bus Stand S.O,S.O,Non-Delivery,Madurai South,Madurai
625001,Ma West Masi Street S.O,S.O,Non-Delivery,NA,Madurai
625001,Madurai Bazaar S.O,S.O,Non-Delivery,NA,Madurai
625001,Madurai H.O,H.O,Delivery,Madurai South,Madurai
625001,Madurai Palace S.O,S.O,Non-Delivery,Madurai South,Madurai
625001,Madurai West S.O,S.O,Non-Delivery,Madurai South,Madurai
625001,Petchiamman Paditurai S.O,S.O,Non-Delivery,Madurai South,Madurai
625001,Simmakkal S.O,S.O,Non-Delivery,Madurai South,Madurai
625001,South Gate S.O,S.O,Non-Delivery,Madurai South,Madurai
625001,Town Hall Road S.O,S.O,Non-Delivery,Madurai South,Madurai
625001,Vilakkuthoon S.O,S.O,Non-Delivery,Madurai South,Madurai
625001,Yanaikkal S.O,S.O,Non-Delivery,Vadipatti,Madurai
625002,Ma Race Course S.O,S.O,Non-Delivery,Madurai North,Madurai
625002,Madurai Bibikulam S.O,S.O,Non-Delivery,NA,Madurai
625002,Madurai Corporation Building S.O,S.O,Non-Delivery,Madurai North,Madurai
625002,Meenambalpuram S.O,S.O,Non-Delivery,Madurai North,Madurai
625002,Narimedu S.O,S.O,Non-Delivery,Madurai North,Madurai
625002,Sellur S.O (Madurai),S.O,Non-Delivery,Madurai North,Madurai
625002,Sokkikulam S.O,S.O,Non-Delivery,Madurai North,Madurai
625002,Tallakulam H.O,H.O,Delivery,Madurai North,Madurai
625003,Alagappa Nagar S.O,S.O,Non-Delivery,Madurai South,Madurai
625003,Madakkulam B.O,B.O,Delivery,Madurai South,Madurai
625003,Palanganatham S.O,S.O,Delivery,Madurai South,Madurai
625003,Tvs Nagar S.O,S.O,Non-Delivery,Madurai South,Madurai
625004,Pasumalai S.O,S.O,Delivery,Madurai South,Madurai
625005,Harveypatti B.O,B.O,Delivery,Madurai South,Madurai
625005,Nilaiyur B.O,B.O,Delivery,Madurai South,Madurai
625005,Thiruparankundram S.O,S.O,Delivery,Madurai South,Madurai
625006,Pandian Nagar S.O,S.O,Non-Delivery,Madurai South,Madurai
625006,Thanakkankulam B.O,B.O,Delivery,Madurai South,Madurai
625006,Tirunagar S.O,S.O,Delivery,Madurai South,Madurai
625006,Vilacheri B.O,B.O,Delivery,Madurai South,Madurai
625007,Denobli Press S.O,S.O,Non-Delivery,NA,Madurai
625007,K.Pudur S.O,S.O,Delivery,NA,Madurai
625007,Pudur Bazaar S.O,S.O,Non-Delivery,Madurai North,Madurai
625007,Surveyor Colony S.O,S.O,Non-Delivery,Madurai North,Madurai
625008,Austinpatti B.O,B.O,Delivery,Madurai South,Madurai
625008,Kappalur B.O,B.O,Delivery,Tirumangalam,Madurai
625008,Kappalur Indl.Estate S.O,S.O,Delivery,Madurai South,Madurai
625008,Koothiyargundu B.O,B.O,Delivery,Madurai South,Madurai
625008,Sivanandanagar B.O,B.O,Delivery,Madurai South,Madurai
625008,Thoppur B.O,B.O,Delivery,Madurai South,Madurai
625009,Anuppanadi Housing Board Colon S.O,S.O,Non-Delivery,Madurai North,Madurai
625009,Anuppanady B.O,B.O,Delivery,NA,Madurai
625009,Chintamani B.O,B.O,Delivery,Madurai North,Madurai
625009,Ma Munichalai Road S.O,S.O,Delivery,Madurai North,Madurai
625009,Panaiyur B.O,B.O,Delivery,Madurai South,Madurai
625009,Samanatham B.O,B.O,Delivery,Madurai South,Madurai
625009,Thiagarajar College S.O,S.O,Non-Delivery,Madurai North,Madurai
625009,Viradhanur B.O,B.O,Delivery,Madurai South,Madurai
625009,Viraganur B.O,B.O,Delivery,Madurai South,Madurai
625011,Jaihindpuram S.O,S.O,Non-Delivery,Madurai South,Madurai
625011,Subramaniapuram S.O (Madurai),S.O,Delivery,Madurai South,Madurai
625012,Avanivapuram S.O,S.O,Delivery,Madurai South,Madurai
625012,Villapuram S.O,S.O,Non-Delivery,Madurai South,Madurai
625014,Chatrapatti B.O,B.O,Delivery,Madurai North,Madurai
625014,Kancharampettai B.O,B.O,Delivery,Madurai North,Madurai
625014,Karuvanur B.O,B.O,Delivery,Madurai North,Madurai
625014,Krishnapuram Colony S.O,S.O,Non-Delivery,Madurai North,Madurai
625014,Ma Reserve Lines S.O,S.O,Delivery,Madurai North,Madurai
625014,Madurai North S.O,S.O,Non-Delivery,Madurai North,Madurai
625014,Tirumalpuram B.O,B.O,Delivery,Madurai North,Madurai
625014,Tiruppalai B.O,B.O,Delivery,Madurai North,Madurai
625014,Velichanatham B.O,B.O,Delivery,Madurai North,Madurai
625015,Thiagarajar Engg College S.O,S.O,Delivery,Madurai South,Madurai
625016,Arasaradi H.O,H.O,Delivery,Madurai South,Madurai
625016,Ellis Nagar S.O,S.O,Non-Delivery,NA,Madurai
625016,Gnanaolivupuram S.O,S.O,Non-Delivery,Madurai North,Madurai
625016,Kochadai B.O,B.O,Delivery,Madurai South,Madurai
625016,Madurai Railway Divl Office S.O,S.O,Non-Delivery,NA,Madurai
625016,Mudakkuchalai S.O,S.O,Non-Delivery,Madurai North,Madurai
625016,Ponmeni B.O,B.O,Delivery,Madurai North,Madurai
625016,Ss Colony S.O,S.O,Non-Delivery,Madurai North,Madurai
625016,Virattipathu B.O,B.O,Non-Delivery,Madurai North,Madurai
625017,Anaiyur H.B. Colony B.O,B.O,Delivery,Madurai North,Madurai
625017,Anaiyur S.O,S.O,Delivery,Madurai North,Madurai
625017,Buthagudi B.O,B.O,Delivery,Madurai North,Madurai
625017,Kulamangalam B.O,B.O,Delivery,Madurai North,Madurai
625017,Vagaikulam B.O,B.O,Delivery,Madurai North,Madurai
625018,Kumaram B.O,B.O,Delivery,Madurai North,Madurai
625018,Podumbu B.O,B.O,Delivery,Madurai North,Madurai
625018,Shanthi Nagar S.O,S.O,Non-Delivery,Madurai North,Madurai
625018,Thathaneri S.O,S.O,Delivery,Madurai North,Madurai
625018,Vilangudi B.O,B.O,Delivery,Madurai North,Madurai
625018,Visalakshi Nagar S.O,S.O,Non-Delivery,Madurai North,Madurai
625019,Erkudi Achampathu B.O,B.O,Delivery,Madurai South,Madurai
625019,Kilakuyilkudi B.O,B.O,Delivery,Madurai South,Madurai
625019,Nagamalai S.O,S.O,Delivery,Madurai South,Madurai
625019,Pulluthu B.O,B.O,Delivery,Madurai North,Madurai
625019,Thuvariman B.O,B.O,Delivery,Madurai South,Madurai
625019,Vadivelkarai B.O,B.O,Delivery,Madurai North,Madurai
625020,Andarkottaram B.O,B.O,Delivery,Madurai North,Madurai
625020,Anna Nagar S.O (Madurai),S.O,Non-Delivery,Madurai North,Madurai
625020,Gandhi Nagar (MA) S.O,S.O,Delivery,Madurai North,Madurai
625020,Kalimangalam B.O,B.O,Delivery,Madurai North,Madurai
625020,Karuppayurani B.O,B.O,Delivery,Madurai North,Madurai
625020,Ma Rajaji Hospital S.O,S.O,Non-Delivery,NA,Madurai
625020,Madurai Courts S.O,S.O,Non-Delivery,NA,Madurai
625020,Sakkudi B.O,B.O,Delivery,Madurai North,Madurai
625020,Tallakulam Housing Board Colon S.O,S.O,Non-Delivery,NA,Madurai
625020,Vandiyur B.O,B.O,Delivery,Madurai North,Madurai
625020,Varichiyur B.O,B.O,Delivery,Madurai North,Madurai
625021,Palkalai Nagar S.O,S.O,Delivery,Madurai South,Madurai
625021,Thenpalanji B.O,B.O,Delivery,Madurai South,Madurai
625021,Vadapalanji B.O,B.O,Delivery,Madurai South,Madurai
625022,Kudakoil B.O,B.O,Delivery,Madurai South,Madurai
625022,Kusavangundu B.O,B.O,Delivery,Madurai South,Madurai
625022,Melauppiligundu B.O,B.O,Delivery,Madurai South,Madurai
625022,Nallur B.O,B.O,Delivery,Madurai South,Madurai
625022,Perungudi B.O,B.O,Delivery,Madurai South,Madurai
625022,Postal Training Centre S.O,S.O,Delivery,Madurai South,Madurai
625022,S.N.College B.O,B.O,Delivery,Madurai South,Madurai
625022,Solanguruni B.O,B.O,Delivery,Madurai South,Madurai
625022,T.Kokkulam B.O,B.O,Delivery,Madurai North,Madurai
625022,Tirumal B.O,B.O,Delivery,Madurai South,Madurai
625022,Valayankulam B.O,B.O,Delivery,Madurai South,Madurai
625022,Valayapatti B.O,B.O,Delivery,Madurai South,Madurai
625023,Madras High Court Madurai Bench S.O,S.O,Delivery,Madurai North,Madurai
625101,Kachirayanpatti B.O,B.O,Delivery,Melur,Madurai
625101,Kambur B.O,B.O,Delivery,Melur,Madurai
625101,Karungalakudi S.O,S.O,Delivery,Melur,Madurai
625101,Kunnarampatti B.O,B.O,Delivery,Melur,Madurai
625101,Mangalampatti B.O,B.O,Delivery,Madurai North,Madurai
625101,Nattarmangalam B.O,B.O,Delivery,Melur,Madurai
625101,Othakoilpatti B.O,B.O,Delivery,Madurai North,Madurai
625101,Sekkipatti B.O,B.O,Delivery,Melur,Madurai
625101,Vanjinagaram B.O,B.O,Delivery,Melur,Madurai
625102,Jayankondanilai B.O,B.O,Delivery,Melur,Madurai
625102,Kilavalavu S.O,S.O,Delivery,Melur,Madurai
625102,Kongampatti B.O,B.O,Delivery,Melur,Madurai
625102,Malampatti B.O,B.O,Delivery,Melur,Madurai
625102,Muthusamypatti B.O,B.O,Delivery,Madurai North,Madurai
625103,Ayyapatti B.O,B.O,Delivery,Melur,Madurai
625103,Chockalingapuram B.O,B.O,Delivery,Melur,Madurai
625103,Kottampatti S.O,S.O,Delivery,Melur,Madurai
625103,Manappachery B.O,B.O,Delivery,Melur,Madurai
625103,Pallapatti B.O,B.O,Delivery,Melur,Madurai
625103,Pandangudi B.O,B.O,Delivery,Melur,Madurai
625103,Pottapatti B.O,B.O,Delivery,Melur,Madurai
625103,Sokkampatti B.O,B.O,Delivery,Melur,Madurai
625103,Surapatti B.O,B.O,Delivery,Melur,Madurai
625103,Thonthilingapuram B.O,B.O,Delivery,Melur,Madurai
625103,Valaicheripatti B.O,B.O,Delivery,Melur,Madurai
625104,Arumbanur B.O,B.O,Delivery,Melur,Madurai
625104,Kodikulam B.O,B.O,Delivery,Melur,Madurai
625104,Madurai Agricultural College S.O,S.O,Delivery,Madurai North,Madurai
625104,Vowalthottam B.O,B.O,Delivery,Madurai North,Madurai
625105,Arukkampatti B.O,B.O,Delivery,Melur,Madurai
625105,Ettimangalam B.O,B.O,Delivery,Melur,Madurai
625105,Kesampatti B.O,B.O,Delivery,Melur,Madurai
625105,Melavlavu S.O,S.O,Delivery,Melur,Madurai
625105,Pattur B.O,B.O,Delivery,Melur,Madurai
625105,Sennagarampatti B.O,B.O,Delivery,Melur,Madurai
625106,Arittapatti B.O,B.O,Delivery,Melur,Madurai
625106,Kallampatti B.O,B.O,Delivery,Melur,Madurai
625106,Kilaiyur B.O,B.O,Delivery,Melur,Madurai
625106,Kottagudi B.O,B.O,Delivery,Melur,Madurai
625106,Melur East S.O,S.O,Non-Delivery,Melur,Madurai
625106,Melur S.O (Madurai),S.O,Delivery,Melur,Madurai
625106,Melur South S.O,S.O,Non-Delivery,Melur,Madurai
625106,Navinipatti B.O,B.O,Delivery,Melur,Madurai
625106,Pathinettangudi B.O,B.O,Delivery,Melur,Madurai
625106,Pudusukkampatti B.O,B.O,Delivery,Melur,Madurai
625106,Suragundu B.O,B.O,Delivery,Melur,Madurai
625107,Kathakinaru B.O,B.O,Delivery,Madurai North,Madurai
625107,Othakadai S.O,S.O,Delivery,Madurai North,Madurai
625107,Puduthamaraipatti B.O,B.O,Delivery,Madurai North,Madurai
625107,Rajakkur B.O,B.O,Delivery,Melur,Madurai
625107,Tirumoghur B.O,B.O,Delivery,Melur,Madurai
625107,Uthangudi B.O,B.O,Delivery,Melur,Madurai
625108,Attapatti B.O,B.O,Delivery,Melur,Madurai
625108,Budamangalam B.O,B.O,Delivery,Melur,Madurai
625108,Kodukkampatti B.O,B.O,Delivery,Melur,Madurai
625108,Thumbaipatti S.O,S.O,Delivery,Melur,Madurai
625109,Alagichipatti B.O,B.O,Delivery,Melur,Madurai
625109,Ambalakaranpatti B.O,B.O,Delivery,Melur,Madurai
625109,Kottanathampatti B.O,B.O,Delivery,Melur,Madurai
625109,Kurichipatti B.O,B.O,Delivery,Melur,Madurai
625109,Saruguvalayapatti B.O,B.O,Delivery,Melur,Madurai
625109,Thaniyamangalam B.O,B.O,Delivery,Melur,Madurai
625109,Uranganpatti B.O,B.O,Delivery,Melur,Madurai
625109,Vellalur S.O,S.O,Delivery,Melur,Madurai
625110,Poonjuthi B.O,B.O,Delivery,Melur,Madurai
625110,Therkilamur B.O,B.O,Delivery,Madurai North,Madurai
625110,Tiruvadur S.O,S.O,Delivery,Madurai North,Madurai
625122,Chittampatti B.O,B.O,Delivery,Melur,Madurai
625122,Narsingampatti B.O,B.O,Delivery,Melur,Madurai
625122,Poosaripatti B.O,B.O,Delivery,Melur,Madurai
625122,T.Vellalapatti B.O,B.O,Delivery,Melur,Madurai
625122,Therkutheru S.O,S.O,Delivery,Melur,Madurai
625122,Vellaripatti B.O,B.O,Delivery,Melur,Madurai
625201,Ilamanur B.O,B.O,Delivery,Madurai South,Madurai
625201,Puliankulam B.O,B.O,Delivery,Madurai South,Madurai
625201,Sakkimangalam B.O,B.O,Delivery,Madurai South,Madurai
625201,Silaiman S.O,S.O,Delivery,Madurai South,Madurai
625203,G.Kallupatti B.O,B.O,Delivery,Periyakulam,Theni
625203,Genguvarpatti S.O,S.O,Delivery,Periyakulam,Theni
625205,Irumbadi B.O,B.O,Delivery,Vadipatti,Madurai
625205,Karupatti S.O,S.O,Delivery,Vadipatti,Madurai
625205,Melanachikulam B.O,B.O,Delivery,Vadipatti,Madurai
625205,Nachikulam B.O,B.O,Delivery,Vadipatti,Madurai
625207,Ayyankuruvithurai B.O,B.O,Delivery,Vadipatti,Madurai
625207,Kadupatti B.O,B.O,Delivery,Thirumangalam,Madurai
625207,Mannadimangalam B.O,B.O,Delivery,Vadipatti,Madurai
625207,Mullipallam S.O,S.O,Delivery,Vadipatti,Madurai
625207,Nariampatti B.O,B.O,Delivery,Vadipatti,Madurai
625207,Sakkarappanaickanur B.O,B.O,Delivery,Vadipatti,Madurai
625207,Thenkarai B.O,B.O,Delivery,Vadipatti,Madurai
625207,Vikramangalam B.O,B.O,Delivery,Vadipatti,Madurai
625214,Sholavandan Bazaar S.O,S.O,Non-Delivery,Vadipatti,Madurai
625214,Sholavandan S.O,S.O,Delivery,Vadipatti,Madurai
625218,Andipatti B.O,B.O,Delivery,Vadipatti,Madurai
625218,Kachakatti B.O,B.O,Delivery,Vadipatti,Madurai
625218,Kulasekarankottai B.O,B.O,Delivery,Vadipatti,Madurai
625218,Pandiarajapuram B.O,B.O,Delivery,Vadipatti,Madurai
625218,Vadipatti S.O,S.O,Delivery,Vadipatti,Madurai
625221,Ayyankottai B.O,B.O,Delivery,Vadipatti,Madurai
625221,Kalvelipatti B.O,B.O,Delivery,Vadipatti,Madurai
625221,Kondayampatti B.O,B.O,Delivery,Vadipatti,Madurai
625221,Mariammalkulam B.O,B.O,Delivery,Vadipatti,Madurai
625221,Sithalangudi B.O,B.O,Delivery,Vadipatti,Madurai
625221,Thanichiyam S.O,S.O,Delivery,Vadipatti,Madurai
625221,Thiruvalavayanallur B.O,B.O,Delivery,Vadipatti,Madurai
625234,Kachirayiruppu B.O,B.O,Delivery,Vadipatti,Madurai
625234,Keelamathur B.O,B.O,Delivery,Madurai South,Madurai
625234,Kodimangalam B.O,B.O,Delivery,Madurai South,Madurai
625234,Melakkal B.O,B.O,Delivery,Vadipatti,Madurai
625234,Royapuram B.O,B.O,Delivery,Vadipatti,Madurai
625234,Tiruvedagam S.O,S.O,Delivery,Vadipatti,Madurai
625234,Tiruvedagam West B.O,B.O,Delivery,Vadipatti,Madurai
625301,A.Vellalapatti B.O,B.O,Delivery,Madurai North,Madurai
625301,Alagarkoil S.O,S.O,Delivery,Melur,Madurai
625301,Appantiruppathi B.O,B.O,Delivery,Melur,Madurai
625301,Kallandiri B.O,B.O,Delivery,Melur,Madurai
625301,Kidaripatti B.O,B.O,Delivery,Madurai North,Madurai
625301,Lakshmipuram B.O,B.O,Delivery,Madurai North,Madurai
625301,Mangulam B.O,B.O,Delivery,Melur,Madurai
625301,Mathur B.O,B.O,Delivery,Melur,Madurai
625301,Pulipatti B.O,B.O,Delivery,Melur,Madurai
625402,Paravai B.O,B.O,Delivery,Madurai North,Madurai
625402,Samayanallur S.O,S.O,Delivery,Vadipatti,Madurai
625402,Siruvalai B.O,B.O,Delivery,Vadipatti,Madurai
625402,Thenur B.O,B.O,Delivery,Vadipatti,Madurai
625402,Thodaneri B.O,B.O,Delivery,Vadipatti,Madurai
625402,Vayalur B.O,B.O,Delivery,Vadipatti,Madurai
625501,A.Pudupatti B.O,B.O,Delivery,Vadipatti,Madurai
625501,Achampatti B.O,B.O,Delivery,Vadipatti,Madurai
625501,Alagapuri B.O,B.O,Delivery,Vadipatti,Madurai
625501,Alanganallur S.O,S.O,Delivery,Vadipatti,Madurai
625501,Ayyur B.O,B.O,Delivery,Madurai North,Madurai
625501,Errampatti B.O,B.O,Delivery,Vadipatti,Madurai
625501,Kallanai B.O,B.O,Delivery,Vadipatti,Madurai
625501,Kuttimeichanpatti B.O,B.O,Delivery,Madurai North,Madurai
625501,Mettupatti B.O,B.O,Delivery,NA,Madurai
625501,Valasai B.O,B.O,Delivery,Madurai North,Madurai
625501,Vavidaimaruthur B.O,B.O,Delivery,Vadipatti,Madurai
625503,Chatravellalapatti B.O,B.O,Delivery,Vadipatti,Madurai
625503,Kodangipatti B.O,B.O,Delivery,Vadipatti,Madurai
625503,Muduvarpatti B.O,B.O,Delivery,Vadipatti,Madurai
625503,Palamedu S.O,S.O,Delivery,Vadipatti,Madurai
625503,Sendamangalam B.O,B.O,Delivery,Vadipatti,Madurai
625503,Tettur B.O,B.O,Delivery,Vadipatti,Madurai
625503,Vellayampatti B.O,B.O,Delivery,Vadipatti,Madurai
625512,Ammapatti B.O,B.O,Delivery,Andipatti,Theni
625512,Aundipatti S.O,S.O,Delivery,Andipatti,Theni
625512,Kanniappapillaipatti B.O,B.O,Delivery,Andipatti,Theni
625512,Kothaloothu B.O,B.O,Delivery,Andipatti,Theni
625512,Kothapatti B.O,B.O,Delivery,Andipatti,Theni
625512,Mottanuthu B.O,B.O,Delivery,Andipatti,Theni
625512,Palacombai B.O,B.O,Delivery,Andipatti,Theni
625512,Rajadhani B.O,B.O,Delivery,Andipatti,Theni
625512,Rosanampatti B.O,B.O,Delivery,Andipatti,Theni
625512,Shunmugasundarapuram B.O,B.O,Delivery,Aundipatti,Theni
625512,Theppampatti B.O,B.O,Delivery,Andipatti,Theni
625513,Bodinayakanur H.O,H.O,Delivery,Bodinayakanur,Theni
625514,A.Kokkulam B.O,B.O,Delivery,Thirumangalam,Madurai
625514,Checkanurani S.O,S.O,Delivery,Madurai North,Madurai
625514,Chellampatti B.O,B.O,Delivery,Usilampatti,Madurai
625514,Chettikulam B.O,B.O,Delivery,Usilampatti,Madurai
625514,Jothimanickam B.O,B.O,Delivery,Madurai North,Madurai
625514,Karumathur B.O,B.O,Delivery,Usilampatti,Madurai
625514,Kinnimangalam B.O,B.O,Delivery,Vadipatti,Madurai
625514,Kodikulam B.O,B.O,Delivery,Madurai North,Madurai
625514,Kovilangulam B.O,B.O,Delivery,Vadipatti,Madurai
625514,Mudalaikulam B.O,B.O,Delivery,Madurai North,Madurai
625514,Nadumudalaikulam B.O,B.O,Delivery,Usilampatti,Madurai
625515,Appipatti B.O,B.O,Delivery,Uthamapalayam,Theni
625515,Chinnamanur S.O,S.O,Delivery,Uthamapalayam,Theni
625515,Chinnaovalapuram B.O,B.O,Delivery,Uthamapalayam,Theni
625515,Erasakkanayakanur B.O,B.O,Delivery,Uthamapalayam,Theni
625515,Kanniservaipatti B.O,B.O,Delivery,Uthamapalayam,Theni
625515,Koolayanur B.O,B.O,Delivery,Uthamapalayam,Theni
625515,Kujjanur B.O,B.O,Delivery,Uthamapalayam,Theni
625515,Markeyankottai B.O,B.O,Delivery,Uthamapalayam,Theni
625515,Megamalai B.O,B.O,Delivery,Aundipatti,Theni
625515,Muthulapuram B.O,B.O,Delivery,Uthamapalayam,Theni
625515,Seelayampatti B.O,B.O,Delivery,Theni,Theni
625516,Cumbum S.O (Theni),S.O,Delivery,Uthamapalayam,Theni
625516,Gandhinagar (Cumbum) S.O,S.O,Non-Delivery,Uthamapalayam,Theni
625516,Karunagamuthanpatti B.O,B.O,Delivery,Uthamapalayam,Theni
625516,Kullappagoundanpatti B.O,B.O,Delivery,Uthamapalayam,Theni
625516,Surulipatti B.O,B.O,Delivery,Uthamapalayam,Theni
625517,Athankaraipatti B.O,B.O,Delivery,Andipatti,Theni
625517,G.Usilampatti B.O,B.O,Delivery,Andipatti,Theni
625517,Gandamanayakanur S.O,S.O,Delivery,Aundipatti,Theni
625517,Govindagaram B.O,B.O,Delivery,Andipatti,Theni
625517,Marikundu B.O,B.O,Delivery,Andipatti,Theni
625517,Okkaraipatti B.O,B.O,Delivery,Andipatti,Theni
625517,Thekkampatti B.O,B.O,Delivery,Andipatti,Theni
625518,Angoorpal B.O,B.O,Delivery,Uthamapalayam,Theni
625518,Gudalur S.O,S.O,Delivery,Uthamapalayam,Theni
625518,Keelagudalur B.O,B.O,Non-Delivery,Uthamapalayam,Theni
625519,Highwavys S.O,S.O,Delivery,Uthamapalayam,Theni
625519,Manalar B.O,B.O,Delivery,Uthamapalayam,Theni
625519,Venniar Estate B.O,B.O,Delivery,Uthamapalayam,Theni
625520,Dharmapuri B.O,B.O,Delivery,Periyakulam,Theni
625520,Jangalpatti B.O,B.O,Delivery,Uthamapalayam,Theni
625520,Kamatchipuram S.O,S.O,Delivery,Uthamapalayam,Theni
625520,Kuppinayakanpatti B.O,B.O,Delivery,Periyakulam,Theni
625520,Poomalaikundu B.O,B.O,Delivery,Periyakulam,Theni
625521,Kamayakoundanpatti S.O,S.O,Delivery,Uthamapalayam,Theni
625521,Narayanathevanpatti B.O,B.O,Delivery,Uthamapalayam,Theni
625522,Kombai S.O,S.O,Delivery,Uthamapalayam,Theni
625523,Alagapuri B.O,B.O,Delivery,Periyakulam,Theni
625523,Lakshmipuram S.O (Theni),S.O,Delivery,Uthamapalayam,Theni
625523,Saruthupatti B.O,B.O,Delivery,Uthamapalayam,Theni
625524,Melasindalachery B.O,B.O,Delivery,Uthamapalayam,Theni
625524,Pallavarayanpatti B.O,B.O,Delivery,Uthamapalayam,Theni
625524,Pannaipuram S.O,S.O,Delivery,Uthamapalayam,Theni
625524,Pulikuthi B.O,B.O,Delivery,Uthamapalayam,Theni
625525,Periyar Project S.O,S.O,Delivery,Uthamapalayam,Theni
625525,Suruliyar Lower Camp B.O,B.O,Delivery,Uthamapalayam,Theni
625526,Anamalayanpatti B.O,B.O,Delivery,Uthamapalayam,Theni
625526,Gokilapuram B.O,B.O,Delivery,Uthamapalayam,Theni
625526,Royappanpatti S.O,S.O,Delivery,Uthamapalayam,Theni
625527,Allikundam B.O,B.O,Delivery,Peraiyur,Madurai
625527,Athikaripatti B.O,B.O,Delivery,Peraiyur,Madurai
625527,Chinnakattalai B.O,B.O,Delivery,Peraiyur,Theni
625527,Erumarpatti B.O,B.O,Delivery,Peraiyur,Madurai
625527,Kuppalnatham B.O,B.O,Delivery,Peraiyur,Madurai
625527,Manuthu B.O,B.O,Delivery,Peraiyur,Madurai
625527,Perungamanallur B.O,B.O,Delivery,Peraiyur,Madurai
625527,Poosalapuram B.O,B.O,Delivery,Peraiyur,Madurai
625527,S.Kottaipatti B.O,B.O,Delivery,Usilampatti,Madurai
625527,Sedapatti S.O,S.O,Delivery,Peraiyur,Madurai
625527,Sembarani B.O,B.O,Delivery,Peraiyur,Madurai
625528,B.Ammapatti B.O,B.O,Delivery,Uthamapalayam,Theni
625528,Nagalapuram B.O,B.O,Delivery,Bodinayakanur,Theni
625528,Pottipuram B.O,B.O,Delivery,Bodinayakanur,Theni
625528,Rasingapuram B.O,B.O,Delivery,Bodinayakanur,Theni
625528,Silamalai B.O,B.O,Delivery,Bodinayakanur,Theni
625528,Sillamarathupatti S.O,S.O,Delivery,Uthamapalayam,Theni
625529,Kalappanpatti B.O,B.O,Delivery,Usilampatti,Madurai
625529,Kattathevanpatti B.O,B.O,Delivery,Usilampatti,Madurai
625529,Poruppumettupatti B.O,B.O,Delivery,Usilampatti,Madurai
625529,Sindhupatti S.O,S.O,Delivery,Usilampatti,Madurai
625529,T.Uchapatti B.O,B.O,Delivery,Usilampatti,Madurai
625529,Thummagundu B.O,B.O,Delivery,Usilampatti,Madurai
625529,Tidiyan B.O,B.O,Delivery,Usilampatti,Madurai
625529,Veppanuthu B.O,B.O,Delivery,Usilampatti,Madurai
625530,Krishnampatti B.O,B.O,Delivery,Uthamapalayam,Theni
625530,Lakshminayakanpatti B.O,B.O,Delivery,Uthamapalayam,Theni
625530,Sankarapuram B.O,B.O,Delivery,Uthamapalayam,Theni
625530,Sindalacherry B.O,B.O,Delivery,Uthamapalayam,Theni
625530,T.Meenatchipuram B.O,B.O,Delivery,Uthamapalayam,Theni
625530,Thamminayakanpatti B.O,B.O,Delivery,Uthamapalayam,Theni
625530,Thevaram S.O,S.O,Delivery,Uthamapalayam,Theni
625531,Allinagaram S.O,S.O,Non-Delivery,Theni,Theni
625531,Ammatchiapuram B.O,B.O,Delivery,Theni,Theni
625531,Annanji B.O,B.O,Delivery,Theni,Theni
625531,Bangalamedu S.O,S.O,Non-Delivery,Theni,Theni
625531,Buthipuram B.O,B.O,Delivery,Theni,Theni
625531,Kodangipatti B.O,B.O,Delivery,Theni,Theni
625531,Kunnur B.O,B.O,Delivery,Theni,Theni
625531,Palanichettipatti S.O,S.O,Non-Delivery,Theni,Theni
625531,T.Nagar (Theni) S.O,S.O,Non-Delivery,Theni,Theni
625531,Theni S.O,S.O,Delivery,Theni,Theni
625532,Ariyapatti B.O,B.O,Delivery,Usilampatti,Madurai
625532,Boothipuram B.O,B.O,Delivery,Usilampatti,Madurai
625532,Doddappanayakanur B.O,B.O,Delivery,Usilampatti,Madurai
625532,Meikilarpatti B.O,B.O,Delivery,Usilampatti,Madurai
625532,Nakkalapatti B.O,B.O,Delivery,Usilampatti,Madurai
625532,Nattamangalam B.O,B.O,Delivery,Usilampatti,Madurai
625532,Pothampati B.O,B.O,Delivery,Usilampatti,Madurai
625532,Usilampatti Pettai S.O,S.O,Non-Delivery,Usilampatti,Madurai
625532,Usilampatti S.O,S.O,Delivery,Usilampatti,Madurai
625532,Vadugapatti B.O,B.O,Delivery,Usilampatti,Madurai
625532,Vagurani B.O,B.O,Delivery,Usilampatti,Madurai
625532,Valandur B.O,B.O,Delivery,Usilampatti,Madurai
625533,Hanumanthanpatti B.O,B.O,Delivery,Uthamapalayam,Theni
625533,U.Ammapatti B.O,B.O,Delivery,Uthamapalayam,Theni
625533,Uthamapalayam Bazar S.O,S.O,Non-Delivery,Uthamapalayam,Theni
625533,Uthamapalayam S.O,S.O,Delivery,Uthamapalayam,Theni
625533,Uthamapalayam West S.O,S.O,Non-Delivery,Uthamapalayam,Theni
625534,Gopalapuram B.O,B.O,Delivery,Bodinayakanur,Theni
625534,Koduvilarpatti B.O,B.O,Delivery,Theni,Theni
625534,Kottur B.O,B.O,Delivery,Theni,Theni
625534,Srirengapuram B.O,B.O,Delivery,Bodinayakanur,Theni
625534,Tadichery B.O,B.O,Delivery,Theni,Theni
625534,Upparpatti B.O,B.O,Delivery,Theni,Theni
625534,Uppukottai B.O,B.O,Delivery,Theni,Theni
625534,Veerapandi S.O (Theni),S.O,Delivery,Bodinayakanur,Theni
625534,Venkatachalapuram B.O,B.O,Delivery,Theni,Theni
625535,E.Kottapatty B.O,B.O,Delivery,Peraiyur,Madurai
625535,Jothilnayakanur B.O,B.O,Delivery,Peraiyur,Madurai
625535,M.Kallupatti B.O,B.O,Delivery,Usilampatti,Madurai
625535,Mallapuram B.O,B.O,Delivery,Peraiyur,Madurai
625535,Seelnayakanpatti B.O,B.O,Delivery,Peraiyur,Madurai
625535,Sulapuram B.O,B.O,Delivery,Peraiyur,Madurai
625535,T.Ramanathapuram B.O,B.O,Delivery,Usilampatti,Madurai
625535,Thadayampatti B.O,B.O,Delivery,Peraiyur,Madurai
625535,Tirumanickam B.O,B.O,Delivery,Peraiyur,Madurai
625535,Uthapuram B.O,B.O,Delivery,Peraiyur,Madurai
625535,Yelumalai S.O,S.O,Delivery,Peraiyur,Madurai
625536,Bodidasanpatti B.O,B.O,Delivery,Andipatti,Theni
625536,Ethakovil B.O,B.O,Delivery,Andipatti,Theni
625536,P.Dharmathupatti B.O,B.O,Delivery,Andipatti,Theni
625536,Pullimankombai B.O,B.O,Delivery,Andipatti,Theni
625536,Rajagopalanpatti B.O,B.O,Delivery,Andipatti,Theni
625536,T.Subbulapuram S.O,S.O,Delivery,Aundipatti,Theni
625536,T.V.Renganathapuram B.O,B.O,Delivery,Andipatti,Theni
625536,Thimmarasanayakanur B.O,B.O,Delivery,Andipatti,Theni
625537,Ayyanarkulam B.O,B.O,Delivery,Usilampatti,Madurai
625537,Eravarpatti B.O,B.O,Delivery,Usilampatti,Madurai
625537,Kalluthu B.O,B.O,Delivery,Usilampatti,Madurai
625537,Kuravagudi B.O,B.O,Delivery,Usilampatti,Madurai
625537,Pappapatti B.O,B.O,Delivery,Usilampatti,Madurai
625537,Thimmanatham B.O,B.O,Delivery,Usilampatti,Madurai
625537,Uthappanayakanur S.O,S.O,Delivery,Usilampatti,Madurai
625537,Vellamalaipatti B.O,B.O,Delivery,Usilampatti,Madurai
625540,Odaipatti S.O,S.O,Delivery,Uthamapalayam,Theni
625540,Seepalakottai B.O,B.O,Delivery,Uthamapalayam,Theni
625540,Sukkangalpatti B.O,B.O,Delivery,Uthamapalayam,Theni
625540,Vellaiyammalpuram B.O,B.O,Delivery,Uthamapalayam,Theni
625556,C.Pudupatti S.O,S.O,Delivery,Uthamapalayam,Theni
625562,Gullapuram B.O,B.O,Delivery,Periyakulam,Theni
625562,Koilpatti B.O,B.O,Delivery,Periyakulam,Theni
625562,Rengasamudram B.O,B.O,Delivery,Periyakulam,Theni
625562,Vaigaidamsite B.O,B.O,Delivery,Periyakulam,Theni
625562,Vaigaiproject B.O,B.O,Delivery,Periyakulam,Theni
625562,Varadharajnagar S.O,S.O,Delivery,Periyakulam,Theni
625579,Kadamalaikundu S.O,S.O,Delivery,Aundipatti,Theni
625579,Kombaitholu B.O,B.O,Delivery,Andipatti,Theni
625579,Kovilparai B.O,B.O,Delivery,Andipatti,Theni
625579,Kumizhantholu B.O,B.O,Delivery,Andipatti,Theni
625579,Mayiladumparai B.O,B.O,Delivery,Andipatti,Theni
625579,Moolakadai B.O,B.O,Delivery,Andipatti,Theni
625579,Poosanuthu B.O,B.O,Delivery,Andipatti,Theni
625579,Siraparai B.O,B.O,Delivery,Andipatti,Theni
625579,Thangammalpuram B.O,B.O,Delivery,Andipatti,Theni
625579,Thummagundu B.O,B.O,Delivery,Andipatti,Theni
625579,Varushanadu B.O,B.O,Delivery,Andipatti,Theni
625582,Anaikaraipatti B.O,B.O,Delivery,Bodinayakanur,Theni
625582,B.Meenakshipuram B.O,B.O,Delivery,Bodinayakanur,Theni
625582,Bodimettu B.O,B.O,Delivery,Bodinayakanur,Theni
625582,Bodinayakanur R.S. B.O,B.O,Non-Delivery,Bodinayakanur,Theni
625582,Central Station B.O,B.O,Delivery,Bodinayakanur,Theni
625582,Dombcherry B.O,B.O,Delivery,Bodinayakanur,Theni
625582,Kamarajapuram B.O,B.O,Delivery,Bodinayakanur,Theni
625582,Kottagudi B.O,B.O,Delivery,Bodinayakanur,Theni
625582,Kurangani B.O,B.O,Delivery,Bodinayakanur,Theni
625582,Melachokkanathapuram B.O,B.O,Delivery,Bodinayakanur,Theni
625582,Subburajnagar S.O,S.O,Delivery,Bodinayakanur,Theni
625601,Periyakulam Bazaar S.O,S.O,Non-Delivery,Periyakulam,Theni
625601,Periyakulam H.O,H.O,Delivery,Periyakulam,Theni
625601,Vadagarai S.O,S.O,Non-Delivery,Periyakulam,Theni
625602,A.Vadipatti B.O,B.O,Delivery,Periyakulam,Theni
625602,Bomminayakanpatti B.O,B.O,Delivery,Periyakulam,Theni
625602,Devadanapatti S.O,S.O,Delivery,Periyakulam,Theni
625602,Erumalainayakanpatti B.O,B.O,Delivery,Periyakulam,Theni
625602,Manjalar Dam B.O,B.O,Delivery,Periyakulam,Theni
625602,Sathakoilpatti B.O,B.O,Delivery,Periyakulam,Theni
625602,Silvarpatti B.O,B.O,Delivery,Periyakulam,Theni
625603,Jeyamangalam B.O,B.O,Delivery,Periyakulam,Theni
625603,Melmangalam B.O,B.O,Delivery,Periyakulam,Theni
625603,Vadugapatti S.O,S.O,Delivery,Periyakulam,Theni
625604,Endapuli B.O,B.O,Delivery,Periyakulam,Theni
625604,Nallakaruppanpatti B.O,B.O,Non-Delivery,Periyakulam,Theni
625604,Periyakulam East S.O,S.O,Delivery,Periyakulam,Theni
625605,Agamalai B.O,B.O,Delivery,Periyakulam,Theni
625605,Murugamalainagar B.O,B.O,Delivery,Periyakulam,Theni
625605,T.Kallipatti B.O,B.O,Delivery,Periyakulam,Theni
625605,Tamarakulam S.O,S.O,Delivery,Periyakulam,Theni
625701,Avalsurampatti B.O,B.O,Delivery,Tirumangalam,Madurai
625701,K.Sennampatti B.O,B.O,Delivery,Madurai North,Madurai
625701,Kalligudi S.O,S.O,Delivery,Madurai North,Madurai
625701,Kuraiyur B.O,B.O,Delivery,Tirumangalam,Madurai
625701,Marudangudi B.O,B.O,Delivery,Tirumangalam,Madurai
625701,Odaipatti B.O,B.O,Delivery,Tirumangalam,Madurai
625701,Vadakkampatti B.O,B.O,Delivery,Thirumangalam,Madurai
625701,Vellakulam B.O,B.O,Delivery,Tirumangalam,Madurai
625702,Jari Usilampatti B.O,B.O,Delivery,Tirumangalam,Madurai
625702,Kadaneri B.O,B.O,Delivery,Tirumangalam,Madurai
625702,Karaikeni B.O,B.O,Delivery,Tirumangalam,Madurai
625702,Koppinaickanpatti B.O,B.O,Delivery,Peraiyur,Madurai
625702,M.Pudupatti B.O,B.O,Delivery,Peraiyur,Madurai
625702,M.Subbulapuram B.O,B.O,Delivery,Peraiyur,Madurai
625702,Nallamaram B.O,B.O,Delivery,Tirumangalam,Madurai
625702,Silarpatti B.O,B.O,Delivery,Tirumangalam,Madurai
625702,T.Kallupatti S.O,S.O,Delivery,Peraiyur,Madurai
625702,Vannivelampatti B.O,B.O,Delivery,Tirumangalam,Madurai
625702,Velambur B.O,B.O,Delivery,Tirumangalam,Madurai
625703,Deivanayagapuram B.O,B.O,Delivery,Peraiyur,Madurai
625703,Koovalapuram B.O,B.O,Delivery,Tirumangalam,Madurai
625703,Mangalrevu B.O,B.O,Delivery,Tirumangalam,Madurai
625703,P.Thottiapatti B.O,B.O,Delivery,Peraiyur,Madurai
625703,Pappayapuram B.O,B.O,Delivery,Peraiyur,Madurai
625703,Peraiyur S.O (Madurai),S.O,Delivery,Peraiyur,Madurai
625703,Periyapoolampatti B.O,B.O,Delivery,Peraiyur,Madurai
625703,Sandaiyur B.O,B.O,Delivery,Tirumangalam,Madurai
625703,Silamalaipatti B.O,B.O,Delivery,Tirumangalam,Madurai
625704,A.Thottiapatti B.O,B.O,Delivery,Thirumangalam,Madurai
625704,Alappalacheri B.O,B.O,Delivery,Tirumangalam,Madurai
625704,Appakarai B.O,B.O,Delivery,Tirumangalam,Madurai
625704,Kilavaneri B.O,B.O,Delivery,Tirumangalam,Madurai
625704,Madipanur B.O,B.O,Delivery,Tirumangalam,Madurai
625704,Sengapadai B.O,B.O,Delivery,Tirumangalam,Madurai
625704,Sithireddipatti B.O,B.O,Delivery,Thirumangalam,Madurai
625704,Sowdarpatti B.O,B.O,Delivery,Tirumangalam,Madurai
625704,T.Pudupatti S.O,S.O,Delivery,Thirumangalam,Madurai
625705,Athipatti B.O,B.O,Delivery,Peraiyur,Madurai
625705,Kethuvarpatti B.O,B.O,Delivery,Peraiyur,Madurai
625705,Kuduseri B.O,B.O,Delivery,Peraiyur,Madurai
625705,Palaiyur B.O,B.O,Delivery,Usilampatti,Madurai
625705,Saptur S.O,S.O,Delivery,Peraiyur,Madurai
625705,T.Krishnapuram B.O,B.O,Delivery,Peraiyur,Madurai
625705,Thullukuttinayakanur B.O,B.O,Delivery,Peraiyur,Theni
625705,Vandapuli B.O,B.O,Delivery,Usilampatti,Madurai
625705,Vandari B.O,B.O,Delivery,Peraiyur,Madurai
625705,Veppampatti B.O,B.O,Delivery,Usilampatti,Madurai
625706,A.Ammapatti B.O,B.O,Delivery,Tirumangalam,Madurai
625706,Achampatti B.O,B.O,Delivery,Madurai North,Madurai
625706,Alampatti B.O,B.O,Delivery,Madurai North,Madurai
625706,Arasapatti B.O,B.O,Delivery,Tirumangalam,Madurai
625706,Kangeyanatham B.O,B.O,Delivery,Tirumangalam,Madurai
625706,Karadikal B.O,B.O,Delivery,Tirumangalam,Madurai
625706,Melakottai B.O,B.O,Delivery,Tirumangalam,Madurai
625706,Nedungulam B.O,B.O,Delivery,Tirumangalam,Madurai
625706,Ponnamangalam B.O,B.O,Delivery,Tirumangalam,Madurai
625706,Pudunagar S.O,S.O,Non-Delivery,Madurai North,Madurai
625706,Royapalayam B.O,B.O,Delivery,Tirumangalam,Madurai
625706,S.P.Natham B.O,B.O,Delivery,Madurai North,Madurai
625706,Sathangudi B.O,B.O,Delivery,Tirumangalam,Madurai
625706,Sevarakottai B.O,B.O,Delivery,Madurai North,Madurai
625706,Sithalai B.O,B.O,Delivery,Madurai North,Madurai
625706,Thangalacheri B.O,B.O,Delivery,Tirumangalam,Madurai
625706,Tirali B.O,B.O,Delivery,Tirumangalam,Madurai
625706,Tirumangalam S.O,S.O,Delivery,NA,Madurai
625706,Tirumangalam South S.O,S.O,Non-Delivery,Madurai North,Madurai
625706,Urappanur B.O,B.O,Delivery,Tirumangalam,Madurai
625706,Vagaikulam B.O,B.O,Delivery,NA,Madurai
625706,Veeraperumalpuram B.O,B.O,Delivery,Thirumangalam,Madurai
625706,Vidathakulam B.O,B.O,Delivery,Tirumangalam,Madurai
625707,Chitoor B.O,B.O,Delivery,Tirumangalam,Madurai
625707,Lalapuram B.O,B.O,Delivery,Thirumangalam,Madurai
625707,M.Puliyankulam B.O,B.O,Delivery,Thirumangalam,Madurai
625707,Villur S.O,S.O,Delivery,Tirumangalam Taluk,Madurai
625708,Ganjampatti B.O,B.O,Delivery,Tirumangalam,Madurai
625708,Pappanaickenpatti B.O,B.O,Delivery,Tirumangalam,Madurai
625708,Solaipatti B.O,B.O,Delivery,Peraiyur,Madurai
625708,T.Kunnathur S.O,S.O,Delivery,Peraiyur,Madurai
626001,Kamaraj Nagar S.O,S.O,Non-Delivery,Virudhunagar,Virudhunagar
626001,Kooraikundu S.O,S.O,Non-Delivery,Vriudhunagar,Virudhunagar
626001,Virudhunagar Bazaar S.O,S.O,Non-Delivery,Virudhunagar,Virudhunagar
626001,Virudhunagar Bus Stand S.O,S.O,Non-Delivery,Virudhunagar,Virudhunagar
626001,Virudhunagar Extension S.O,S.O,Non-Delivery,Virudhunagar,Virudhunagar
626001,Virudhunagar H.O,H.O,Delivery,Virudhunagar,Virudhunagar
626001,Virudhunagar Housing Unit Colo B.O,B.O,Non-Delivery,Virudhunagar,Virudhunagar
626001,Virudhunagar North S.O,S.O,Non-Delivery,Virudhunagar,Virudhunagar
626001,Virudhunagar Town S.O,S.O,Non-Delivery,Virudhunagar,Virudhunagar
626002,Chatrareddiapatti B.O,B.O,Delivery,Virudhunagar,Virudhunagar
626002,Kokkalanjeri B.O,B.O,Delivery,Virudhunagar,Virudhunagar
626002,Vadamalaikurichi B.O,B.O,Delivery,Virudhunagar,Virudhunagar
626002,Virudhunagar Collectorate S.O,S.O,Delivery,Virudhunagar,Virudhunagar
626003,Inamreddiapatti B.O,B.O,Delivery,Virudhunagar,Virudhunagar
626003,Meesalur B.O,B.O,Delivery,Virudhunagar,Virudhunagar
626003,Pattampudur B.O,B.O,Delivery,Virudhunagar,Virudhunagar
626003,Soolakkarai B.O,B.O,Non-Delivery,Virudhunagar,Virudhunagar
626003,Virudhunagar Industrial Estate S.O,S.O,Delivery,Virudhunagar,Virudhunagar
626004,Kullursandai B.O,B.O,Delivery,NA,Virudhunagar
626004,Malaipatti B.O,B.O,Delivery,Aruppukkottai,Virudhunagar
626004,Mettugundu B.O,B.O,Delivery,Virudhunagar,Virudhunagar
626004,Palavantham S.O,S.O,Delivery,Aruppukottai,Virudhunagar
626004,Periavallikulam B.O,B.O,Delivery,Aruppukkottai,Virudhunagar
626004,Sennelgudi B.O,B.O,Delivery,Aruppukkottai,Virudhunagar
626005,Amathur S.O,S.O,Delivery,Virudhunagar,Virudhunagar
626005,Mepco.Engg.College B.O,B.O,Delivery,Virudhunagar,Virudhunagar
626005,Mullipatti B.O,B.O,Delivery,Virudhunagar,Virudhunagar
626005,Valliyur B.O,B.O,Delivery,Virudhunagar,Virudhunagar
626005,Vellur B.O,B.O,Delivery,Virudhunagar,Virudhunagar
626101,Aruppukottai Bazzar S.O,S.O,Non-Delivery,Aruppukkottai,Virudhunagar
626101,Aruppukottai Court S.O,S.O,Non-Delivery,Aruppukottai,Virudhunagar
626101,Aruppukottai East S.O,S.O,Non-Delivery,Aruppukkottai,Virudhunagar
626101,Aruppukottai H.O,H.O,Delivery,Aruppukkottai,Virudhunagar
626101,Aruppukottai Nehru Maidanam S.O,S.O,Non-Delivery,Aruppukkottai,Virudhunagar
626101,Aruppukottai West S.O,S.O,Non-Delivery,Aruppukkottai,Virudhunagar
626102,Chatrapatti S.O (Virudhunagar),S.O,Delivery,Sattur,Virudhunagar
626102,Nallamanaickenpatti B.O,B.O,Delivery,Rajapalayam,Virudhunagar
626102,Nathampatti B.O,B.O,Delivery,Srivilliputtur,Virudhunagar
626102,Ramalingapuram B.O,B.O,Delivery,Sattur,Virudhunagar
626102,Samsigapuram B.O,B.O,Delivery,Rajapalayam,Virudhunagar
626103,Erichanatham S.O,S.O,Delivery,Sivakasi,Virudhunagar
626103,Pavali B.O,B.O,Delivery,Virudhunagar,Virudhunagar
626103,Pudukottai B.O,B.O,Delivery,Sivakasi,Virudhunagar
626103,Sengundrapuram B.O,B.O,Delivery,Virudhunagar,Virudhunagar
626104,Kalkurichi S.O,S.O,Delivery,Kariapatti,Virudhunagar
626104,Manthoppu B.O,B.O,Delivery,Kariapatti,Virudhunagar
626104,Perunjalai Pudupatti B.O,B.O,Delivery,Kariapatti,Virudhunagar
626104,Vakkanangundu B.O,B.O,Delivery,Kariapatti,Virudhunagar
626105,Kalayar Karisalkulam B.O,B.O,Delivery,Aruppukottai,Virudhunagar
626105,Kallurani S.O,S.O,Delivery,Aruppukottai,Virudhunagar
626105,Puliyuran B.O,B.O,Delivery,Aruppukottai,Virudhunagar
626105,Ramasamy Nagar B.O,B.O,Delivery,Aruppukkottai,Virudhunagar
626105,Sembatti B.O,B.O,Delivery,Aruppukottai,Virudhunagar
626106,Allalaperi B.O,B.O,Delivery,Kariapatti,Virudhunagar
626106,Chatrapuliyankulam B.O,B.O,Delivery,Kariapatti,Virudhunagar
626106,Chithunundradaippu B.O,B.O,Delivery,Kariapatti,Virudhunagar
626106,Kariapatti S.O,S.O,Delivery,Kariapatti,Virudhunagar
626106,Mudukkankulam B.O,B.O,Delivery,NA,Virudhunagar
626106,Musttakurichi B.O,B.O,Delivery,Kariapatti,Virudhunagar
626106,Pampatti B.O,B.O,Delivery,Kariapatti,Virudhunagar
626106,Vairavanangoor B.O,B.O,Delivery,Kariapatti,Virudhunagar
626107,Kattangudi B.O,B.O,Delivery,Aruppukottai,Virudhunagar
626107,Kovilangulam S.O,S.O,Delivery,Aruppukottai,Virudhunagar
626108,Chockalingapuram B.O,B.O,Delivery,Rajapalayam,Virudhunagar
626108,Kumarasamy Raja Nagar S.O,S.O,Delivery,Rajapalayam,Virudhunagar
626109,Alagianallur B.O,B.O,Delivery,Kariapatti,Virudhunagar
626109,Mallanginar S.O,S.O,Delivery,Kariapatti,Virudhunagar
626109,Melathulukkankulam B.O,B.O,Delivery,Kariapatti,Virudhunagar
626109,Periaperali B.O,B.O,Delivery,Virudhunagar,Virudhunagar
626109,Villipathiri B.O,B.O,Delivery,Aruppukottai,Virudhunagar
626110,Melapattamkarisalkulam B.O,B.O,Delivery,Rajapalayam,Virudhunagar
626110,Mohamed Sahibpuram S.O,S.O,Delivery,Rajapalayam,Virudhunagar
626111,Meenakshipuram B.O,B.O,Delivery,Rajapalayam,Virudhunagar
626111,Muhavur S.O,S.O,Delivery,Rajapalayam,Virudhunagar
626111,Pottalpatti B.O,B.O,Delivery,Rajapalayam,Virudhunagar
626111,Puthur B.O,B.O,Delivery,Rajapalayam,Virudhunagar
626112,Amanakkunatham B.O,B.O,Delivery,Aruppukottai,Virudhunagar
626112,Kurundamadam B.O,B.O,Delivery,Aruppukottai,Virudhunagar
626112,Palayampatti S.O,S.O,Delivery,Aruppukottai,Virudhunagar
626112,Sukkilanatham B.O,B.O,Delivery,Aruppukottai,Virudhunagar
626112,T.Meenakshipuram B.O,B.O,Delivery,Aruppukottai,Virudhunagar
626112,Vellayapuram B.O,B.O,Delivery,Aruppukkottai,Virudhunagar
626113,Koppusithampatti B.O,B.O,Delivery,Aruppukottai,Virudhunagar
626113,Pandalgudi S.O,S.O,Delivery,Aruppukottai,Virudhunagar
626114,K.Chettikulam B.O,B.O,Delivery,Aruppukottai,Virudhunagar
626114,Kilgudi B.O,B.O,Delivery,Aruppukottai,Virudhunagar
626114,Paralachi S.O,S.O,Delivery,Aruppukottai,Virudhunagar
626114,Poolangal B.O,B.O,Delivery,Aruppukottai,Virudhunagar
626114,Sengulam B.O,B.O,Delivery,Aruppukottai,Virudhunagar
626114,Sudhamadam B.O,B.O,Delivery,Aruppukottai,Virudhunagar
626114,Thoppalakarai B.O,B.O,Delivery,Aruppukottai,Virudhunagar
626114,Vadakkunatham B.O,B.O,Delivery,Aruppukottai,Virudhunagar
626115,Aviyur B.O,B.O,Delivery,Kariapatti,Virudhunagar
626115,Kambigudi B.O,B.O,Delivery,Kariapatti,Virudhunagar
626115,Kurandi B.O,B.O,Delivery,Kariapatti,Virudhunagar
626115,Sethu Institute of Technology S.O,S.O,Delivery,Kariapatti,Virudhunagar
626116,Seshapuram B.O,B.O,Delivery,Srivilliputhur,Virudhunagar
626116,W Pudupatti S.O,S.O,Delivery,Srivilliputhur,Virudhunagar
626117,Pudupalayam S.O (Virudhunagar),S.O,Non-Delivery,Rajapalayam,Virudhunagar
626117,Rajapalayam Ambalapuli Bazzar S.O,S.O,Non-Delivery,Rajapalayam,Virudhunagar
626117,Rajapalayam Bazzar S.O,S.O,Non-Delivery,Rajapalayam,Virudhunagar
626117,Rajapalayam Bus Stand S.O,S.O,Non-Delivery,Rajapalayam,Virudhunagar
626117,Rajapalayam H.O,H.O,Delivery,Rajapalayam,Virudhunagar
626118,M.Reddiapatti S.O,S.O,Delivery,Aruppukkottai,Virudhunagar
626118,Mandapasalai B.O,B.O,Delivery,Aruppukottai,Virudhunagar
626118,Maravarperungudi B.O,B.O,Delivery,Aruppukottai,Virudhunagar
626118,Pungamarathupatti B.O,B.O,Delivery,Aruppukkottai,Virudhunagar
626118,R.Kallumadam B.O,B.O,Delivery,Aruppukottai,Virudhunagar
626118,Thummusinnampatti B.O,B.O,Delivery,Aruppukottai,Virudhunagar
626118,Vedanatham B.O,B.O,Delivery,Aruppukottai,Virudhunagar
626119,Muthulapuram B.O,B.O,Delivery,Virudhunagar,Virudhunagar
626119,Sankaralingapuram S.O,S.O,Delivery,Virudhunagar,Virudhunagar
626119,V.Muthulingapuram B.O,B.O,Delivery,Virudhunagar,Virudhunagar
626121,Chockanathanpudur B.O,B.O,Delivery,Rajapalayam,Virudhunagar
626121,Devadanam B.O,B.O,Delivery,Rajapalayam,Virudhunagar
626121,Seithur S.O,S.O,Delivery,Rajapalayam,Virudhunagar
626122,Settiyarpatti S.O,S.O,Delivery,Rajapalayam,Virudhunagar
626123,Sivakasi Bazzar S.O,S.O,Non-Delivery,Sivakasi,Virudhunagar
626123,Sivakasi Bus Stand S.O,S.O,Non-Delivery,Sivakasi,Virudhunagar
626123,Sivakasi H.O,H.O,Delivery,Sivakasi,Virudhunagar
626123,Sivakasi R S S.O,S.O,Non-Delivery,Sivakasi,Virudhunagar
626124,Anaiyur B.O,B.O,Delivery,Sivakasi,Virudhunagar
626124,Boovanathapuram B.O,B.O,Delivery,Sivakasi,Virudhunagar
626124,Injar B.O,B.O,Delivery,Sivakasi,Virudhunagar
626124,Kakkivadanpatti B.O,B.O,Delivery,Sivakasi,Virudhunagar
626124,Mamsapuram B.O,B.O,Delivery,Srivilliputtur,Virudhunagar
626124,Maraneri B.O,B.O,Delivery,Sivakasi,Virudhunagar
626124,Sivakasi West S.O,S.O,Delivery,Sivakasi,Virudhunagar
626124,Vilampatti B.O,B.O,Delivery,Sivakasi,Virudhunagar
626125,Inamkarisalkulam B.O,B.O,Delivery,Srivilliputhur,Virudhunagar
626125,Madavar Vilagam S.O,S.O,Non-Delivery,Srivilliputhur,Virudhunagar
626125,Meenakshipuram B.O,B.O,Delivery,Srivilliputhur,Virudhunagar
626125,Pillayarnatham B.O,B.O,Delivery,Srivilliputtur,Virudhunagar
626125,Srivilliputhur North S.O,S.O,Non-Delivery,Srivilliputhur,Virudhunagar
626125,Srivilliputhur S.O,S.O,Delivery,Srivilliputhur,Virudhunagar
626125,Vaithilingapuram B.O,B.O,Delivery,Srivilliputhur,Virudhunagar
626126,Kunnur South B.O,B.O,Delivery,Srivilliputhur,Virudhunagar
626126,S.Ramachandrapuram B.O,B.O,Delivery,Srivilliputhur,Virudhunagar
626126,Sundarapandiam S.O,S.O,Delivery,Srivilliputhur,Virudhunagar
626127,Alangulam B.O,B.O,Delivery,Sivakasi,Virudhunagar
626127,Appayanaickenpatti B.O,B.O,Delivery,Sivakasi,Virudhunagar
626127,Lakshmipuram B.O,B.O,Delivery,Sivakasi,Virudhunagar
626127,Melanmarainadu B.O,B.O,Delivery,Sivakasi,Virudhunagar
626127,Tamilnadu Cements Alangulam S.O,S.O,Delivery,Sivakasi,Virudhunagar
626127,Valayapatti B.O,B.O,Delivery,Sivakasi,Virudhunagar
626128,Salvarpatti B.O,B.O,Delivery,Sivakasi,Virudhunagar
626128,Subramaniapuram B.O,B.O,Delivery,Sivakasi,Virudhunagar
626128,Thayilpatti S.O,S.O,Delivery,Sivakasi,Virudhunagar
626128,Vetrilaiyurani B.O,B.O,Delivery,Sivakasi,Virudhunagar
626129,Aladipatti B.O,B.O,Delivery,Aruppukkottai,Virudhunagar
626129,Anaikulam B.O,B.O,Delivery,Tiruchuli,Virudhunagar
626129,Iluppaiyur B.O,B.O,Delivery,Tiruchuli,Virudhunagar
626129,Karendal B.O,B.O,Delivery,Tiruchuli,Virudhunagar
626129,Kuchampatti B.O,B.O,Delivery,Tiruchuli,Virudhunagar
626129,P Thottiankulam B.O,B.O,Delivery,NA,Virudhunagar
626129,Panaiyur B.O,B.O,Delivery,Tiruchuli,Virudhunagar
626129,Sennilaikudi B.O,B.O,Delivery,Tiruchuli,Virudhunagar
626129,Tamilpadi B.O,B.O,Delivery,Tiruchuli,Virudhunagar
626129,Tiruchuli S.O,S.O,Delivery,Tiruchuli,Virudhunagar
626130,Alamarathupatti B.O,B.O,Delivery,Sivakasi,Virudhunagar
626130,Anaikuttam B.O,B.O,Delivery,Virudhunagar,Virudhunagar
626130,M.Pudupatti B.O,B.O,Delivery,Sivakasi,Virudhunagar
626130,Sengamalanachiapuram B.O,B.O,Delivery,Sattur,Virudhunagar
626130,Tiruthangal S.O,S.O,Delivery,Sivakasi,Virudhunagar
626130,Vadamalapuram B.O,B.O,Delivery,Sivakasi,Virudhunagar
626131,Edirkottai B.O,B.O,Delivery,Sivakasi,Virudhunagar
626131,Kallamanaickenpatti B.O,B.O,Delivery,Sivakasi,Virudhunagar
626131,Kangarseval B.O,B.O,Delivery,Sivakasi,Virudhunagar
626131,Kundayiruppu B.O,B.O,Delivery,Sivakasi,Virudhunagar
626131,Vembakottai S.O,S.O,Delivery,Sivakasi,Virudhunagar
626131,Vijayakarisalkulam B.O,B.O,Delivery,Sivakasi,Virudhunagar
626132,Sethunarayanapuram B.O,B.O,Delivery,Srivilliputhur,Virudhunagar
626132,Watrap S.O,S.O,Delivery,Srivilliputhur,Virudhunagar
626133,Kansapuram B.O,B.O,Delivery,Srivilliputtur,Virudhunagar
626133,Kummapatti S.O,S.O,Delivery,Srivilliputhur,Virudhunagar
626133,Pilavakkaldam B.O,B.O,Delivery,Srivilliputhur,Virudhunagar
626134,Chettikurichi S.O,S.O,Delivery,Aruppukottai,Virudhunagar
626134,Chidambarapuram B.O,B.O,Delivery,Aruppukkottai,Virudhunagar
626134,Pappakudi B.O,B.O,Delivery,Sattur,Virudhunagar
626134,Vadhuvarpatti B.O,B.O,Delivery,Aruppukottai,Virudhunagar
626135,Athikulam B.O,B.O,Delivery,Srivilliputhur,Virudhunagar
626135,Nachiyarkoil B.O,B.O,Delivery,Srivilliputtur,Virudhunagar
626135,Srivilliputhur Court Complexe S.O,S.O,Delivery,Srivilliputhur,Virudhunagar
626136,Gopalapuram B.O,B.O,Delivery,Rajapalayam,Virudhunagar
626136,Kilarajakularaman S.O,S.O,Delivery,Rajapalayam,Virudhunagar
626136,R.Reddiapatti B.O,B.O,Delivery,Rajapalayam,Virudhunagar
626136,Sivalingapuram B.O,B.O,Delivery,Rajapalayam,Virudhunagar
626136,Thombakulam B.O,B.O,Delivery,Rajapalayam,Virudhunagar
626136,Vadakarai B.O,B.O,Delivery,Rajapalayam,Virudhunagar
626137,Achanthavirthan B.O,B.O,Delivery,Srivilliputtur,Virudhunagar
626137,Nathikudi B.O,B.O,Delivery,Srivilliputhur,Virudhunagar
626137,P.Ramachandrapuram B.O,B.O,Delivery,Srivilliputhur,Virudhunagar
626137,Pillayarkulam S.O,S.O,Delivery,Srivilliputhur,Virudhunagar
626138,Ayanathampatti B.O,B.O,Delivery,Srivilliputhur,Virudhunagar
626138,Kunnur S.O,S.O,Delivery,Srivilliputtur,Virudhunagar
626138,Mangalam B.O,B.O,Delivery,Sivakasi,Virudhunagar
626138,Moovaraivendran B.O,B.O,Delivery,Srivilliputtur,Virudhunagar
626138,Nedungulam B.O,B.O,Delivery,Sivakasi,Virudhunagar
626138,P.Sallipatti B.O,B.O,Delivery,Srivilliputhur,Virudhunagar
626138,Villupanur B.O,B.O,Delivery,Srivilliputtur,Virudhunagar
626139,Cholapuram South S.O,S.O,Delivery,Rajapalayam,Virudhunagar
626139,Kilavikulam B.O,B.O,Delivery,Rajapalayam,Virudhunagar
626139,Solapuram B.O,B.O,Delivery,Rajapalayam,Virudhunagar
626140,Guhanparai B.O,B.O,Delivery,Sattur,Virudhunagar
626140,Sevalpatti S.O,S.O,Delivery,Sattur,Virudhunagar
626140,Varaganur B.O,B.O,Delivery,Sivakasi,Virudhunagar
626141,Achankulam B.O,B.O,Delivery,Sivakasi,Virudhunagar
626141,Appayanaickenpatti B.O,B.O,Delivery,Sivakasi,Virudhunagar
626141,Malli S.O,S.O,Delivery,Srivilliputhur,Virudhunagar
626141,Mallipudur B.O,B.O,Delivery,Srivilliputhur,Virudhunagar
626141,T.Managaseri B.O,B.O,Delivery,Srivilliputtur,Virudhunagar
626142,Ayankollangondan B.O,B.O,Delivery,Rajapalayam,Virudhunagar
626142,Krishnapuram B.O,B.O,Delivery,Rajapalayam,Virudhunagar
626142,Sundaranachiarpuram S.O,S.O,Delivery,Rajapalayam,Virudhunagar
626142,Sundararajapuram B.O,B.O,Delivery,Rajapalayam,Virudhunagar
626142,Terkuvenganllur B.O,B.O,Delivery,Rajapalayam,Virudhunagar
626142,Zaminkollangondan B.O,B.O,Delivery,Rajapalayam,Virudhunagar
626149,Ilandaikulam B.O,B.O,Delivery,Srivilliputtur,Virudhunagar
626149,Kadaneri B.O,B.O,Delivery,Srivilliputtur,Virudhunagar
626149,Karisalkulam B.O,B.O,Delivery,Srivilliputhur,Virudhunagar
626149,Kottaiyur B.O,B.O,Delivery,Srivilliputtur,Virudhunagar
626149,Maharajapuram S.O,S.O,Delivery,Srivilliputhur,Virudhunagar
626149,Thailapuram B.O,B.O,Delivery,Srivilliputhur,Virudhunagar
626188,Dhalavaipuram S.O,S.O,Delivery,Rajapalayam,Virudhunagar
626189,Anuppankulam B.O,B.O,Delivery,Sivakasi,Virudhunagar
626189,Meenampatti B.O,B.O,Delivery,Sivakasi,Virudhunagar
626189,Mudalipatti B.O,B.O,Delivery,Sivakasi,Virudhunagar
626189,Naranapuram B.O,B.O,Delivery,Sivakasi,Virudhunagar
626189,Sinnakamanpatti B.O,B.O,Delivery,Sivakasi,Virudhunagar
626189,Sithurajapuram B.O,B.O,Delivery,Sivakasi,Virudhunagar
626189,Sivakasi East S.O,S.O,Delivery,Sivakasi,Virudhunagar
626189,Viswanatham B.O,B.O,Delivery,Sivakasi,Virudhunagar
626201,Elayirampannai S.O,S.O,Delivery,Sattur,Virudhunagar
626201,Karisalpatti B.O,B.O,Delivery,Sattur,Virudhunagar
626201,Panayadipatti B.O,B.O,Delivery,Sivakasi,Virudhunagar
626201,Sankarapandiapuram B.O,B.O,Delivery,Sattur,Virudhunagar
626202,Chockalingapuram B.O,B.O,Delivery,Sattur,Virudhunagar
626202,Irukkangaudi B.O,B.O,Delivery,Sattur,Virudhunagar
626202,Kosugundu B.O,B.O,Delivery,Sattur,Virudhunagar
626202,Masarpatti B.O,B.O,Delivery,Ettayapuram,Tuticorin
626202,Mavilpatti B.O,B.O,Delivery,Sattur,Virudhunagar
626202,Nathathupatti B.O,B.O,Delivery,Sattur,Virudhunagar
626202,Nenmeni S.O,S.O,Delivery,Sattur,Virudhunagar
626203,A.Ramalingapuram B.O,B.O,Delivery,Sattur,Virudhunagar
626203,Gollapatti B.O,B.O,Delivery,Sattur,Virudhunagar
626203,Mettamalai B.O,B.O,Delivery,Sattur,Virudhunagar
626203,Naduvapatti B.O,B.O,Delivery,Sattur,Virudhunagar
626203,Othayal Mettupatti B.O,B.O,Delivery,Sattur,Virudhunagar
626203,Padanthal B.O,B.O,Delivery,Sattur,Virudhunagar
626203,Sattur S.O,S.O,Delivery,Sattur,Virudhunagar
626203,Sattur West S.O,S.O,Non-Delivery,Sattur,Virudhunagar
626203,Settudayanpatti B.O,B.O,Delivery,Sattur,Virudhunagar
626203,Surangudi B.O,B.O,Delivery,Sattur,Virudhunagar
626203,Thungareddiapatti B.O,B.O,Delivery,Sattur,Virudhunagar
626203,Venkatachalapuram B.O,B.O,Delivery,Sattur,Virudhunagar
626204,Appayanaickenpatti B.O,B.O,Delivery,Virudhunagar,Virudhunagar
626204,Avudayapuram B.O,B.O,Delivery,Virudhunagar,Virudhunagar
626204,Kotthiyur Gurusamykoil B.O,B.O,Delivery,Virudhunagar,Virudhunagar
626204,Pudupatti B.O,B.O,Delivery,Virudhunagar,Virudhunagar
626204,Ramasamy Raja Nagar S.O,S.O,Delivery,Sattur,Virudhunagar
626204,T.Sedapatti B.O,B.O,Delivery,Virudhunagar,Virudhunagar
626204,Thulukkapatti B.O,B.O,Delivery,Virudhunagar,Virudhunagar
626204,Thulukkapatti R.S. B.O,B.O,Delivery,Virudhunagar,Virudhunagar
626205,Karuppur B.O,B.O,Delivery,Ettayapuram,Tuticorin
626205,Mulliseval B.O,B.O,Delivery,Sattur,Virudhunagar
626205,N.Subbiahpuram B.O,B.O,Delivery,Sattur,Virudhunagar
626205,Nalli B.O,B.O,Delivery,Sattur,Virudhunagar
626205,Odaipatti B.O,B.O,Delivery,Sattur,Virudhunagar
626205,Uppathur S.O,S.O,Delivery,Sattur,Virudhunagar
626607,Alagapuri B.O,B.O,Delivery,Tiruchuli,Virudhunagar
626607,Isali B.O,B.O,Delivery,Tiruchuli,Virudhunagar
626607,Maraikulam B.O,B.O,Delivery,Kariapatti,Virudhunagar
626607,Nalur B.O,B.O,Delivery,Tiruchuli,Virudhunagar
626607,Narikudi S.O,S.O,Delivery,Tiruchuli,Virudhunagar
626607,Siruvanur B.O,B.O,Delivery,Kariapatti,Virudhunagar
626607,Ulagudi B.O,B.O,Delivery,Tiruchuli,Virudhunagar
626612,Dharmam B.O,B.O,Delivery,Tiruchuli,Virudhunagar
626612,Irunjirai B.O,B.O,Delivery,Tiruchuli,Virudhunagar
626612,Pervelangudi B.O,B.O,Delivery,Tiruchuli,Virudhunagar
626612,Viracholan S.O,S.O,Delivery,Tiruchuli,Virudhunagar
627001,Kailasapuram S.O (Tirunelveli),S.O,Non-Delivery,Tirunelveli,Tirunelveli
627001,Minatchipuram S.O,S.O,Non-Delivery,Tirunelveli,Tirunelveli
627001,Tirunelveli H.O,H.O,Delivery,Tirunelveli,Tirunelveli
627001,Tirunelveli Nagarmandram S.O,S.O,Non-Delivery,Tirunelveli,Tirunelveli
627001,Tirunelveli R.S S.O,S.O,Non-Delivery,Tirunelveli,Tirunelveli
627001,Viraraghavapuram S.O,S.O,Non-Delivery,Tirunelveli,Tirunelveli
627002,Kulavanickerpuram S.O,S.O,Non-Delivery,Palayamkottai,Tirunelveli
627002,Palayankottai Courts S.O,S.O,Non-Delivery,Palayamkottai,Tirunelveli
627002,Palayankottai H.O,H.O,Delivery,Palayankottai,Tirunelveli
627002,Samadanapuram S.O,S.O,Non-Delivery,Palayamkottai,Tirunelveli
627002,Santhinagar S.O,S.O,Non-Delivery,Palayamkottai,Tirunelveli
627003,Vannarpettai S.O,S.O,Delivery,Palayamkottai,Tirunelveli
627004,Tirunelveli Pettai East S.O,S.O,Non-Delivery,Tirunelveli,Tirunelveli
627004,Tirunelveli Pettai S.O,S.O,Delivery,Tirunelveli,Tirunelveli
627005,Melapalayam Bazaar(Tirunelveli S.O,S.O,Non-Delivery,Palayamkottai,Tirunelveli
627005,Melapalayam S.O (Tirunelveli),S.O,Delivery,Palayamkottai,Tirunelveli
627006,Kunnathur B.O,B.O,Delivery,Tirunelveli,Tirunelveli
627006,Melathiru Vengadanathapuram B.O,B.O,Delivery,Tirunelveli,Tirunelveli
627006,Pattapathu B.O,B.O,Delivery,Tirunelveli,Tirunelveli
627006,Tirunelveli East S.O,S.O,Non-Delivery,Tirunelveli,Tirunelveli
627006,Tirunelveli Merku S.O,S.O,Non-Delivery,Tirunelveli,Tirunelveli
627006,Tirunelveli Terku S.O,S.O,Non-Delivery,Tirunelveli,Tirunelveli
627006,Tirunelveli Town S.O,S.O,Delivery,Tirunelveli,Tirunelveli
627006,Tondar Bazar S.O,S.O,Non-Delivery,Tirunelveli,Tirunelveli
627007,Jawahar Nagar (Tirunelveli) S.O,S.O,Non-Delivery,Palayamkottai,Tirunelveli
627007,Konganthanparai B.O,B.O,Delivery,Palayankottai,Tirunelveli
627007,Perumalpuram S.O,S.O,Delivery,Palayamkottai,Tirunelveli
627007,Reddiarpatti B.O,B.O,Delivery,Palayankottai,Tirunelveli
627008,Gandhinagar S.O (Tirunelveli),S.O,Delivery,Tirunelveli,Tirunelveli
627008,Palayapettai B.O,B.O,Delivery,Tirunelveli,Tirunelveli
627009,Tirunelveli Collectorate S.O,S.O,Delivery,Palayamkottai,Tirunelveli
627010,Industrial Colony Pettai S.O,S.O,Delivery,Tirunelveli,Tirunelveli
627010,Kallur B.O,B.O,Delivery,Tirunelveli,Tirunelveli
627010,Kiramangalam B.O,B.O,Delivery,Tirunelveli,Tirunelveli
627010,Kodaganallur B.O,B.O,Delivery,Tirunelveli,Tirunelveli
627010,Tiruppanikarisalkulam B.O,B.O,Delivery,Tirunelveli,Tirunelveli
627010,Vaduganpatti B.O,B.O,Delivery,Tirunelveli,Tirunelveli
627011,K T C Nagar S.O,S.O,Non-Delivery,Palayankottai,Tirunelveli
627011,Krishnapuram B.O,B.O,Delivery,Palayankottai,Tirunelveli
627011,Maharajangar S.O,S.O,Delivery,Palayamkottai,Tirunelveli
627011,Palayankottai High Grounds S.O,S.O,Non-Delivery,Palayamkottai,Tirunelveli
627011,Sivanthipatti B.O,B.O,Delivery,Palayankottai,Tirunelveli
627011,V.M.Chatram B.O,B.O,Non-Delivery,Palayamkottai,Tirunelveli
627012,Manonmaniam Sundaranar Univers S.O,S.O,Delivery,Tirunelveli,Tirunelveli
627012,Seethaparpanallur B.O,B.O,Delivery,Tirunelveli,Tirunelveli
627012,Vellalankulam B.O,B.O,Delivery,Tirunelveli,Tirunelveli
627101,Dalapathisamudram S.O,S.O,Delivery,Nanguneri,Tirunelveli
627101,Nallankulam B.O,B.O,Delivery,Nanguneri,Tirunelveli
627101,Rajakkamangalam B.O,B.O,Delivery,Nanguneri,Tirunelveli
627101,Thulukkarpatti B.O,B.O,Delivery,Radhapuram,Tirunelveli
627102,Dohnavur S.O,S.O,Delivery,Nanguneri,Tirunelveli
627102,Puliyurkurichi B.O,B.O,Delivery,Nanguneri,Tirunelveli
627102,Sengalakurichi B.O,B.O,Delivery,Nanguneri,Tirunelveli
627102,Vadukatchimadil B.O,B.O,Delivery,Nanguneri,Tirunelveli
627103,Eruvadi S.O,S.O,Delivery,Nanguneri,Tirunelveli
627103,Kodaiseri B.O,B.O,Delivery,Nanguneri,Tirunelveli
627103,Tiruvengadanathapuram B.O,B.O,Delivery,Nanguneri,Tirunelveli
627104,Idindakarai S.O,S.O,Delivery,Radhapuram,Tirunelveli
627104,Kuthenkuli B.O,B.O,Delivery,Radhapuram,Tirunelveli
627104,Vijayapathi B.O,B.O,Delivery,Radhapuram,Tirunelveli
627105,Avaraikulam B.O,B.O,Delivery,Radhapuram,Tirunelveli
627105,Kavalkinaru S.O,S.O,Delivery,Radhapuram,Tirunelveli
627105,Perungudi B.O,B.O,Delivery,Radhapuram,Tirunelveli
627106,Erukkanthurai B.O,B.O,Delivery,Nanguneri,Tirunelveli
627106,Kudankulam S.O,S.O,Delivery,Radhapuram,Tirunelveli
627106,Perumanal B.O,B.O,Delivery,Radhapuram,Tirunelveli
627107,Kovilammalpuram B.O,B.O,Delivery,Nanguneri,Tirunelveli
627107,Mavadi S.O,S.O,Delivery,Nanguneri,Tirunelveli
627107,Naduchalaiputhur B.O,B.O,Delivery,Nanguneri,Tirunelveli
627107,Salainainarpallivasal B.O,B.O,Delivery,Nanguneri,Tirunelveli
627108,Battarpuram B.O,B.O,Delivery,Nanguneri,Tirunelveli
627108,Emankulam B.O,B.O,Delivery,Nanguneri,Tirunelveli
627108,Kadamboduvalvu B.O,B.O,Delivery,Nanguneri,Tirunelveli
627108,Kannanallur B.O,B.O,Delivery,Nanguneri,Tirunelveli
627108,Karankadu B.O,B.O,Delivery,Nanguneri,Tirunelveli
627108,Nambinagar S.O,S.O,Non-Delivery,Nanguneri,Tirunelveli
627108,Nanguneri S.O,S.O,Delivery,Nanguneri,Tirunelveli
627108,Shenbagaramanallur B.O,B.O,Delivery,Nanguneri,Tirunelveli
627108,Singaneri B.O,B.O,Delivery,Nanguneri,Tirunelveli
627108,Surangudi B.O,B.O,Delivery,Nanguneri,Tirunelveli
627108,Unnankulam B.O,B.O,Delivery,Nanguneri,Tirunelveli
627109,Kalandapanai B.O,B.O,Delivery,Radhapuram,Tirunelveli
627109,Panagudi S.O,S.O,Delivery,Radhapuram,Tirunelveli
627109,Pushpavanam B.O,B.O,Delivery,Radhapuram,Tirunelveli
627109,Sriregunathapuram B.O,B.O,Delivery,Radhapuram,Tirunelveli
627109,Vadakkuveppilankulam B.O,B.O,Delivery,Radhapuram,Tirunelveli
627110,Elankulam B.O,B.O,Delivery,Nanguneri,Tirunelveli
627110,Panrimalai B.O,B.O,Delivery,Nanguneri,Tirunelveli
627110,Pappankulam B.O,B.O,Delivery,Nanguneri,Tirunelveli
627110,Parappadi S.O,S.O,Delivery,Radhapuram,Tirunelveli
627111,Chidamabarapuram B.O,B.O,Delivery,Radhapuram,Tirunelveli
627111,Kakkarai B.O,B.O,Delivery,Radhapuram,Tirunelveli
627111,Nakkaneri B.O,B.O,Delivery,Radhapuram,Tirunelveli
627111,Parameswarapuram B.O,B.O,Delivery,Radhapuram,Tirunelveli
627111,Radhapuram S.O,S.O,Delivery,Radhapuram,Tirunelveli
627111,Thiruvembalapuram B.O,B.O,Delivery,Radhapuram,Tirunelveli
627111,Uthayathur B.O,B.O,Delivery,Radhapuram,Tirunelveli
627112,Duraikudiyiruppu B.O,B.O,Delivery,Radhapuram,Tirunelveli
627112,Kasthurirengapuram B.O,B.O,Delivery,Radhapuram,Tirunelveli
627112,Kottai Karungulam B.O,B.O,Delivery,Radhapuram,Tirunelveli
627112,Samugarengapuram S.O,S.O,Delivery,Radhapuram,Tirunelveli
627112,Seelathikulam B.O,B.O,Delivery,Radhapuram,Tirunelveli
627113,A Thirumalapuram B.O,B.O,Delivery,Radhapuram,Tirunelveli
627113,Moolaikadu B.O,B.O,Delivery,Radhapuram,Tirunelveli
627113,Soundarapandiapuram B.O,B.O,Delivery,Radhapuram,Tirunelveli
627113,Terkukallikulam S.O,S.O,Delivery,Radhapuram,Tirunelveli
627114,Jacobpuram B.O,B.O,Delivery,Radhapuram,Tirunelveli
627114,Leninjipuram B.O,B.O,Delivery,Radhapuram,Tirunelveli
627114,Palavoor B.O,B.O,Delivery,Radhapuram,Tirunelveli
627114,Rajakrishnapuram B.O,B.O,Delivery,Radhapuram,Tirunelveli
627114,Sankanapuram B.O,B.O,Delivery,Radhapuram,Tirunelveli
627114,Terkukarungulam S.O,S.O,Delivery,Radhapuram,Tirunelveli
627115,Nambithalaivanpattaiyam B.O,B.O,Delivery,Nanguneri,Tirunelveli
627115,Tirukurungudi S.O,S.O,Delivery,Ambasamudram,Tirunelveli
627116,Danakkarkulam B.O,B.O,Delivery,Radhapuram,Tirunelveli
627116,Koliyankulam B.O,B.O,Delivery,Radhapuram,Tirunelveli
627116,Sembikulam B.O,B.O,Delivery,Radhapuram,Tirunelveli
627116,Uralvaimozhi B.O,B.O,Delivery,Radhapuram,Tirunelveli
627116,Vadakangulam S.O,S.O,Delivery,Radhapuram,Tirunelveli
627117,Achampadu B.O,B.O,Delivery,Radhapuram,Tirunelveli
627117,Anaikulam B.O,B.O,Delivery,Radhapuram,Tirunelveli
627117,Kizhavaneri B.O,B.O,Delivery,Radhapuram,Tirunelveli
627117,Terku Vallioor B.O,B.O,Delivery,Radhapuram,Tirunelveli
627117,Vadalivilai B.O,B.O,Delivery,Radhapuram,Tirunelveli
627117,Valliammalpuram B.O,B.O,Delivery,Radhapuram,Tirunelveli
627117,Vallioor Perundunilayam S.O,S.O,Non-Delivery,Radhapuram,Tirunelveli
627117,Vallioor S.O,S.O,Delivery,Radhapuram,Tirunelveli
627118,Sankankulam B.O,B.O,Delivery,Nanguneri,Tirunelveli
627118,T.Vijayanarayanam B.O,B.O,Delivery,Nanguneri,Tirunelveli
627118,Venkatarayapuram B.O,B.O,Delivery,Nanguneri,Tirunelveli
627118,Vijayanarayanam S.O,S.O,Delivery,Radhapuram,Tirunelveli
627119,Vijayanarayanam Naval Base S.O,S.O,Delivery,Nanguneri,Tirunelveli
627120,Anuvijay Township S.O,S.O,Delivery,Radhapuram,Tirunelveli
627120,Settikulam B.O,B.O,Delivery,Radhapuram,Tirunelveli
627127,Kannankulam B.O,B.O,Delivery,Radhapuram,Tirunelveli
627127,Kuttapuli S.O,S.O,Delivery,Radhapuram,Tirunelveli
627131,Vadakku Veppilangulam S.O,S.O,Delivery,Radhapuram,Tirunelveli
627133,Mahendragiri S.O,S.O,Delivery,Radhapuram,Tirunelveli
627151,A. Sathankulam B.O,B.O,Delivery,Nanguneri,Tirunelveli
627151,Karuppukatti B.O,B.O,Delivery,Nanguneri,Tirunelveli
627151,Kovaikulam B.O,B.O,Delivery,Nanguneri,Tirunelveli
627151,Maruthakulam S.O,S.O,Delivery,Nanguneri,Tirunelveli
627151,Ponnakudi B.O,B.O,Delivery,Palayankottai,Tirunelveli
627151,Thottakudi B.O,B.O,Delivery,Nanguneri,Tirunelveli
627152,Karandaneri B.O,B.O,Delivery,Nenguneri,Tirunelveli
627152,Keela Kaduvetty B.O,B.O,Delivery,Nanguneri,Tirunelveli
627152,Melasadayamankulam B.O,B.O,Delivery,Nanguneri,Tirunelveli
627152,Mundradaippu S.O,S.O,Delivery,Palayamkottai,Tirunelveli
627152,Panankulam B.O,B.O,Delivery,Nanguneri,Tirunelveli
627152,Sengulam B.O,B.O,Delivery,Palayankottai,Tirunelveli
627152,Singikulam B.O,B.O,Delivery,Nanguneri,Tirunelveli
627152,Thidiyur B.O,B.O,Delivery,Palayankottai,Tirunelveli
627201,Alagiapandiapuram B.O,B.O,Delivery,Tirunelveli,Tirunelveli
627201,Ettankulam B.O,B.O,Delivery,Tirunelveli,Tirunelveli
627201,Kalakudi B.O,B.O,Delivery,Tirunelveli,Tirunelveli
627201,Kanarpatti B.O,B.O,Delivery,Tirunelveli,Tirunelveli
627201,Kattarankulam B.O,B.O,Delivery,Tirunelveli,Tirunelveli
627201,Madavakurichi B.O,B.O,Delivery,Tirunelveli,Tirunelveli
627201,Manur S.O,S.O,Delivery,Tirunelveli,Tirunelveli
627201,Mavadi B.O,B.O,Delivery,Tirunelveli,Tirunelveli
627201,Pillaiyarkulam B.O,B.O,Delivery,Tirunelveli,Tirunelveli
627201,Therkupatti B.O,B.O,Delivery,Tirunelveli,Tirunelveli
627202,Kaduvetti B.O,B.O,Delivery,Tirunelveli,Tirunelveli
627202,Ukkirankottai S.O,S.O,Delivery,Tirunelveli,Tirunelveli
627202,Vagaikulam B.O,B.O,Delivery,Tirunelveli,Tirunelveli
627351,Burkitmanagaram S.O,S.O,Delivery,Palayamkottai,Tirunelveli
627351,Keelapattam B.O,B.O,Delivery,Palayankottai,Tirunelveli
627351,Marudur B.O,B.O,Delivery,Palayankottai,Tirunelveli
627351,Melakulam B.O,B.O,Delivery,Palayamkottai,Tirunelveli
627351,Melapattam B.O,B.O,Delivery,Palayankottai,Tirunelveli
627351,Melaputhaneri B.O,B.O,Delivery,Palayankottai,Tirunelveli
627351,Naduvakrichi B.O,B.O,Delivery,Palayankottai,Tirunelveli
627351,Sivalaperi B.O,B.O,Delivery,Palayankottai,Tirunelveli
627352,Gangaikondan S.O,S.O,Delivery,Tirunelveli,Tirunelveli
627352,K Kailasapuram B.O,B.O,Delivery,NA,Tirunelveli
627352,Kodiyankulam B.O,B.O,Delivery,NA,Tirunelveli
627352,Piranjeri B.O,B.O,Delivery,NA,Tirunelveli
627352,Rajaputhukudi B.O,B.O,Delivery,NA,Tirunelveli
627352,Seliyanallur B.O,B.O,Delivery,NA,Tirunelveli
627352,Veppankulam B.O,B.O,Delivery,NA,Tirunelveli
627353,Kizhanatham S.O,S.O,Delivery,Palayankottai,Tirunelveli
627353,Manappadaiveedu B.O,B.O,Delivery,Palayankottai,Tirunelveli
627353,Timmarajapuram B.O,B.O,Delivery,Palayamkottai,Tirunelveli
627354,Alwaneri B.O,B.O,Delivery,Nanguneri,Tirunelveli
627354,Ambalam B.O,B.O,Delivery,Nanguneri,Tirunelveli
627354,Deivanayagaperi B.O,B.O,Delivery,Nanguneri,Tirunelveli
627354,Mulaikaraipatti S.O,S.O,Delivery,Nanguneri,Tirunelveli
627354,Paruthipadu B.O,B.O,Delivery,Nanguneri,Tirunelveli
627355,Chinthamani B.O,B.O,Delivery,Nanguneri,Tirunelveli
627355,Kundakulam B.O,B.O,Delivery,Nanguneri,Tirunelveli
627355,Munanjipatti S.O,S.O,Delivery,Nanguneri,Tirunelveli
627355,Ramakrishnapuram B.O,B.O,Delivery,Nanguneri,Tirunelveli
627355,Tirumalapuram B.O,B.O,Delivery,Nanguneri,Tirunelveli
627356,Karungulam B.O,B.O,Delivery,Palayamkottai,Tirunelveli
627356,Kila Omanallur B.O,B.O,Delivery,Palayamkottai,Tirunelveli
627356,Munnirpallam S.O,S.O,Delivery,Palayankottai,Tirunelveli
627356,Taruvai B.O,B.O,Delivery,Palayankottai,Tirunelveli
627357,Karaiyiruppu B.O,B.O,Delivery,Tirunelveli,Tirunelveli
627357,Nanajankulam B.O,B.O,Delivery,Tirunelveli,Tirunelveli
627357,Naranammalpuram B.O,B.O,Delivery,Tirunelveli,Tirunelveli
627357,Pallaikottai B.O,B.O,Delivery,Tirunelveli,Tirunelveli
627357,Sankarnagar S.O,S.O,Delivery,Tirunelveli,Tirunelveli
627357,Tenkulam B.O,B.O,Delivery,Tirunelveli,Tirunelveli
627358,Azhaganeri B.O,B.O,Delivery,Tirunelveli,Tirunelveli
627358,Ramayanpatti B.O,B.O,Delivery,Tirunelvel;i,Tirunelveli
627358,Senthimanagalam B.O,B.O,Delivery,Tirunelveli,Tirunelveli
627358,Sethurayanputhur B.O,B.O,Delivery,Tirunelveli,Tirunelveli
627358,Tachanallur S.O,S.O,Delivery,Tirunelveli,Tirunelveli
627359,Palamadai B.O,B.O,Delivery,Tirunelveli,Tirunelveli
627359,Pappiahpuram B.O,B.O,Delivery,Tirunelveli,Tirunelveli
627359,Rajavallipuram S.O,S.O,Delivery,Tirunelveli,Tirunelveli
627401,Ambasamudram Angadi S.O,S.O,Non-Delivery,Ambasamudram,Tirunelveli
627401,Ambasamudram East S.O,S.O,Non-Delivery,Ambasamudram,Tirunelveli
627401,Ambasamudram H.O,H.O,Delivery,Ambasamudram,Tirunelveli
627412,Alwarkurichi S.O,S.O,Delivery,Ambasamudram,Tirunelveli
627412,Kadana Anaithittam B.O,B.O,Delivery,Ambasamudram,Tirunelveli
627412,Merku Alwarkurichi B.O,B.O,Delivery,Ambasamudram,Tirunelveli
627412,Sembankulam B.O,B.O,Delivery,Ambasamudram,Tirunelveli
627412,Sivasailam B.O,B.O,Delivery,NA,Tirunelveli
627413,Adaichani B.O,B.O,Delivery,Ambasamudram,Tirunelveli
627413,Ambasamudram Pothugudi B.O,B.O,Delivery,Ambasamudram,Tirunelveli
627413,Brahmadesam S.O (Tirunelveli),S.O,Delivery,Ambasamudram,Tirunelveli
627413,Mannarkoil B.O,B.O,Delivery,NA,Tirunelveli
627413,Rengasamudram B.O,B.O,Delivery,Ambasamudram,Tirunelveli
627414,Cheranmahadevi R.S B.O,B.O,Non-Delivery,Ambasamudram,Tirunelveli
627414,Cheranmahadevi S.O,S.O,Delivery,Ambasamudram,Tirunelveli
627414,Karisalpatti B.O,B.O,Delivery,Ambasamudram,Tirunelveli
627414,Thiruviruthanpulli B.O,B.O,Delivery,Ambasamudram,Tirunelveli
627415,Kadayam S.O,S.O,Delivery,Ambasamudram,Tirunelveli
627415,Koviloothu B.O,B.O,Delivery,Ambasamudram,Tirunelveli
627415,Mathapuram B.O,B.O,Delivery,Ambasamudram,Tirunelveli
627415,Poolankulam B.O,B.O,Delivery,Ambasamudram,Tirunelveli
627415,Pungampatti B.O,B.O,Delivery,Ambasamudram,Tirunelveli
627415,Servaikaranpatti B.O,B.O,Delivery,Ambasamudram,Tirunelveli
627415,Vengadampatti B.O,B.O,Delivery,Alangulam,Tirunelveli
627416,Agasthiarpatti B.O,B.O,Delivery,Ambasamudram,Tirunelveli
627416,Kallidaikurichi S.O,S.O,Delivery,Ambasamudram,Tirunelveli
627416,Kodarankulam B.O,B.O,Delivery,Ambasamudram,Tirunelveli
627416,Kottaitheru B.O,B.O,Non-Delivery,Ambasamudram,Tirunelveli
627416,Pottal B.O,B.O,Delivery,Ambasamudram,Tirunelveli
627416,Sattupathu B.O,B.O,Delivery,Ambasamudram,Tirunelveli
627416,Singampatti B.O,B.O,Delivery,Ambasamudram,Tirunelveli
627416,Therkupappankulam B.O,B.O,Delivery,Ambasamudram,Tirunelveli
627416,Urkad B.O,B.O,Non-Delivery,Ambasamudram,Tirunelveli
627416,Vairavikulam B.O,B.O,Delivery,Ambasamudram,Tirunelveli
627417,Karaikurichi S.O (Tirunelveli),S.O,Delivery,Ambasamudram,Tirunelveli
627417,Kuniyur B.O,B.O,Delivery,Ambasamudram,Tirunelveli
627418,Ayanthiruvaleeswaram B.O,B.O,Delivery,Ambasamudram,Tirunelveli
627418,Karuthapillaiyur B.O,B.O,Delivery,Ambasamudram,Tirunelveli
627418,Kila Ambur S.O,S.O,Delivery,Ambasamudram,Tirunelveli
627420,Manjolai S.O,S.O,Delivery,Ambasamudram,Tirunelveli
627421,Aladiyur B.O,B.O,Delivery,Ambasamudram,Tirunelveli
627421,Manimuthar Project S.O,S.O,Delivery,Ambasamudram,Tirunelveli
627422,Papanasam Mills S.O,S.O,Delivery,Ambasamudram,Tirunelveli
627423,Anaintha Perumal Nadanur B.O,B.O,Delivery,Alangulam,Tirunelveli
627423,Mudaliarpatti B.O,B.O,Delivery,Ambasamudram,Tirunelveli
627423,Pappankulam B.O,B.O,Delivery,Ambasamudram,Tirunelveli
627423,Pottalpudur S.O,S.O,Delivery,Ambasamudram,Tirunelveli
627423,Theertharappapuram B.O,B.O,Delivery,Ambasamudram,Tirunelveli
627423,Therku Madathur B.O,B.O,Delivery,Ambasamudram,Tirunelveli
627423,Thuppakudi B.O,B.O,Delivery,Alangulam,Tirunelveli
627424,Govindaperi B.O,B.O,Delivery,Ambasamudram,Tirunelveli
627424,Manthiyoor B.O,B.O,Delivery,Ambasamudram,Tirunelveli
627424,Ravanasamudram S.O,S.O,Delivery,Ambasamudram,Tirunelveli
627425,Ambalavanapuram S.O,S.O,Non-Delivery,Ambasamudram,Tirunelveli
627425,Papanasam Project B.O,B.O,Delivery,Ambasamudram,Tirunelveli
627425,Papanasam Upper Dam B.O,B.O,Delivery,Ambasamudram,Tirunelveli
627425,Servalar Camp B.O,B.O,Delivery,Ambasamudram,Tirunelveli
627425,Sivanthipuram B.O,B.O,Delivery,Ambasamudram,Tirunelveli
627425,Tana B.O,B.O,Non-Delivery,Ambasamudram,Tirunelveli
627425,Uchankulam B.O,B.O,Non-Delivery,Ambasamudram,Tirunelveli
627425,Vickramasingapuram S.O,S.O,Delivery,Ambasamudram,Tirunelveli
627426,Attalanallur B.O,B.O,Delivery,Ambasamudram,Tirunelveli
627426,Harikesavanallur B.O,B.O,Delivery,Ambasamudram,Tirunelveli
627426,Kilakulam B.O,B.O,Non-Delivery,Ambasamudram,Tirunelveli
627426,Thiruppudaimarudur B.O,B.O,Delivery,Ambasamudram,Tirunelveli
627426,Vellankuli B.O,B.O,Non-Delivery,Ambasamudram,Tirunelveli
627426,Viravanallur S.O,S.O,Delivery,Ambasamudram,Tirunelveli
627427,Kothayarmel Thangal B.O,B.O,Delivery,Ambasamudram,Tirunelveli
627427,Nalumukku S.O,S.O,Delivery,Ambasamudram,Tirunelveli
627427,Oothu B.O,B.O,Delivery,Ambasamudram,Tirunelveli
627428,Agasthiyarpatti S.O,S.O,Delivery,Ambasamudram,Tirunelveli
627451,Gopalasamudram S.O,S.O,Delivery,Ambasamudram,Tirunelveli
627452,Melaseval S.O,S.O,Delivery,Ambasamudram,Tirunelveli
627453,Karisulthamangalam B.O,B.O,Delivery,Ambasamudram,Tirunelveli
627453,Pattamadai S.O,S.O,Delivery,Ambasamudram,Tirunelveli
627501,Chidamabarapuram B.O,B.O,Delivery,Nanguneri,Tirunelveli
627501,Kalakad S.O,S.O,Delivery,Nanguneri,Tirunelveli
627501,Keelakaruvelankulam B.O,B.O,Delivery,Nanguneri,Tirunelveli
627501,Kilakku Kalakad B.O,B.O,Non-Delivery,Nanguneri,Tirunelveli
627501,Padalaiyarkulam B.O,B.O,Delivery,Nanguneri,Tirunelveli
627501,Pathai B.O,B.O,Delivery,Nanguneri,Tirunelveli
627501,Singampathu B.O,B.O,Delivery,Nanguneri,Tirunelveli
627502,Devanallur B.O,B.O,Delivery,Nanguneri,Tirunelveli
627502,Idaiyankulam B.O,B.O,Delivery,Nanguneri,Tirunelveli
627502,Kalladichidambarapuram B.O,B.O,Delivery,Nanguneri,Tirunelveli
627502,Kallikulam B.O,B.O,Delivery,Nanguneri,Tirunelveli
627502,Padmaneri S.O,S.O,Delivery,Nanguneri,Tirunelveli
627601,Mukkudal S.O,S.O,Delivery,Ambasamudram,Tirunelveli
627601,Mukkudal Vadakku B.O,B.O,Non-Delivery,Ambasamudram,Tirunelveli
627601,Sadayappapuram B.O,B.O,Non-Delivery,Ambasamudram,Tirunelveli
627601,Singamparai B.O,B.O,Delivery,Ambasamudram,Tirunelveli
627602,Idaikal B.O,B.O,Delivery,Ambasamudram,Tirunelveli
627602,Kabaliparai B.O,B.O,Delivery,Ambasamudram,Tirunelveli
627602,Odaimarichan B.O,B.O,Delivery,Alangulam,Tirunelveli
627602,Pappagudi S.O,S.O,Delivery,Ambasamudram,Tirunelveli
627602,Tulukkapatti B.O,B.O,Delivery,Ambasamudram,Tirunelveli
627603,Vadakku Ariyanayagipuram Petta S.O,S.O,Delivery,Ambasamudram,Tirunelveli
627604,Narasinganallur B.O,B.O,Delivery,Tirunelveli,Tirunelveli
627604,Suttamally S.O,S.O,Delivery,Tirunelveli,Tirunelveli
627651,Anaigudi B.O,B.O,Delivery,Radhapuram,Tirunelveli
627651,Idayangudi S.O,S.O,Delivery,Radhapuram,Tirunelveli
627651,Kila Uvari B.O,B.O,Delivery,Radhapuram,Tirunelveli
627651,Kooduthalai B.O,B.O,Delivery,Radhapuram,Tirunelveli
627651,Koottapanai B.O,B.O,Delivery,Radhapuram,Tirunelveli
627651,Kuttam B.O,B.O,Delivery,Radhapuram,Tirunelveli
627651,Muthumathanmonmozhi B.O,B.O,Delivery,Radhapuram,Tirunelveli
627651,Uvari B.O,B.O,Delivery,Radhapuram,Tirunelveli
627652,Alagappapuram B.O,B.O,Delivery,Nanguneri,Tirunelveli
627652,Ittamozhi S.O,S.O,Delivery,Radhapuram,Tirunelveli
627652,Suviseshapuram B.O,B.O,Delivery,Radhapuram,Tirunelveli
627652,Vijaya Achampadu B.O,B.O,Delivery,Radhapuram,Tirunelveli
627654,Anaikarai B.O,B.O,Delivery,Radhapuram,Tirunelveli
627654,Pettaikulam S.O,S.O,Delivery,Radhapuram,Tirunelveli
627654,Urumankulam B.O,B.O,Delivery,Radhapuram,Tirunelveli
627657,Kalikumarapuram B.O,B.O,Delivery,Radhapuram,Tirunelveli
627657,Karaichithupudur B.O,B.O,Delivery,Radhapuram,Tirunelveli
627657,Kumarapuram B.O,B.O,Delivery,Radhapuram,Tirunelveli
627657,Kurugapuram B.O,B.O,Delivery,Radhapuram,Tirunelveli
627657,Mahadevankulam B.O,B.O,Delivery,Radhapuram,Tirunelveli
627657,Mannarpuram B.O,B.O,Delivery,Radhapuram,Tirunelveli
627657,Muthukrishnapuram B.O,B.O,Delivery,Radhapuram,Tirunelveli
627657,Navaladi B.O,B.O,Delivery,Radhapuram,Tirunelveli
627657,Samaria B.O,B.O,Non-Delivery,Radhapuram,Tirunelveli
627657,Tisayanvillai S.O,S.O,Delivery,Radhapuram,Tirunelveli
627659,Karaichuthupudur S.O,S.O,Delivery,Radhapuram,Tirunelveli
627713,Ilyarasanendal S.O,S.O,Delivery,Sankarankovil,Tirunelveli
627713,Kulakkattakurichi B.O,B.O,Delivery,Sankarankovil,Tirunelveli
627713,Maipparai B.O,B.O,Delivery,Sankarankovil,Tirunelveli
627713,Sippiparai B.O,B.O,Delivery,Virudhunagar,Tirunelveli
627719,Alagapuri B.O,B.O,Delivery,Sankarankovil,Tirunelveli
627719,Chatrapatti B.O,B.O,Delivery,Sankarankovil,Tirunelveli
627719,Kalingapatti B.O,B.O,Delivery,Sankarankovil,Tirunelveli
627719,Karisalkulam B.O,B.O,Delivery,Sankarankovil,Tirunelveli
627719,Kurinjakulam B.O,B.O,Delivery,Sankarankovil,Tirunelveli
627719,Tiruvengadam S.O,S.O,Delivery,Sankarankoil,Tirunelveli
627719,Umaithalaivanpatti B.O,B.O,Delivery,Sankarankovil,Tirunelveli
627719,Vellakulam B.O,B.O,Delivery,Sankarankovil,Tirunelveli
627751,Boganallur B.O,B.O,Delivery,Tenkasi,Tirunelveli
627751,Chockammpatti B.O,B.O,Delivery,Tenkasi,Tirunelveli
627751,Kadayanallur Bazar S.O,S.O,Non-Delivery,Tenkasi,Tirunelveli
627751,Kadayanallur Pettai S.O,S.O,Non-Delivery,Tenkasi,Tirunelveli
627751,Kadayanallur S.O,S.O,Delivery,Tenkasi,Tirunelveli
627751,Kambapacheri B.O,B.O,Delivery,Tenkasi,Tirunelveli
627751,Kasidharmam B.O,B.O,Delivery,Tenkasi,Tirunelveli
627751,Kumanthapuram B.O,B.O,Delivery,Tenkasi,Tirunelveli
627751,Mangalapuram B.O,B.O,Delivery,Tenkasi,Tirunelveli
627751,Sundaresapuram B.O,B.O,Delivery,Tenkasi,Tirunelveli
627753,Karisathan B.O,B.O,Delivery,Sankarankovil,Tirunelveli
627753,Karivalamvandanallur S.O,S.O,Delivery,Sankarankovil,Tirunelveli
627753,Kulasekaraperi B.O,B.O,Delivery,Sankarankovil,Tirunelveli
627753,Kuvalaikanni B.O,B.O,Delivery,Sankarankovil,Tirunelveli
627753,Manalur B.O,B.O,Delivery,Sankarankovil,Tirunelveli
627753,Pandapuli B.O,B.O,Delivery,Sankarankovil,Tirunelveli
627753,Paruvakkudi B.O,B.O,Delivery,Sankarankovil,Tirunelveli
627753,Perumalpatti B.O,B.O,Delivery,Sankarankovil,Tirunelveli
627753,Perumpattur B.O,B.O,Delivery,Sankarankovil,Tirunelveli
627753,Reddiapatti B.O,B.O,Delivery,Sankarankovil,Tirunelveli
627753,Sennikulam B.O,B.O,Delivery,Sankarankoil,Tirunelveli
627753,Senthattiapuram B.O,B.O,Delivery,Sankarankovil,Tirunelveli
627753,Srigomathipuram B.O,B.O,Delivery,Sankarankovil,Tirunelveli
627753,Subbulapuram B.O,B.O,Delivery,Sankarankovil,Tirunelveli
627754,Alagunatchiapuram B.O,B.O,Delivery,Sankarankovil,Tirunelveli
627754,Azhaganeri B.O,B.O,Delivery,Sankarankoil,Tirunelveli
627754,Chiambarapuram B.O,B.O,Delivery,Sankarankovil,Tirunelveli
627754,K. Alankulam B.O,B.O,Delivery,Sankarankoil,Tirunelveli
627754,Kalappakulam B.O,B.O,Delivery,Sankarankovil,Tirunelveli
627754,Kuruvikulam S.O,S.O,Delivery,Sankarankoil,Tirunelveli
627754,Perungottur B.O,B.O,Delivery,Sankarankovil,Tirunelveli
627754,Sathirakondan B.O,B.O,Delivery,Sankarankovil,Tirunelveli
627754,Sevalkulam B.O,B.O,Delivery,Sankarankovil,Tirunelveli
627754,Vagaikulam B.O,B.O,Delivery,Sankarankovil,Tirunelveli
627755,Malayadikurichi B.O,B.O,Delivery,Sivigiri,Tirunelveli
627755,Mullikulam S.O,S.O,Delivery,Sivagiri,Tirunelveli
627755,Nagaram B.O,B.O,Delivery,Sivigiri,Tirunelveli
627755,Nochikulam B.O,B.O,Delivery,Sankarankovil,Tirunelveli
627755,Ramasamipuram B.O,B.O,Delivery,NA,Tirunelveli
627755,Thalaivankottai B.O,B.O,Delivery,Sivigiri,Tirunelveli
627755,Vadakkupudur B.O,B.O,Delivery,Sankarankovil,Tirunelveli
627755,Vadamalapuram B.O,B.O,Delivery,Sankarankovil,Tirunelveli
627755,Veeriruppu B.O,B.O,Delivery,Sankarankovil,Tirunelveli
627756,Sankarankovil Bazaar S.O,S.O,Non-Delivery,NA,Tirunelveli
627756,Sankarankovil H.O,H.O,Delivery,Sankarankovil,Tirunelveli
627757,Arugankulam B.O,B.O,Delivery,Sivagiri,Tirunelveli
627757,Devipattinam B.O,B.O,Delivery,Sivagiri,Tirunelveli
627757,Inamkovilpatti B.O,B.O,Delivery,Sivagiri,Tirunelveli
627757,Sivagiri S.O (Tirunelveli),S.O,Delivery,Sivagiri,Tirunelveli
627757,Tenmalai B.O,B.O,Delivery,Sivigiri,Tirunelveli
627757,Vadugapatti B.O,B.O,Delivery,Sivigiri,Tirunelveli
627757,Viswanathaperi B.O,B.O,Delivery,Sivagiri,Tirunelveli
627758,Ariyur B.O,B.O,Delivery,Sivigiri,Tirunelveli
627758,Nelkattumseval B.O,B.O,Delivery,Sivigiri,Tirunelveli
627758,Sankanaperi B.O,B.O,Delivery,Sivigiri,Tirunelveli
627758,Vasudevanallur S.O,S.O,Delivery,Sivigiri,Tirunelveli
627758,Vellanaikottai B.O,B.O,Delivery,Kovilpatti,Tuticorin
627759,Krishnapuram (TVL) S.O,S.O,Delivery,Tenkasi,Tirunelveli
627760,Athuvazhi S.O,S.O,Delivery,Sankarankovil,Tirunelveli
627760,Gudalur B.O,B.O,Delivery,Sivagiri,Tirunelveli
627760,Naranapuram B.O,B.O,Delivery,Sivagiri,Tirunelveli
627760,Ramanathapuram(VSD) B.O,B.O,Delivery,Sivagiri,Tirunelveli
627761,Gomathimuthupuram B.O,B.O,Delivery,Sankarankovil,Tirunelveli
627761,Panaiyur S.O,S.O,Delivery,Sankarankovil,Tirunelveli
627761,Periyur B.O,B.O,Delivery,Sankarankovil,Tirunelveli
627761,Sangupuram B.O,B.O,Delivery,Sankarankovil,Tirunelveli
627764,Duraisamypuram B.O,B.O,Delivery,Sivagiri,Tirunelveli
627764,Rayagiri,S.O,Delivery,Sivagiri,Tirunelveli
627802,Courtallam S.O,S.O,Delivery,Tenkasi,Tirunelveli
627802,Kasimajorpuram B.O,B.O,Non-Delivery,Tenkasi,Tirunelveli
627803,Achanpudur B.O,B.O,Delivery,Shenkottai,Tirunelveli
627803,Elathur S.O (Tirunelveli),S.O,Delivery,Sengottai,Tirunelveli
627803,Kanakkupillaivalasai B.O,B.O,Delivery,Tenkasi,Tirunelveli
627803,Kuthukalvalasai B.O,B.O,Delivery,Tenkasi,Tirunelveli
627804,Idaikal(TKS) S.O,S.O,Delivery,Tenkasi,Tirunelveli
627804,Kodikurichi B.O,B.O,Delivery,Tenkasi,Tirunelveli
627804,Nainaragaram B.O,B.O,Delivery,Tenkasi,Tirunelveli
627805,Ayyapuram B.O,B.O,Delivery,Tenkasi,Tirunelveli
627805,Ilanji S.O,S.O,Delivery,Tenkasi,Tirunelveli
627805,Kottakulam B.O,B.O,Delivery,Tenkasi,Tirunelveli
627806,Kilapavur S.O,S.O,Delivery,Tenkasi,Tirunelveli
627806,Kulasekarapatti B.O,B.O,Delivery,Tenkasi,Tirunelveli
627806,Melapavur B.O,B.O,Delivery,Tenkasi,Tirunelveli
627806,Rajapandi B.O,B.O,Delivery,Tenkasi,Tirunelveli
627806,Vellakal B.O,B.O,Delivery,Virakeralampudur,Tirunelveli
627807,Karisalkudiyiruppu B.O,B.O,Delivery,Sengottai,Tirunelveli
627807,Panpuli S.O,S.O,Delivery,Sengottai,Tirunelveli
627808,Adaikalapattinam B.O,B.O,Delivery,Alangulam,Tirunelveli
627808,Avudaiyanur B.O,B.O,Delivery,Tenkasi,Tirunelveli
627808,Mettur B.O,B.O,Delivery,Ambasamudram,Tirunelveli
627808,Pavoorchatram S.O,S.O,Delivery,Tenkasi,Tirunelveli
627808,Pethanadarpatti B.O,B.O,Delivery,Alangulam,Tirunelveli
627808,Sivanadanur B.O,B.O,Delivery,Alangulam,Tirunelveli
627808,Tippanampatti B.O,B.O,Delivery,Tenkasi,Tirunelveli
627809,Melur B.O,B.O,Non-Delivery,Shenkottai,Tirunelveli
627809,Periyapillaivalasi B.O,B.O,Non-Delivery,Tenkasi,Tirunelveli
627809,Piranur B.O,B.O,Non-Delivery,Sengottai,Tirunelveli
627809,Sengottai RS S.O,S.O,Non-Delivery,NA,Tirunelveli
627809,Sengottai S.O,S.O,Delivery,Sengottai,Tirunelveli
627809,Thenpothai B.O,B.O,Delivery,Tenkasi,Tirunelveli
627809,Vallam B.O,B.O,Delivery,Tenkasi,Tirunelveli
627811,Tenkasi H.O,H.O,Delivery,Tenkasi,Tirunelveli
627811,Tenkasi RS S.O,S.O,Non-Delivery,Tenkasi,Tirunelveli
627812,Vadakarai S.O (Tirunelveli),S.O,Delivery,Sengottai,Tirunelveli
627812,Vadakaraikilpidagai B.O,B.O,Non-Delivery,Shenkottai,Tirunelveli
627812,Vavanagaram B.O,B.O,Delivery,Sengottai,Tirunelveli
627813,Karkudi B.O,B.O,Delivery,Sengottai,Tirunelveli
627813,Kattalaikudiyiruppu B.O,B.O,Delivery,Sengottai,Tirunelveli
627813,Poolankudiyiruppu B.O,B.O,Delivery,Sengottai,Tirunelveli
627813,Puliyara S.O,S.O,Delivery,Sengottai,Tirunelveli
627814,Ayiraperi B.O,B.O,Delivery,Tenkasi,Tirunelveli
627814,Gunaramanallur B.O,B.O,Delivery,Tenkasi,Tirunelveli
627814,Kadabokathi B.O,B.O,Delivery,Tenkasi,Tirunelveli
627814,Kizhapuliyur S.O,S.O,Delivery,Alangulam,Tirunelveli
627814,Mathalamparai B.O,B.O,Delivery,Tenkasi,Tirunelveli
627814,Pattakurichi B.O,B.O,Delivery,Tenkasi,Tirunelveli
627818,Melagaram S.O,S.O,Delivery,Tenkasi,Tirunelveli
627851,Alangulam S.O,S.O,Delivery,Alangulam,Tirunelveli
627851,Andipatti B.O,B.O,Delivery,Alangulam,Tirunelveli
627851,Anjankattalai B.O,B.O,Delivery,Alangulam,Tirunelveli
627851,Kalathimadam B.O,B.O,Delivery,Alangulam,Tirunelveli
627851,Kuthapanjan B.O,B.O,Delivery,Alangulam,Tirunelveli
627851,Marandai B.O,B.O,Delivery,Alangulam,Tirunelveli
627851,Maruthamputhur B.O,B.O,Delivery,Alangulam,Tirunelveli
627851,Pudupatti B.O,B.O,Delivery,Alangulam,Tirunelveli
627851,Pudur B.O,B.O,Delivery,Alangulam,Tirunelveli
627852,Agarakattu B.O,B.O,Delivery,Tenkasi,Tirunelveli
627852,Ayikudi S.O,S.O,Delivery,Tenkasi,Tirunelveli
627852,Kilankadu B.O,B.O,Delivery,Tenkasi,Tirunelveli
627852,Urmelalagian B.O,B.O,Delivery,Tenkasi,Tirunelveli
627853,Ayyanarkulam B.O,B.O,Delivery,Alangulam,Tirunelveli
627853,Kuruvankottai B.O,B.O,Delivery,Alangulam,Tirunelveli
627853,Mayamankurichi B.O,B.O,Delivery,Alangulam,Tirunelveli
627853,Nallur S.O (Tirunelveli),S.O,Delivery,Alangulam,Tirunelveli
627853,Sivalarkulam B.O,B.O,Delivery,Alangulam,Tirunelveli
627854,Kavalakurichi B.O,B.O,Delivery,Virakeralampudur,Tirunelveli
627854,Kidanganeri B.O,B.O,Delivery,Alangulam,Tirunelveli
627854,Kidarakulam B.O,B.O,Delivery,Alangulam,Tirunelveli
627854,Nettur S.O (Tirunelveli),S.O,Delivery,Virakeralampudur,Tirunelveli
627854,Venkateswarapuram B.O,B.O,Delivery,Virakeralampudur,Tirunelveli
627855,Ayyapuram B.O,B.O,Delivery,Sankarankovil,Tirunelveli
627855,Chinthamani B.O,B.O,Non-Delivery,Sivigiri,Tirunelveli
627855,Puliyangudi S.O,S.O,Delivery,Sivagiri,Tirunelveli
627855,Punniahpuram B.O,B.O,Delivery,Tirunelveli,Tuticorin
627855,Thiruvettanallur B.O,B.O,Delivery,Sankarankovil,Tirunelveli
627856,Poigai B.O,B.O,Delivery,Tenkasi,Tirunelveli
627856,Sambavarvadakarai S.O,S.O,Delivery,Sengottai,Tirunelveli
627857,Ichanda B.O,B.O,Delivery,Sankarankovil,Tirunelveli
627857,Serndamangalam S.O,S.O,Delivery,Sankarankovil,Tirunelveli
627857,Thannuthu B.O,B.O,Delivery,Sankarankoil,Tirunelveli
627857,Thirumalapuram B.O,B.O,Delivery,Sivagiri,Tirunelveli
627857,Uthankulam B.O,B.O,Delivery,Sankarankovil,Tirunelveli
627857,Valasai B.O,B.O,Delivery,Tenkasi,Tirunelveli
627857,Vellalankulam B.O,B.O,Delivery,Sankarankovil,Tirunelveli
627858,Sundapandiapuram S.O,S.O,Delivery,Tenkasi,Tirunelveli
627859,Anaikulam B.O,B.O,Delivery,Virakeralampudur,Tirunelveli
627859,Bungalowsurandai B.O,B.O,Delivery,Virakeralampudur,Tirunelveli
627859,E.Meenakshipuram B.O,B.O,Delivery,Virakeralampudur,Tirunelveli
627859,Kadayalurutti B.O,B.O,Delivery,Virakeralampudur,Tirunelveli
627859,Kulayaneri B.O,B.O,Delivery,Virakeralampudur,Tirunelveli
627859,Parankundrapuram B.O,B.O,Delivery,Virakeralampudur,Tirunelveli
627859,Surandai S.O,S.O,Delivery,Virakeralampudur,Tirunelveli
627860,Karuvanda B.O,B.O,Delivery,Virakeralampudur,Tirunelveli
627860,Kilakalangal B.O,B.O,Delivery,Virakeralampudur,Tirunelveli
627860,Kurichanpatti B.O,B.O,Delivery,Virakeralampudur,Tirunelveli
627860,Melakalangal B.O,B.O,Delivery,Virakerlamapudur,Tirunelveli
627860,Melamarudappapuram B.O,B.O,Delivery,Virakeralampudur,Tirunelveli
627860,Rukmaniammalpuram B.O,B.O,Delivery,Virakeralampudur,Tirunelveli
627860,Uthumalai S.O,S.O,Delivery,Virakeralampudur,Tirunelveli
627861,Achankuttam B.O,B.O,Delivery,Virakeralampudur,Tirunelveli
627861,Kaluneerkulam B.O,B.O,Delivery,Alangulam,Tirunelveli
627861,Rajagopalaperi B.O,B.O,Delivery,Virakeralampudur,Tirunelveli
627861,Vadi B.O,B.O,Delivery,Virakeralampudur,Tirunelveli
627861,Veeranam B.O,B.O,Delivery,Virakeralampudur,Tirunelveli
627861,Virakeralmpudur S.O,S.O,Delivery,Virakeralampudur,Tirunelveli
627862,Alkondarkulam B.O,B.O,Delivery,Sankarankovil,Tirunelveli
627862,Ariyanayagipuram B.O,B.O,Delivery,Sankarankovil,Tirunelveli
627862,Kilavirasigamani B.O,B.O,Delivery,Sankarankovil,Tirunelveli
627862,Kulasekaramangalam B.O,B.O,Delivery,Sankarankovil,Tirunelveli
627862,Naduvakurichi B.O,B.O,Delivery,Sankarankovil,Tirunelveli
627862,Pambukoilshandy B.O,B.O,Delivery,Sankarankovil,Tirunelveli
627862,Pogai B.O,B.O,Delivery,Sankarankovil,Tirunelveli
627862,Vadanathampatti B.O,B.O,Delivery,Sankarankovil,Tirunelveli
627862,Virasigamani S.O,S.O,Delivery,Sankarankovil,Tirunelveli
627951,Chocknatchiapuram B.O,B.O,Delivery,Alangulam,Tirunelveli
627951,Devarkulam S.O,S.O,Delivery,Sankarankovil,Tirunelveli
627951,Melailanthaikulam B.O,B.O,Delivery,Sankarankovil,Tirunelveli
627951,Muthammalpuram B.O,B.O,Delivery,Sankarankovil,Tirunelveli
627951,Muvirunthali B.O,B.O,Delivery,Sankarankovil,Tirunelveli
627951,Northachampatti B.O,B.O,Delivery,Sankarankovil,Tirunelveli
627951,Vannikonendal B.O,B.O,Delivery,Sankarankovil,Tirunelveli
627953,Balapadraramapuram B.O,B.O,Delivery,Virakeralampudur,Tirunelveli
627953,Kilanilithanallur B.O,B.O,Delivery,Sankarankovil,Tirunelveli
627953,Komarudappapuram B.O,B.O,Delivery,Sankarankoil,Tirunelveli
627953,Kurukkalpatti B.O,B.O,Delivery,Sankarankovil,Tirunelveli
627953,Marukkalankulam B.O,B.O,Delivery,Virakeralampudur,Tirunelveli
627953,Maruthankinar B.O,B.O,Delivery,Sankarankovil,Tirunelveli
627953,Melanarikudi B.O,B.O,Delivery,Sankarankovil,Tirunelveli
627953,Melanilithanallur S.O,S.O,Delivery,Sankarankovil,Tirunelveli
627953,Panavadalichatram B.O,B.O,Delivery,Sankarankovil,Tirunelveli
627953,Periyakoilankulam B.O,B.O,Delivery,Sankarankovil,Tirunelveli
627953,Ramanathapuram(SNL) B.O,B.O,Delivery,Sankarankovil,Tirunelveli
628001,Cruz Fernandespuram B.O,B.O,Non-Delivery,NA,Tuticorin
628001,Tuticorin Cathedral S.O,S.O,Non-Delivery,Thoothukkudi,Tuticorin
628001,Tuticorin H.O,H.O,Delivery,Thoothukkudi,Tuticorin
628001,Tuticorin Keelur S.O,S.O,Non-Delivery,Thoothukkudi,Tuticorin
628001,Vadakkur Tuticorin S.O,S.O,Non-Delivery,Thoothukkudi,Tuticorin
628001,Vetrivelpuram S.O,S.O,Non-Delivery,Thoothukkudi,Tuticorin
628002,Alagesapuram S.O,S.O,Non-Delivery,Thoothukkudi,Tuticorin
628002,Arockiapuram B.O,B.O,Delivery,NA,Tuticorin
628002,Keelashanmugapuram S.O,S.O,Non-Delivery,Thoothukkudi,Tuticorin
628002,Mappillaiyurani B.O,B.O,Delivery,NA,Tuticorin
628002,Melaarasadi B.O,B.O,Delivery,Tuticorin,Tuticorin
628002,Melur Tuticorin S.O,S.O,Delivery,Thoothukkudi,Tuticorin
628002,Milavittan R S B.O,B.O,Delivery,Tuticorin,Tuticorin
628002,Polenaickenpettai S.O,S.O,Non-Delivery,Thoothukkudi,Tuticorin
628002,Pudurpandiapuram B.O,B.O,Delivery,Thoothukkudi,Tuticorin
628002,Sankaraperi B.O,B.O,Delivery,Tuticorin,Tuticorin
628002,Siluvaipatti B.O,B.O,Delivery,NA,Tuticorin
628002,Therkuvirapandiapuram B.O,B.O,Delivery,Tuticorin,Tuticorin
628002,Toovipuram B.O,B.O,Non-Delivery,Thoothukkudi,Tuticorin
628002,Tuticorin Central Bus Stand S.O,S.O,Non-Delivery,Thoothukkudi,Tuticorin
628002,Victoria Extension Road S.O,S.O,Non-Delivery,Thoothukkudi,Tuticorin
628003,C.G.S. Colony S.O,S.O,Non-Delivery,Thoothukkudi,Tuticorin
628003,New Colony S.O (Tuticorin),S.O,Delivery,Thoothukkudi,Tuticorin
628003,Tuticorin courts S.O,S.O,Non-Delivery,Thoothukkudi,Tuticorin
628004,Tt. Thermal Power Plant S.O,S.O,Non-Delivery,Thoothukkudi,Tuticorin
628004,Tuticorin Harbour Estate S.O,S.O,Delivery,Thoothukkudi,Tuticorin
628005,Athimarapatti B.O,B.O,Delivery,NA,Tuticorin
628005,Mullaakadu B.O,B.O,Delivery,Tuticorin,Tuticorin
628005,Muthiahpuram S.O,S.O,Delivery,Thoothukkudi,Tuticorin
628006,Thermal Nagagr S.O,S.O,Delivery,Thoothukkudi,Tuticorin
628007,Heavy Water Project Colony S.O,S.O,Delivery,Thoothukkudi,Tuticorin
628008,Chidambaranagar S.O,S.O,Delivery,Thoothukkudi,Tuticorin
628008,Levingipuram B.O,B.O,Non-Delivery,NA,Tuticorin
628008,Madathur B.O,B.O,Delivery,NA,Tuticorin
628008,Millerpuram S.O,S.O,Non-Delivery,Thoothukkudi,Tuticorin
628008,Puthukudi 3rd Mile B.O,B.O,Non-Delivery,NA,Tuticorin
628101,Korampollam S.O,S.O,Delivery,Tuticorin,Tuticorin
628101,Maravanmadam B.O,B.O,Delivery,Tuticorin,Tuticorin
628101,Periyanayagipuram B.O,B.O,Delivery,Thoothukkudi,Tuticorin
628102,Mudittanendal Pudur B.O,B.O,Delivery,Thoothukkudi,Tuticorin
628102,Mudittanendal S.O,S.O,Delivery,Srivaikuntam,Tuticorin
628102,Thimmarajapuraam B.O,B.O,Delivery,Srivaikuntam,Tuticorin
628102,Varthagareddipatti B.O,B.O,Delivery,Srivaikuntam,Tuticorin
628103,Kootampuli B.O,B.O,Delivery,Tiruchendur,Tuticorin
628103,Kulayankarisal B.O,B.O,Delivery,Tuticorin,Tuticorin
628103,Mangalagiri B.O,B.O,Delivery,NA,Tuticorin
628103,Melakootudankadu B.O,B.O,Delivery,Tuticorin,Tuticorin
628103,Pudukottai S.O,S.O,Delivery,Thoothukkudi,Tuticorin
628103,Servaikaranmadam B.O,B.O,Delivery,Tuticorin,Tuticorin
628103,Therkusilukkanpatti B.O,B.O,Delivery,Tuticorin,Tuticorin
628104,Chockalingapuram B.O,B.O,Delivery,Srivaikuntam,Tuticorin
628104,Kollampirambu-dalavaipuram B.O,B.O,Delivery,Srivaikuntam,Tuticorin
628104,Sekkarakudi S.O,S.O,Delivery,Srivaikuntam,Tuticorin
628105,Duraisamypuram B.O,B.O,Delivery,Ottapidaram,Tuticorin
628105,Taruvaikulam S.O,S.O,Delivery,Otapidaram,Tuticorin
628151,Autoor S.O,S.O,Delivery,Tiruchendur,Tuticorin
628151,Keeranur B.O,B.O,Delivery,Tiruchendur,Tuticorin
628151,Mela Autoor B.O,B.O,Delivery,Tiruchendur,Tuticorin
628151,Mukkani B.O,B.O,Delivery,Tiruchendur,Tuticorin
628151,Omarikadu B.O,B.O,Delivery,Tiruchendur,Tuticorin
628151,Punnakayal B.O,B.O,Delivery,Tiruchendur,Tuticorin
628151,Sendamangalam B.O,B.O,Delivery,Tiruchendur,Tuticorin
628151,Therku Autoor B.O,B.O,Non-Delivery,Tiruchendur,Tuticorin
628152,Agaram B.O,B.O,Delivery,Tiruchendur,Tuticorin
628152,Kovankadu B.O,B.O,Delivery,Srivaikuntam,Tuticorin
628152,Pazhaiyalkayal S.O,S.O,Delivery,Tiruchendur,Tuticorin
628201,Ammanpuram S.O,S.O,Delivery,Tiruchendur,Tuticorin
628201,Kanam B.O,B.O,Delivery,Tiruchendur,Tuticorin
628201,Melaputhukudi B.O,B.O,Delivery,Tiruchendur,Tuticorin
628201,Moolakarai B.O,B.O,Delivery,Tiruchendur,Tuticorin
628201,Sonaganvilai B.O,B.O,Delivery,Tiruchendur,Tuticorin
628202,Arumuganeri S.O,S.O,Delivery,Tiruchendur,Tuticorin
628202,Kandasamypuram B.O,B.O,Delivery,NA,Tuticorin
628202,Lakshmimanagaram B.O,B.O,Non-Delivery,NA,Tuticorin
628202,Peyanvilai B.O,B.O,Delivery,NA,Tuticorin
628202,Rajamaniapuram B.O,B.O,Delivery,NA,Tuticorin
628203,Kalankudiyiruppu B.O,B.O,Non-Delivery,Tiruchendur,Tuticorin
628203,Kootankadu B.O,B.O,Non-Delivery,Tiruchendur,Tuticorin
628203,Meyoor B.O,B.O,Delivery,Tiruchendur,Tuticorin
628203,Pudumanai B.O,B.O,Non-Delivery,Tiruchendur,Tuticorin
628203,Settiapathu B.O,B.O,Delivery,Tiruchendur,Tuticorin
628203,Udangudi Christianagaram S.O,S.O,Delivery,Tiruchendur,Tuticorin
628203,Uthiramadankudiyiruppu B.O,B.O,Delivery,Tiruchendur,Tuticorin
628203,Vedakottaivilai B.O,B.O,Delivery,Tiruchendur,Tuticorin
628204,Kayalpatnam Bazaar B.O,B.O,Non-Delivery,Tiruchendur,Tuticorin
628204,Kayalpatnam S.O,S.O,Delivery,Tiruchendur,Tuticorin
628205,Kayamozhi S.O,S.O,Delivery,Tiruchendur,Tuticorin
628205,Manakad B.O,B.O,Delivery,Tiruchendur,Tuticorin
628205,Mela Tiruchendur B.O,B.O,Delivery,Tiruchendur,Tuticorin
628205,Nathankinar B.O,B.O,Delivery,Tiruchendur,Tuticorin
628205,Subramaniapuram B.O,B.O,Delivery,Tiruchendur,Tuticorin
628205,Terikudiyiruppu B.O,B.O,Non-Delivery,Tiruchendur,Tuticorin
628205,Therikudiyiruppu B.O,B.O,Delivery,Tiruchendur,Tuticorin
628206,Alanthalai B.O,B.O,Delivery,Tiruchendur,Tuticorin
628206,Kallamozhi B.O,B.O,Delivery,Tiruchendur,Tuticorin
628206,Kulasekarapatnam S.O,S.O,Delivery,Tiruchendur,Tuticorin
628206,Kulasekarapatnam South B.O,B.O,Delivery,Tiruchendur,Tuticorin
628206,Madavankurichi B.O,B.O,Delivery,Tiruchendur,Tuticorin
628206,Sirunadarkudiyiruppu B.O,B.O,Delivery,Tiruchendur,Tuticorin
628206,Thandavankadu B.O,B.O,Delivery,Tiruchendur,Tuticorin
628207,Kurumbur S.O,S.O,Delivery,Tiruchendur,Tuticorin
628207,Nallur B.O,B.O,Delivery,Tiruchendur,Tuticorin
628207,Puraiyur B.O,B.O,Delivery,Tiruchendur,Tuticorin
628207,Sethukuvaithan B.O,B.O,Delivery,Tiruchendur,Tuticorin
628207,Suganthalai B.O,B.O,Delivery,Tiruchendur,Tuticorin
628207,Varandiavel B.O,B.O,Delivery,Tiruchendur,Tuticorin
628208,Manaduthandapathu S.O,S.O,Delivery,Tiruchendur,Tuticorin
628208,Seerkatchi B.O,B.O,Delivery,Tiruchendur,Tuticorin
628209,Manapad S.O,S.O,Delivery,Tiruchendur,Tuticorin
628210,Anaiyur B.O,B.O,Delivery,Tiruchendur,Tuticorin
628210,Ilanganathapuram B.O,B.O,Non-Delivery,Tiruchendur,Tuticorin
628210,Kalvilai B.O,B.O,Delivery,Tiruchendur,Tuticorin
628210,Kilaramasamypuram B.O,B.O,Delivery,Tiruchendur,Tuticorin
628210,Lakshmipuram B.O,B.O,Delivery,Tiruchendur,Tuticorin
628210,Megnanapuram S.O,S.O,Delivery,Tiruchendur,Tuticorin
628210,Semmarikulam B.O,B.O,Delivery,Tiruchendur,Tuticorin
628210,Solaikudiyiruppu B.O,B.O,Delivery,Tiruchendur,Tuticorin
628211,Idaiyanvilai B.O,B.O,Delivery,Tiruchendur,Tuticorin
628211,Nalumavadi S.O,S.O,Delivery,Tiruchendur,Tuticorin
628212,Panickanadarkudiyiruppu S.O,S.O,Delivery,Tiruchendur,Tuticorin
628212,Viramanickam B.O,B.O,Delivery,Tiruchendur,Tuticorin
628213,Kuthiraimozhi B.O,B.O,Delivery,Tiruchendur,Tuticorin
628213,Nadunallumoolaikinar B.O,B.O,Delivery,Tiruchendur,Tuticorin
628213,Paramankurichi S.O,S.O,Delivery,Tiruchendur,Tuticorin
628213,Seerudaiyarpuram B.O,B.O,Delivery,Tiruchendur,Tuticorin
628215,Amalinagar B.O,B.O,Non-Delivery,Tiruchendur,Tuticorin
628215,Tiruchendur Devasthanam S.O,S.O,Non-Delivery,Tiruchendur,Tuticorin
628215,Tiruchendur H.O,H.O,Delivery,Tiruchendur,Tuticorin
628216,Virapandianpatanam S.O,S.O,Delivery,Tiruchendur,Tuticorin
628217,Adaikalapuram S.O,S.O,Delivery,Tiruchendur,Tuticorin
628218,Jerusalempatnam B.O,B.O,Delivery,Tiruchendur,Tuticorin
628218,Mannanvilai S.O,S.O,Delivery,Tiruchendur,Tuticorin
628218,Pallipathu B.O,B.O,Delivery,Tiruchendur,Tuticorin
628218,Vallivilai B.O,B.O,Delivery,Tiruchendur,Tuticorin
628219,Pitchivilai B.O,B.O,Delivery,Tiruchendur,Tuticorin
628219,Vellalanvilai S.O,S.O,Delivery,Tiruchendur,Tuticorin
628229,Sahupuram S.O,S.O,Delivery,Tiruchendur,Tuticorin
628251,Iruvappapuram B.O,B.O,Delivery,Srivaikuntam,Tuticorin
628251,Kattalangulam B.O,B.O,Delivery,Srivaikuntam,Tuticorin
628251,Kothalarivilai B.O,B.O,Delivery,Srivaikuntam,Tuticorin
628251,Naduvakurichi B.O,B.O,Delivery,Srivaikuntam,Tuticorin
628251,Sawyerpuram S.O,S.O,Delivery,Thoothukkudi,Tuticorin
628251,Sebathiahpuram B.O,B.O,Delivery,Srivaikuntam,Tuticorin
628251,Subramaniapuram B.O,B.O,Delivery,Srivaikuntam,Tuticorin
628251,Valasakaran Vilai B.O,B.O,Delivery,Srivaikuntam,Tuticorin
628252,Kaliyavoor B.O,B.O,Delivery,Srivaikuntam,Tuticorin
628252,Murappanad B.O,B.O,Delivery,Srivaikuntam,Tuticorin
628252,Vallanad S.O,S.O,Delivery,Srivaikuntam,Tuticorin
628252,Vasavappapuram B.O,B.O,Delivery,Srivaikuntam,Tuticorin
628301,Dalavaipuram B.O,B.O,Delivery,Thoothukkudi,Tuticorin
628301,Kailasapuram S.O (Tuticorin),S.O,Delivery,Thoothukkudi,Tuticorin
628301,Kandasamypuram B.O,B.O,Delivery,NA,Tuticorin
628301,Paraikuttam B.O,B.O,Delivery,Ottapidaram,Tuticorin
628301,Savarimangalam B.O,B.O,Delivery,Ottapidaram,Tuticorin
628301,Umarikottai B.O,B.O,Delivery,Ottapidaram,Tuticorin
628302,Kollankinar B.O,B.O,Delivery,Ottapidaram,Tuticorin
628302,Maniyac R.S. B.O,B.O,Delivery,Ottapidaam,Tuticorin
628302,Muramban B.O,B.O,Delivery,Ottapidaram,Tuticorin
628302,Ottanatham S.O,S.O,Delivery,Otapidaram,Tuticorin
628303,Akkanaickenpatti B.O,B.O,Delivery,Ottapidaram,Tuticorin
628303,Marudanvalvoo B.O,B.O,Delivery,Ottapidaram,Tuticorin
628303,Naraikinar S.O,S.O,Delivery,Ottapidaram,Tuticorin
628303,Puliyampatti B.O,B.O,Delivery,Ottapidaram,Tuticorin
628303,Puvani B.O,B.O,Delivery,Ottapidaram,Tuticorin
628303,Savalaperi B.O,B.O,Delivery,Ottapidaram,Tuticorin
628304,Keelatattaparai B.O,B.O,Delivery,Tuticorin,Tuticorin
628304,Melatattaparai B.O,B.O,Delivery,Tuticorin,Tuticorin
628304,Tattaparai S.O,S.O,Delivery,Thoothukkudi,Tuticorin
628401,Akilandapuram B.O,B.O,Delivery,Ottapidaram,Tuticorin
628401,Katcheri Dhalavaipuram B.O,B.O,Delivery,Ottapidaram,Tuticorin
628401,Kilamudiman B.O,B.O,Delivery,Ottapidaram,Tuticorin
628401,Kulasekaranallur B.O,B.O,Delivery,Ottapidaram,Tuticorin
628401,Otapidaram S.O,S.O,Delivery,Ottapidaram,Tuticorin
628401,Vellaram B.O,B.O,Delivery,Ottapidaram,Tuticorin
628402,Jambulingapuram B.O,B.O,Delivery,Otapidaram,Tuticorin
628402,Nainapuram B.O,B.O,Delivery,Ottapidaram,Tuticorin
628402,Pudiyamputhur S.O,S.O,Delivery,Otapidaram,Tuticorin
628402,Pudupatcheri B.O,B.O,Delivery,Ottapidaram,Tuticorin
628402,Swaminatham B.O,B.O,Delivery,Otapidaram,Tuticorin
628501,Kovilpatti H.O,H.O,Delivery,Kovilpatti,Tuticorin
628501,Kovilpatti Town S.O,S.O,Non-Delivery,Kovilpatti,Tuticorin
628502,Avalnatham B.O,B.O,Delivery,Kovilpatti,Tuticorin
628502,Ayyaneri B.O,B.O,Delivery,Sankarankovil,Tirunelveli
628502,Chitrampatti B.O,B.O,Delivery,Sankarankoil,Tirunelveli
628502,East Pandavarmangalam B.O,B.O,Delivery,Kovilpatti,Tuticorin
628502,G.V.N.Kalluri B.O,B.O,Delivery,Sankarankoil,Tirunelveli
628502,Illupaiyurani B.O,B.O,Delivery,Kovilpatti,Tuticorin
628502,Kovilpatti Indl.Estate B.O,B.O,Non-Delivery,Kovilpatti,Tuticorin
628502,Kovilpatti North B.O,B.O,Non-Delivery,Kovilpatti,Tuticorin
628502,Kovilpatti R.S B.O,B.O,Non-Delivery,Kovilpatti,Tuticorin
628502,Lakshmipuram S.O (Tuticorin),S.O,Delivery,Kovilpatti,Tuticorin
628502,Lingampatti B.O,B.O,Delivery,Kovilpatti,Tuticorin
628502,Manthithope B.O,B.O,Delivery,Kovilpatti,Tuticorin
628502,Uthupatti B.O,B.O,Delivery,Kovilpatti,Tuticorin
628502,Vijayapuri B.O,B.O,Delivery,Kovilpatti,Tuticorin
628503,Alampatti B.O,B.O,Delivery,Kovilpatti,Tuticorin
628503,K.R.Nagar S.O,S.O,Delivery,Kovilpatti,Tuticorin
628503,Padanthapuli 2 B.O,B.O,Delivery,Kovilpatti,Tuticorin
628552,Chettikurichi B.O,B.O,Delivery,Kovilpatti,Tuticorin
628552,K.Karisalkulam B.O,B.O,Delivery,Sankarankovil,Tirunelveli
628552,Kalugumalai S.O,S.O,Delivery,Kovilpatti,Tuticorin
628552,Karadikulam B.O,B.O,Delivery,Kovilpatti,Tuticorin
628552,Naickerpatti B.O,B.O,Delivery,Kovilpatti,Tuticorin
628552,Pazhankottai B.O,B.O,Delivery,Sankarankovil,Tirunelveli
628552,Sambakulam B.O,B.O,Delivery,Kovilpatti,Tuticorin
628552,Sayamalai B.O,B.O,Delivery,Sankarankovil,Tirunelveli
628552,Velayuthapuram B.O,B.O,Delivery,NA,Tuticorin
628552,Vellapaneri B.O,B.O,Delivery,Sankarankovil,Tirunelveli
628552,Venkatesawarapuram B.O,B.O,Delivery,Kovilpatti,Tuticorin
628601,Srivaikuntam H.O,H.O,Delivery,Srivaikuntam,Tuticorin
628612,Alwarthope West B.O,B.O,Delivery,Tiruchendur,Tuticorin
628612,Alwartirunagari S.O,S.O,Delivery,Tiruchendur,Tuticorin
628612,Alwartirunagari West B.O,B.O,Non-Delivery,Tiruchendur,Tuticorin
628612,Appankoil B.O,B.O,Delivery,Tiruchendur,Tuticorin
628612,Tirukkalur B.O,B.O,Delivery,Tiruchendur,Tuticorin
628613,Asirvathapuram S.O,S.O,Delivery,NA,Tuticorin
628613,Karunkadal B.O,B.O,Delivery,Satankulam,Tuticorin
628613,Kattarimangalam B.O,B.O,Delivery,Satankulam,Tuticorin
628613,Mirankulam B.O,B.O,Delivery,Satankulam,Tuticorin
628613,Palaniappapuram B.O,B.O,Delivery,Satankulam,Tuticorin
628613,Puliankulam B.O,B.O,Delivery,Satankulam,Tuticorin
628613,Savariarpuram B.O,B.O,Delivery,Satankulam,Tuticorin
628613,Therkankulam B.O,B.O,Delivery,Satankulam,Tuticorin
628614,Campbellabad S.O,S.O,Delivery,NA,Tuticorin
628614,Kadayanodaiai B.O,B.O,Delivery,Tiruchendur,Tuticorin
628615,Karungulam S.O,S.O,Delivery,Srivaikuntam,Tuticorin
628616,Mukuperi S.O,S.O,Delivery,Satankulam,Tuticorin
628616,Nazareth R S B.O,B.O,Non-Delivery,Tiruchendur,Tuticorin
628616,Oyyangudi B.O,B.O,Delivery,Tiruchendur,Tuticorin
628617,Chinnamadankudiyiruppu B.O,B.O,Delivery,Satankulam,Tuticorin
628617,Eluvaraimukki B.O,B.O,Delivery,Satankulam,Tuticorin
628617,Kurippankulam B.O,B.O,Delivery,Satankulam,Tuticorin
628617,Nazareth S.O,S.O,Delivery,NA,Tuticorin
628617,Pillaiyanmanai B.O,B.O,Non-Delivery,Satankulam,Tuticorin
628617,Thailapuram B.O,B.O,Delivery,Satankulam,Tuticorin
628617,Udayarkulam B.O,B.O,Delivery,Satankulam,Tuticorin
628617,Vellamadam B.O,B.O,Delivery,Satankulam,Tuticorin
628618,Katchanavilai B.O,B.O,Delivery,Satankulam,Tuticorin
628618,Neivilai S.O,S.O,Delivery,NA,Tuticorin
628618,Pattakarai B.O,B.O,Delivery,Satankulam,Tuticorin
628619,Alwarkarkulam B.O,B.O,Delivery,Srivaikuntam,Tuticorin
628619,Arampannai B.O,B.O,Delivery,Srivaikuntam,Tuticorin
628619,Kongarayankurichi B.O,B.O,Delivery,Srivaikuntam,Tuticorin
628619,Manakarai B.O,B.O,Delivery,Srivaikuntam,Tuticorin
628619,Padmanabamangalam S.O,S.O,Delivery,Srivaikuntam,Tuticorin
628620,Parakkiramapandi B.O,B.O,Delivery,Srivaikuntam,Tuticorin
628620,Patemanagaram S.O,S.O,Delivery,NA,Tuticorin
628620,Perur B.O,B.O,Delivery,Srivaikuntam,Tuticorin
628620,Srimoolakarai B.O,B.O,Delivery,Srivaikuntam,Tuticorin
628621,Ariyanayagipuram B.O,B.O,Delivery,Rivaikuntam,Tuticorin
628621,Athalikulam B.O,B.O,Delivery,Srivaikuntam,Tuticorin
628621,Athichanallur B.O,B.O,Delivery,Srivaikuntam,Tuticorin
628621,Puthukudi S.O,S.O,Delivery,NA,Tuticorin
628621,Sriparangusanallur B.O,B.O,Delivery,Srivaikuntam,Tuticorin
628621,Tirupuliyangudi B.O,B.O,Delivery,Srivaikuntam,Tuticorin
628621,Velur B.O,B.O,Delivery,Srivaikuntam,Tuticorin
628622,Cherakulam B.O,B.O,Delivery,Srivaikuntam,Tuticorin
628622,Kalvoy B.O,B.O,Delivery,Srivaikuntam,Tuticorin
628622,Ramanujampudur B.O,B.O,Delivery,Srivaikuntam,Tuticorin
628622,Thathankulam S.O,S.O,Delivery,NA,Tuticorin
628622,Vallakulam B.O,B.O,Delivery,Srivaikuntam,Tuticorin
628623,Kurangani B.O,B.O,Delivery,Tiruchendur,Tuticorin
628623,Kurukattur B.O,B.O,Delivery,Tiruchendur,Tuticorin
628623,Thenthiruperai S.O,S.O,Delivery,Tiruchendur,Tuticorin
628653,Kolunthuthattu B.O,B.O,Delivery,Sathankulam,Tuticorin
628653,Kommadikottai S.O,S.O,Delivery,Satankulam,Tuticorin
628653,Naduvakurichi B.O,B.O,Delivery,Satankulam,Tuticorin
628653,Nallur-kommadikottai B.O,B.O,Delivery,Sathankulam,Tuticorin
628653,Polayarpuram B.O,B.O,Delivery,Satankulam,Tuticorin
628653,Puchikadu B.O,B.O,Delivery,NA,Tuticorin
628653,Sokkankudiyiruppu B.O,B.O,Delivery,Sathankulam,Tuticorin
628653,Tattarmadam B.O,B.O,Delivery,Satankulam,Tuticorin
628656,Idaichivilai B.O,B.O,Delivery,Satankulam,Tuticorin
628656,Kadakulam B.O,B.O,Delivery,Sathankulam,Tuticorin
628656,Puthantharuvai S.O,S.O,Delivery,NA,Tuticorin
628656,Thatchanvilai B.O,B.O,Delivery,Satankulam,Tuticorin
628701,Ambalaseri B.O,B.O,Delivery,Sathankulam,Tuticorin
628701,Anandapuram S.O (Tuticorin),S.O,Delivery,NA,Tuticorin
628701,Chettikulam B.O,B.O,Delivery,Satankulam,Tuticorin
628701,Karuvelampadu B.O,B.O,Delivery,Satankulam,Tuticorin
628701,Palankulam B.O,B.O,Delivery,Satankulam,Tuticorin
628701,Theripanai B.O,B.O,Delivery,Satankulam,Tuticorin
628702,Anbinnagaram B.O,B.O,Delivery,Sathankulam,Tuticorin
628702,Kadashapuram B.O,B.O,Delivery,Sathankulam,Tuticorin
628702,Mudalur S.O,S.O,Delivery,Satankulam,Tuticorin
628702,Pothakalanvilai B.O,B.O,Delivery,Satankulam,Tuticorin
628702,Subbarayapuram B.O,B.O,Delivery,Sathankulam,Tuticorin
628702,Subramaniapuram B.O,B.O,Delivery,Sathankulam,Tuticorin
628702,Thoppuvalam B.O,B.O,Delivery,Sathankulam,Tuticorin
628703,Alagappapuram B.O,B.O,Delivery,Sathankulam,Tuticorin
628703,Padukkapathu S.O,S.O,Delivery,Sathankulam,Tuticorin
628703,Pallakurichi B.O,B.O,Delivery,Satankulam,Tuticorin
628703,Periyathalai B.O,B.O,Delivery,NA,Tuticorin
628703,Pitchivilai B.O,B.O,Delivery,Sathankulam,Tuticorin
628703,Sundankottai B.O,B.O,Delivery,Sathankulam,Tuticorin
628703,Uyarathukudiyiruppu B.O,B.O,Delivery,Satankulam,Tuticorin
628704,Alankinar B.O,B.O,Delivery,Sathankulam,Tuticorin
628704,Kalinguvilai B.O,B.O,Delivery,Sathankulam,Tuticorin
628704,Kombankulam B.O,B.O,Delivery,Satankulam,Tuticorin
628704,Nedungulam B.O,B.O,Delivery,Satankulam,Tuticorin
628704,Pandarapuram B.O,B.O,Delivery,Sathankulam,Tuticorin
628704,Pannamparai B.O,B.O,Delivery,Satankulam,Tuticorin
628704,Pudukulam B.O,B.O,Delivery,Satankulam,Tuticorin
628704,Sankarankudiyiruppu B.O,B.O,Delivery,Sathankulam,Tuticorin
628704,Satankulam S.O,S.O,Delivery,Satankulam,Tuticorin
628704,Vijayaramapuram B.O,B.O,Delivery,Sathankulam,Tuticorin
628712,Adanur B.O,B.O,Delivery,Otapidaram,Tuticorin
628712,Arungulam B.O,B.O,Delivery,Otapidaram,Tuticorin
628712,Eppodumvendran S.O,S.O,Delivery,Ottapidaram,Tuticorin
628712,K.Duraisamypuram B.O,B.O,Delivery,Otapidaram,Tuticorin
628712,Sakkammalpuram B.O,B.O,Delivery,Otapidaram,Tuticorin
628712,Sivagnanapuram B.O,B.O,Delivery,Otapidaram,Tuticorin
628714,Ahilandapuram B.O,B.O,Delivery,Kovilpatti,Tuticorin
628714,Ilavelangal B.O,B.O,Delivery,Kovilpatti,Tuticorin
628714,Kadambur S.O (Tuticorin),S.O,Delivery,Kovilpatti,Tuticorin
628714,Kappulingampatti B.O,B.O,Delivery,Kovilpatti,Tuticorin
628714,Kottali B.O,B.O,Delivery,Kovilpatti,Tuticorin
628714,Kuppanapuram B.O,B.O,Delivery,Kovilpatti,Tuticorin
628714,Kurumalai B.O,B.O,Delivery,Kovilpatti,Tuticorin
628714,Parivillikottai B.O,B.O,Delivery,Kovilpatti,Tuticorin
628714,Tennampatti B.O,B.O,Delivery,Kovilpatti,Tuticorin
628714,Vadakkuvandanam B.O,B.O,Delivery,Kovilpatti,Tuticorin
628716,Idaiseval B.O,B.O,Delivery,Kovilpatti,Tuticorin
628716,K.Sivagnanapuram B.O,B.O,Delivery,Kovilpatti,Tuticorin
628716,Nalatinputhur S.O,S.O,Delivery,Kovilpatti,Tuticorin
628716,Villiseri B.O,B.O,Delivery,Kovilpatti,Tuticorin
628718,Achankulam B.O,B.O,Delivery,Otapidaram,Tuticorin
628718,Meenakshipuram B.O,B.O,Delivery,Otapidaram,Tuticorin
628718,Nagampatti B.O,B.O,Delivery,Otapidaram,Tuticorin
628718,Pasuvandanai S.O,S.O,Delivery,Ottapidaram,Tuticorin
628718,Sillankulam B.O,B.O,Delivery,Otapidaram,Tuticorin
628720,Irachi B.O,B.O,Delivery,Kovilpatti,Tuticorin
628720,Kamanaickanpatti B.O,B.O,Delivery,Kovilpatti,Tuticorin
628720,Koppampatti B.O,B.O,Delivery,Kovilpatti,Tuticorin
628720,Mudukkalankulam B.O,B.O,Delivery,Kovilpatti,Tuticorin
628720,Semmapudur B.O,B.O,Delivery,Kovilpatti,Tuticorin
628720,Turaiyur S.O,S.O,Delivery,Kovilpatti,Tuticorin
628721,Alagappapuram B.O,B.O,Delivery,NA,Tuticorin
628721,Kalangaraipatti B.O,B.O,Delivery,Sankarankovil,Tuticorin
628721,Kattalankulam B.O,B.O,Delivery,Kovilpatti,Tuticorin
628721,Nachiyarpuram B.O,B.O,Delivery,Kovilpatti,Tuticorin
628721,Pillaiyarnatham B.O,B.O,Delivery,Kovilpatti,Tuticorin
628721,Vanaramutti S.O,S.O,Delivery,Kovilpatti,Tuticorin
628721,Zamindevarkulam B.O,B.O,Delivery,Kovilpatti,Tuticorin
628722,Kurukkuchalai S.O,S.O,Delivery,Ottapidaram,Tuticorin
628722,Melaseithalai B.O,B.O,Delivery,Kovilpatti,Tuticorin
628722,Vedanatham B.O,B.O,Delivery,Kovilpatti,Tuticorin
628751,Nattathi B.O,B.O,Delivery,Srivaikuntam,Tuticorin
628751,Pandaravilai B.O,B.O,Delivery,Srivaikuntam,Tuticorin
628751,Pannaivilai S.O,S.O,Delivery,NA,Tuticorin
628752,Perungulam S.O (Tuticorin),S.O,Delivery,NA,Tuticorin
628753,Sivagalai S.O,S.O,Delivery,Srivaikuntam,Tuticorin
628801,Eral S.O,S.O,Delivery,NA,Tuticorin
628801,Korkai B.O,B.O,Delivery,Srivaikuntam,Tuticorin
628801,Vallavallan B.O,B.O,Delivery,Srivaikuntam,Tuticorin
628802,Arumugamangalam B.O,B.O,Delivery,Srivaikuntam,Tuticorin
628802,Idaiyarkadu B.O,B.O,Delivery,Srivaikuntam,Tuticorin
628802,Kottarakurichi B.O,B.O,Non-Delivery,Srivaikuntam,Tuticorin
628802,Maramangalam B.O,B.O,Delivery,Srivaikuntam,Tuticorin
628802,Siruthondanallur S.O,S.O,Delivery,Srivaikuntam,Tuticorin
628809,Anavaradanallur B.O,B.O,Delivery,Srivaikuntam,Tuticorin
628809,Seydunganallur S.O,S.O,Delivery,Srivaikuntam,Tuticorin
628809,Vittilapuram B.O,B.O,Delivery,Srivaikuntam,Tuticorin
628851,Aniaparanallur B.O,B.O,Delivery,Srivaikuntam,Tuticorin
628851,Ellanaickenpatti S.O,S.O,Delivery,Srivaikuntam,Tuticorin
628851,Pottalurani B.O,B.O,Delivery,Srivaikuntam,Tuticorin
628851,Pudupatti B.O,B.O,Delivery,Srivaikuntam,Tuticorin
628851,Singathakurichi B.O,B.O,Delivery,Srivaikuntam,Tuticorin
628851,Vadakkukariseri B.O,B.O,Delivery,Srivaikuntam,Tuticorin
628901,Ariyanayagipuram S.O,S.O,Delivery,Vilathikulam,Tuticorin
628901,Melmandai B.O,B.O,Delivery,Vilathikulam,Tuticorin
628901,Surangudi B.O,B.O,Delivery,Vilathikulam,Tuticorin
628901,Tattaneri B.O,B.O,Delivery,Vilathikulam,Tuticorin
628902,Chinnamalaikundru B.O,B.O,Delivery,Ettayapuram,Tuticorin
628902,Ettaiyapuram S.O,S.O,Delivery,Ettayapuram,Tuticorin
628902,Ilambuvanam B.O,B.O,Delivery,Ettayapuram,Tuticorin
628902,Kadalai B.O,B.O,Delivery,Kovilpatti,Tuticorin
628902,Kalugachalapuram B.O,B.O,Delivery,Ettayapuram,Tuticorin
628902,Muthulapuram B.O,B.O,Delivery,Ettayapuram,Tuticorin
628902,Nambipuram B.O,B.O,Delivery,Ettayapuram,Tuticorin
628902,Padanthapuli B.O,B.O,Delivery,Ettayapuram,Tuticorin
628902,Perilovanpatti B.O,B.O,Delivery,Ettayapuram,Tuticorin
628902,Pillaiyarnatham B.O,B.O,Delivery,Ettayapuram,Tuticorin
628902,Sindalakarai B.O,B.O,Delivery,Ettayapuram,Tuticorin
628902,Thalaikattupuram B.O,B.O,Delivery,Ettayapuram,Tuticorin
628903,Kilavaippar B.O,B.O,Delivery,Vilathikulam,Tuticorin
628903,Kulathur (TVL) S.O,S.O,Delivery,Vilathikulam,Tuticorin
628903,Sippikulam B.O,B.O,Delivery,Vilathikulam,Tuticorin
628903,Vaippar B.O,B.O,Delivery,Kovilpatti,Tuticorin
628903,Veppalodai B.O,B.O,Delivery,Kovilpatti,Tuticorin
628904,Attankarai B.O,B.O,Delivery,Vilathikulam,Tuticorin
628904,Duraisamypuram B.O,B.O,Delivery,Ettayapuram,Tuticorin
628904,Guruvarpatti B.O,B.O,Delivery,Vilathikulam,Tuticorin
628904,Kilakarandai B.O,B.O,Delivery,Vilathikulam,Tuticorin
628904,Nagalapuram S.O (Tuticorin),S.O,Delivery,Vilathikulam,Tuticorin
628904,Sankaralingapuram B.O,B.O,Delivery,Vilathikulam,Tuticorin
628904,Vedapatti B.O,B.O,Delivery,Vilathikulam,Tuticorin
628904,Vowalthothi B.O,B.O,Delivery,Vilathikulam,Tuticorin
628905,Boothalapuram B.O,B.O,Delivery,Vilathikulam,Tuticorin
628905,Kandasamypuram B.O,B.O,Delivery,Vilathikulam (kol),Tuticorin
628905,Kilaarunachalapuram B.O,B.O,Delivery,Vilathikulam (kol),Tuticorin
628905,L.Venkateswarapuram B.O,B.O,Delivery,Vilathikulam (kol),Tuticorin
628905,Maniyakaranpatti B.O,B.O,Delivery,Vilathikulam (kol),Tuticorin
628905,Mettilpatti B.O,B.O,Delivery,Vilathikulam (kol),Tuticorin
628905,Pudur S.O,S.O,Delivery,Ettayapuram,Tuticorin
628905,Sennamareddipatti B.O,B.O,Delivery,Vilathikulam (kol),Tuticorin
628905,Sivalarpatti B.O,B.O,Delivery,Vilathikulam (kol),Tuticorin
628905,Vembur B.O,B.O,Delivery,Vilathikulam (kol),Tuticorin
628906,Periyasamipuram B.O,B.O,Delivery,Vilathikulam (kol),Tuticorin
628906,Vembar S.O,S.O,Delivery,Vilathikulam (kol),Tuticorin
628907,Bommiahpuram B.O,B.O,Delivery,NA,Tuticorin
628907,Kadalkudi B.O,B.O,Delivery,Vilathikulam ( Kol),Tuticorin
628907,Karisalkulam B.O,B.O,Delivery,NA,Tuticorin
628907,Kilavilathikulam B.O,B.O,Delivery,Tuticorin,Tuticorin
628907,Meenakshipuram B.O,B.O,Delivery,Ettayapuram,Tuticorin
628907,Ramachandrapuram B.O,B.O,Delivery,Vilathikulam,Tuticorin
628907,V.Vedapatti B.O,B.O,Delivery,Vilathikulam (kol),Tuticorin
628907,Vadamalaisamudram B.O,B.O,Delivery,Kovilpatti,Tuticorin
628907,Vilathikulam S.O,S.O,Delivery,Vilathikulam (kol),Tuticorin
628908,Kilairal S.O,S.O,Delivery,Ettayapuram,Tuticorin
628908,Pugavarnatham B.O,B.O,Delivery,Ettayapuram,Tuticorin
628908,Sholpuram B.O,B.O,Delivery,Ettayapuram,Tuticorin
628952,Athikulam B.O,B.O,Delivery,Kovilpatti,Tuticorin
628952,Ayyanaruthu B.O,B.O,Delivery,Kovilpatti,Tuticorin
628952,Kayathar S.O,S.O,Delivery,Kovilpatti,Tuticorin
628952,Moortheeswaram B.O,B.O,Delivery,Kovilpatti,Tuticorin
628952,Pannikulam B.O,B.O,Delivery,Tuticorin,Tuticorin
628952,Therkkuilandaikulam B.O,B.O,Delivery,Kovilpatti,Tuticorin
628952,Vellalankottai B.O,B.O,Delivery,Kovilpatti,Tuticorin
629001,Catherin Booth Hospital S.O,S.O,Non-Delivery,Agastheeswaram,Kanyakumari
629001,Krishnancoil B.O,B.O,Non-Delivery,Agastheeswaram,Kanyakumari
629001,Nagercoil Bazaar S.O,S.O,Non-Delivery,Agastheeswaram,Kanyakumari
629001,Nagercoil Collectorate S.O,S.O,Non-Delivery,Agastheeswaram,Kanyakumari
629001,Nagercoil H.O,H.O,Delivery,Agastheeswaram,Kanyakumari
629001,Nagercoil Town S.O,S.O,Non-Delivery,Agastheeswaram,Kanyakumari
629001,Nagercoil West S.O,S.O,Non-Delivery,Agastheeswaram,Kanyakumari
629001,Nesamony Nagar B.O,B.O,Non-Delivery,Agastheeswaram,Kanyakumari
629001,Oluganacheri S.O,S.O,Non-Delivery,Agastheeswaram,Kanyakumari
629001,Putheri B.O,B.O,Non-Delivery,Agastheeswaram,Kanyakumari
629001,Vadasery S.O,S.O,Non-Delivery,Agastheeswaram,Kanyakumari
629001,Vadiveeswaram S.O,S.O,Non-Delivery,Agastheeswaram,Kanyakumari
629002,Edalakudy B.O,B.O,Delivery,Agastheeswaram,Kanyakumari
629002,Irulappapuram B.O,B.O,Non-Delivery,Agastheeswaram,Kanyakumari
629002,Kottar S.O,S.O,Delivery,Agastheeswaram,Kanyakumari
629002,Maravankudiyiruppu S.O,S.O,Non-Delivery,Agastheeswaram,Kanyakumari
629003,Chunkankadai B.O,B.O,Delivery,Agastheeswaram,Kanyakumari
629003,Kaniyakulam B.O,B.O,Delivery,Agastheeswaram,Kanyakumari
629003,Parvathipuram B.O,B.O,Non-Delivery,Agastheeswaram,Kanyakumari
629003,Peruvilai B.O,B.O,Delivery,Agastheeswaram,Kanyakumari
629003,Vetturnimadam S.O,S.O,Delivery,Agastheeswaram,Kanyakumari
629004,Erumbukadu B.O,B.O,Delivery,Agastheeswaram,Kanyakumari
629004,Nagercoil Industrial Estate S.O,S.O,Delivery,Agastheeswaram,Kanyakumari
629101,Alancholai B.O,B.O,Delivery,Vilavancode,Kanyakumari
629101,Arukani B.O,B.O,Delivery,Vilavancode,Kanyakumari
629101,Kaliyal S.O,S.O,Delivery,Vilavancode,Kanyakumari
629101,Maruthemparai B.O,B.O,Delivery,Vilavancode,Kanyakumari
629101,Netta B.O,B.O,Delivery,Vilavancode,Kanyakumari
629101,Pathukani B.O,B.O,Delivery,Vilavancode,Kanyakumari
629102,Kodayarkilthangal S.O,S.O,Delivery,Kalkulam,Kanyakumari
629151,Arumanai S.O,S.O,Delivery,Kalkulam,Kanyakumari
629151,Chitharal B.O,B.O,Delivery,Vilavancode,Kanyakumari
629151,Karod B.O,B.O,Delivery,Vilavancode,Kanyakumari
629151,Manjalumoodu B.O,B.O,Delivery,Vilavancode,Kanyakumari
629152,Cheruvallur B.O,B.O,Delivery,Vilavancode,Kanyakumari
629152,Idaikkode S.O,S.O,Delivery,Vilavancode,Kanyakumari
629152,Ilanchirai B.O,B.O,Delivery,Vilavancode,Kanyakumari
629152,Malamary B.O,B.O,Delivery,Vilavancode,Kanyakumari
629152,Mancode B.O,B.O,Delivery,Vilavancode,Kanyakumari
629152,Meppalai B.O,B.O,Delivery,Thovala,Kanyakumari
629152,Ramavarmanchirai B.O,B.O,Delivery,Vilavancode,Kanyakumari
629152,Vellachiparai B.O,B.O,Delivery,Vilavancode,Kanyakumari
629153,Adaikkakuzhi B.O,B.O,Delivery,Vilavancode,Kanyakumari
629153,Chathancode B.O,B.O,Delivery,Vilavancode,Kanyakumari
629153,Kaliakkavilai S.O,S.O,Delivery,Vilavancode,Kanyakumari
629153,Kulapuram B.O,B.O,Delivery,Vilavancode,Kanyakumari
629153,Malayadi B.O,B.O,Delivery,Vilavancode,Kanyakumari
629153,Meenachel B.O,B.O,Delivery,Vilavancode,Kanyakumari
629153,Sooriacode B.O,B.O,Delivery,Vilavancode,Kanyakumari
629154,Kanjampuram S.O,S.O,Delivery,Vilavancode,Kanyakumari
629154,Nithiravilai B.O,B.O,Delivery,Vilavancode,Kanyakumari
629155,Kanjiracode S.O,S.O,Delivery,Vilavancode,Kanyakumari
629156,Kappiyarai S.O,S.O,Delivery,Vilavancode,Kanyakumari
629157,Karinkal S.O,S.O,Delivery,Vilavancode,Kanyakumari
629157,Mangarai B.O,B.O,Delivery,Vilavancode,Kanyakumari
629157,Mullanginavilai B.O,B.O,Delivery,Vilavancode,Kanyakumari
629157,Pottetty B.O,B.O,Delivery,Vilavancode,Kanyakumari
629157,Theruvukadai B.O,B.O,Delivery,Vilavancode,Kanyakumari
629157,Tholayavattai B.O,B.O,Delivery,Vilavancode,Kanyakumari
629158,Eravipudurkadai B.O,B.O,Non-Delivery,Kalkulam,Kanyakumari
629158,Kannanore B.O,B.O,Delivery,Kalkulam,Kanyakumari
629158,Kattathurai S.O,S.O,Delivery,Kalkulam,Kanyakumari
629158,Maruthurkurichi B.O,B.O,Delivery,Kalkulam,Kanyakumari
629159,Alanchi B.O,B.O,Delivery,Kalkulam,Kanyakumari
629159,Palapalam S.O,S.O,Delivery,Kalkulam,Kanyakumari
629159,Ritapuram B.O,B.O,Delivery,Kalkulam,Kanyakumari
629159,Sahayanagar B.O,B.O,Delivery,Kalkulam,Kanyakumari
629160,Fathima Nagar B.O,B.O,Delivery,Vilavancode,Kanyakumari
629160,Kirathur B.O,B.O,Delivery,Vilavancode,Kanyakumari
629160,Kollangodu S.O,S.O,Delivery,Vilavancode,Kanyakumari
629160,Marthandamthurai B.O,B.O,Non-Delivery,Vilavancode,Kanyakumari
629160,Palavilai B.O,B.O,Delivery,Vilavancode,Kanyakumari
629160,Urambu B.O,B.O,Non-Delivery,Vilavancode,Kanyakumari
629160,Vallavilai B.O,B.O,Delivery,Vilavancode,Kanyakumari
629161,Cherupallur B.O,B.O,Delivery,Kalkulam,Kanyakumari
629161,Chittardam Colony B.O,B.O,Delivery,Kalkulam,Kanyakumari
629161,Kulasekharam S.O,S.O,Delivery,Kalkulam,Kanyakumari
629161,Manalodai B.O,B.O,Delivery,Kalkulam,Kanyakumari
629161,Maniankuzhi B.O,B.O,Delivery,Kalkulam,Kanyakumari
629161,Pechchipparai B.O,B.O,Delivery,Kalkulam,Kanyakumari
629161,Ponmanai B.O,B.O,Delivery,Kalkulam,Kanyakumari
629161,Thiruvarambu B.O,B.O,Delivery,Kalkulam,Kanyakumari
629161,Thumbode B.O,B.O,Non-Delivery,Kalkulam,Kanyakumari
629161,Tiruparappu B.O,B.O,Delivery,Kalkulam,Kanyakumari
629161,Vendalicode B.O,B.O,Delivery,Kalkulam,Kanyakumari
629162,Irenipuram B.O,B.O,Delivery,Vilavancode,Kanyakumari
629162,Kappukadu S.O,S.O,Delivery,Vilavancode,Kanyakumari
629162,Mulankuzhi B.O,B.O,Delivery,Vilavancode,Kanyakumari
629163,Kuzhithurai S.O,S.O,Delivery,Vilavancode,Kanyakumari
629163,Kuzhithurai West S.O,S.O,Non-Delivery,Vilavancode,Kanyakumari
629163,Madichel B.O,B.O,Delivery,Vilavancode,Kanyakumari
629163,Maruthencode B.O,B.O,Delivery,Vilavancode,Kanyakumari
629163,Padanthalumoodu B.O,B.O,Delivery,Vilavancode,Kanyakumari
629163,Thiruthuvapuram B.O,B.O,Non-Delivery,Vilavancode,Kanyakumari
629163,Vanniyur B.O,B.O,Delivery,Vilavancode,Kanyakumari
629164,Kumarapuram B.O,B.O,Delivery,Kalkulam,Kanyakumari
629164,Manalikarai S.O,S.O,Delivery,Kalkulam,Kanyakumari
629164,Mukkampala B.O,B.O,Delivery,Kalkulam,Kanyakumari
629164,Velimalai B.O,B.O,Delivery,NA,Kanyakumari
629165,Gnaramvilai B.O,B.O,Non-Delivery,Vilavancode,Kanyakumari
629165,Marthandam Bridge S.O,S.O,Non-Delivery,Vilavancode,Kanyakumari
629165,Marthandam North S.O,S.O,Non-Delivery,Vilavancode,Kanyakumari
629165,Marthandam S.O,S.O,Delivery,Vilavancode,Kanyakumari
629165,Nallur-marthandam B.O,B.O,Non-Delivery,Vilavancode,Kanyakumari
629165,Nattalam B.O,B.O,Delivery,Vilavancode,Kanyakumari
629165,Viricode B.O,B.O,Delivery,Vilavancode,Kanyakumari
629166,Chemparuthivilai B.O,B.O,Delivery,Kalkulam,Kanyakumari
629166,Kallankuzhi B.O,B.O,Delivery,Kalkulam,Kanyakumari
629166,Mekkamandapam S.O,S.O,Delivery,Kalkulam,Kanyakumari
629166,Verkilambi B.O,B.O,Delivery,Kalkulam,Kanyakumari
629167,Alagiamandapam B.O,B.O,Non-Delivery,Kalkulam,Kanyakumari
629167,Kozhiporvilai B.O,B.O,Non-Delivery,Kalkulam,Kanyakumari
629167,Kuzhicode B.O,B.O,Delivery,Kalkulam,Kanyakumari
629167,Mulagumoodu S.O,S.O,Delivery,Kalkulam,Kanyakumari
629168,Anducode B.O,B.O,Delivery,Vilavancode,Kanyakumari
629168,Pacode S.O,S.O,Delivery,Vilavancode,Kanyakumari
629168,Thickurichy B.O,B.O,Delivery,Vilavancode,Kanyakumari
629169,Kanjikuzhi B.O,B.O,Delivery,Kalkulam,Kanyakumari
629169,Palliyadi S.O,S.O,Delivery,Kalkulam,Kanyakumari
629170,Alampara B.O,B.O,Delivery,Vilavancode,Kanyakumari
629170,Kannumamoodu B.O,B.O,Delivery,Vilavancode,Kanyakumari
629170,Manivilai B.O,B.O,Delivery,Vilavancode,Kanyakumari
629170,Palukal S.O,S.O,Delivery,Vilavancode,Kanyakumari
629171,Elavuvilai B.O,B.O,Delivery,Vilavancode,Kanyakumari
629171,Killiyoor B.O,B.O,Delivery,Vilavancode,Kanyakumari
629171,Munchirai B.O,B.O,Non-Delivery,Vilavancode,Kanyakumari
629171,Pudukadai S.O,S.O,Delivery,Vilavancode,Kanyakumari
629171,Vencode B.O,B.O,Delivery,Vilavancode,Kanyakumari
629172,Methukummal B.O,B.O,Delivery,Vilavancode,Kanyakumari
629172,S.T.Mankad S.O,S.O,Delivery,Vilavancode,Kanyakumari
629173,Painkulam B.O,B.O,Delivery,NA,Kanyakumari
629173,Thengapattanam S.O,S.O,Delivery,Vilavancode,Kanyakumari
629173,Vizhunthaiyambalam B.O,B.O,Delivery,Vilavancode,Kanyakumari
629174,Keralapuram B.O,B.O,Delivery,Kalkulam,Kanyakumari
629174,Thiruvithancode S.O,S.O,Delivery,Kalkulam,Kanyakumari
629175,Mettukadai S.O,S.O,Non-Delivery,Kalkulam,Kanyakumari
629175,Mulachel B.O,B.O,Non-Delivery,Kalkulam,Kanyakumari
629175,Padmanabhapuram Fort S.O,S.O,Non-Delivery,Kalkulam,Kanyakumari
629175,Puliyurkurichi B.O,B.O,Non-Delivery,Kalkulam,Kanyakumari
629175,Thuckalay H.O,H.O,Delivery,Kalkulam,Kanyakumari
629176,Poothurai B.O,B.O,Delivery,Vilavancode,Kanyakumari
629176,Thuthur S.O,S.O,Delivery,Vilavancode,Kanyakumari
629177,Aruvikkarai B.O,B.O,Delivery,Kalkulam,Kanyakumari
629177,Attur B.O,B.O,Delivery,NA,Kanyakumari
629177,Chenkody B.O,B.O,Delivery,Vilavancode,Kanyakumari
629177,Moovattumugham B.O,B.O,Delivery,Vilavancode,Kanyakumari
629177,Tiruvattar S.O,S.O,Delivery,Kalkulam,Kanyakumari
629177,Veeyannur B.O,B.O,Delivery,Kalkulam,Kanyakumari
629178,Mangalakunnu B.O,B.O,Delivery,Vilavancode,Kanyakumari
629178,Udayamarthandam S.O,S.O,Delivery,Vilavancode,Kanyakumari
629179,Unnamalakada S.O,S.O,Delivery,Vilavancode,Kanyakumari
629180,Kumaracoil B.O,B.O,Delivery,Kalkulam,Kanyakumari
629180,Madathattuvilai B.O,B.O,Non-Delivery,Kalkulam,Kanyakumari
629180,Manakarai B.O,B.O,Delivery,Kalkulam,Kanyakumari
629180,Villukuri S.O,S.O,Delivery,Kalkulam,Kanyakumari
629193,Enayam B.O,B.O,Delivery,Vilavancode,Kanyakumari
629193,Enayamputhenthurai B.O,B.O,Delivery,Vilavancode,Kanyakumari
629193,Keezhkulam S.O,S.O,Delivery,Vilavancode,Kanyakumari
629193,Ramanthurai B.O,B.O,Delivery,Vilavancode,Kanyakumari
629201,Anandanadarkudy B.O,B.O,Delivery,Agastheeswaram,Kanyakumari
629201,Asaripallam S.O,S.O,Delivery,Agastheeswaram,Kanyakumari
629201,Santhapuram B.O,B.O,Delivery,Agastheeswaram,Kanyakumari
629202,Azhikkal B.O,B.O,Delivery,Kalkulam,Kanyakumari
629202,Muttom S.O,S.O,Delivery,Kalkulam,Kanyakumari
629203,Friday Market S.O,S.O,Delivery,Kalkulam,Kanyakumari
629203,Saral Agasteeswaram B.O,B.O,Delivery,Kalkulam,Kanyakumari
629204,Ammandivilai S.O,S.O,Delivery,Kalkulam,Kanyakumari
629204,Kalpadi B.O,B.O,Delivery,Kalkulam,Kanyakumari
629251,Colachel Port S.O,S.O,Non-Delivery,Kalkulam,Kanyakumari
629251,Colachel S.O,S.O,Delivery,Kalkulam,Kanyakumari
629251,Kodimunai B.O,B.O,Delivery,Kalkulam,Kanyakumari
629251,Kurumpanai B.O,B.O,Delivery,Kalkulam,Kanyakumari
629251,Vaniyakudi B.O,B.O,Delivery,Kalkulam,Kanyakumari
629252,Azhakamparai B.O,B.O,Delivery,Kalkulam,Kanyakumari
629252,Kadiyapattanam B.O,B.O,Delivery,Kalkulam,Kanyakumari
629252,Manavalakurichi S.O,S.O,Delivery,Kalkulam,Kanyakumari
629252,Mondaikad B.O,B.O,Delivery,Kalkulam,Kanyakumari
629301,Aralvaymoli S.O,S.O,Delivery,Agastheeswaram,Kanyakumari
629301,Chenbagaramanputhur B.O,B.O,Delivery,Thovalai,Kanyakumari
629301,Kumarapuram B.O,B.O,Delivery,Agastheeswaram,Kanyakumari
629302,Madavalayam B.O,B.O,Delivery,Thovala,Kanyakumari
629302,Ramapuram B.O,B.O,Delivery,Thovala,Kanyakumari
629302,Thovalai S.O,S.O,Delivery,Thovalai,Kanyakumari
629302,Vellamadam B.O,B.O,Delivery,Thovala,Kanyakumari
629401,Anjugramam B.O,B.O,Delivery,Agastheeswaram,Kanyakumari
629401,Azhakappapuram S.O,S.O,Delivery,Agasteeswaram,Kanyakumari
629401,James Town B.O,B.O,Delivery,Agastheeswaram,Kanyakumari
629401,Kadukkarai B.O,B.O,Delivery,Thovala,Kanyakumari
629401,Keeriparai B.O,B.O,Delivery,Thovala,Kanyakumari
629401,Pottakulam B.O,B.O,Delivery,Agastheeswaram,Kanyakumari
629401,Variyoor B.O,B.O,Delivery,Agastheeswaram,Kanyakumari
629402,Eraviputhur B.O,B.O,Delivery,NA,Kanyakumari
629402,Kumarapuramthoppur B.O,B.O,Delivery,Agastheeswaram,Kanyakumari
629402,Marungoor S.O,S.O,Delivery,Agasteeswaram,Kanyakumari
629403,Kulasekharapuram B.O,B.O,Delivery,Agasteeswaram,Kanyakumari
629403,Mayiladi S.O,S.O,Delivery,Agastheeswaram,Kanyakumari
629501,Eathamozhi S.O,S.O,Delivery,Agastheeswaram,Kanyakumari
629501,Kesavanputhenthurai B.O,B.O,Delivery,Agastheeswaram,Kanyakumari
629501,Mangavilai B.O,B.O,Delivery,Agastheeswaram,Kanyakumari
629501,Monikettipottal B.O,B.O,Delivery,Agastheeswaram,Kanyakumari
629501,North Soorankudy B.O,B.O,Delivery,Agastheeswaram,Kanyakumari
629501,Pazhavilai B.O,B.O,Delivery,Agastheeswaram,Kanyakumari
629501,Pozhikkarai B.O,B.O,Delivery,Agastheeswaram,Kanyakumari
629501,Puthenthurai B.O,B.O,Delivery,Agastheeswaram,Kanyakumari
629501,Rajakkamangalamthurai B.O,B.O,Delivery,Agastheeswaram,Kanyakumari
629501,South Soorankudy B.O,B.O,Delivery,Agastheeswaram,Kanyakumari
629502,Ganapathipuram S.O,S.O,Delivery,Agastheeswaram,Kanyakumari
629502,Rajakkamangalam B.O,B.O,Delivery,Agastheeswaram,Kanyakumari
629601,Melakrishnanputhur B.O,B.O,Delivery,Agastheeswaram,Kanyakumari
629601,Pallam B.O,B.O,Delivery,Agastheeswaram,Kanyakumari
629601,Parakkai S.O,S.O,Delivery,Agasteeswaram,Kanyakumari
629602,Melamanakudy B.O,B.O,Delivery,Agastheeswaram,Kanyakumari
629602,Puthalam S.O,S.O,Delivery,Agastheeswaram,Kanyakumari
629602,Thengamputhur B.O,B.O,Delivery,Agasteeswaram,Kanyakumari
629701,Agasteeswaram S.O,S.O,Delivery,Agastheeswaram,Kanyakumari
629701,Therku Thamaraikulam B.O,B.O,Delivery,Agastheeswaram,Kanyakumari
629702,Kanniyakumari S.O,S.O,Delivery,Agasteeswaram,Kanyakumari
629702,Kovalam B.O,B.O,Delivery,Agastheeswaram,Kanyakumari
629702,Leepuram B.O,B.O,Delivery,Agastheeswaram,Kanyakumari
629702,Mahadanapuram B.O,B.O,Delivery,Agastheeswaram,Kanyakumari
629702,Vivekanandapuram B.O,B.O,Non-Delivery,Agastheeswaram,Kanyakumari
629703,Kottaram S.O,S.O,Delivery,Agastheeswaram,Kanyakumari
629703,Potraiyadi B.O,B.O,Delivery,Agastheeswaram,Kanyakumari
629703,Santhaiyadi B.O,B.O,Delivery,Agastheeswaram,Kanyakumari
629704,Asiramam B.O,B.O,Non-Delivery,Agastheeswaram,Kanyakumari
629704,Devakulam B.O,B.O,Delivery,Agastheeswaram,Kanyakumari
629704,Nallur B.O,B.O,Delivery,Agastheeswaram,Kanyakumari
629704,Sasthankcoilvilai B.O,B.O,Delivery,Agastheeswaram,Kanyakumari
629704,Suchindrum S.O,S.O,Delivery,Agasteeswaram,Kanyakumari
629704,Terur B.O,B.O,Delivery,Agasteeswaram,Kanyakumari
629704,Thamaraikulam B.O,B.O,Delivery,Agasteeswaram,Kanyakumari
629704,Vazhukkamparai B.O,B.O,Non-Delivery,Agastheeswaram,Kanyakumari
629801,Aloor S.O,S.O,Delivery,Agastheeswaram,Kanyakumari
629801,Kattimancode B.O,B.O,Delivery,Kalkulam,Kanyakumari
629801,Vembanur B.O,B.O,Delivery,Kalkulam,Kanyakumari
629802,Alancode B.O,B.O,Delivery,Kalkulam,Kanyakumari
629802,Kallukoottam B.O,B.O,Delivery,Kalkulam,Kanyakumari
629802,Kannattuvilai B.O,B.O,Delivery,Kalkulam,Kanyakumari
629802,Kurunthencode B.O,B.O,Delivery,Kalkulam,Kanyakumari
629802,Lekshmipuram B.O,B.O,Delivery,Kalkulam,Kanyakumari
629802,Neyyoor S.O,S.O,Delivery,Kalkulam,Kanyakumari
629802,Thalakulam B.O,B.O,Delivery,Kalkulam,Kanyakumari
629803,Bethelpuram B.O,B.O,Delivery,Kalkulam,Kanyakumari
629803,Konamkadu B.O,B.O,Delivery,Kalkulam,Kanyakumari
629803,Neyyoor West S.O,S.O,Delivery,Kalkulam,Kanyakumari
629804,Chemponvilai B.O,B.O,Delivery,Kalkulam,Kanyakumari
629804,Mekkode B.O,B.O,Delivery,Kalkulam,Kanyakumari
629804,Thickanamcode S.O,S.O,Delivery,Kalkulam,Kanyakumari
629809,Karankad S.O,S.O,Delivery,Kalkulam,Kanyakumari
629809,Peyankuzhi B.O,B.O,Delivery,Kalkulam,Kanyakumari
629810,Kandanvilai S.O,S.O,Delivery,Kalkulam,Kanyakumari
629851,Andirapuram B.O,B.O,Delivery,Agastheeswaram,Kanyakumari
629851,Arumanallur B.O,B.O,Delivery,Thovalai,Kanyakumari
629851,Azhakiapandipuram S.O,S.O,Delivery,Thovalai,Kanyakumari
629851,Derisanamcope B.O,B.O,Non-Delivery,Thovalai,Kanyakumari
629851,Maramalai B.O,B.O,Delivery,Thovala,Kanyakumari
629851,Palkulam B.O,B.O,Delivery,Thovala,Kanyakumari
629851,Ratnapuram B.O,B.O,Delivery,Thovala,Kanyakumari
629851,Thadikarankonam B.O,B.O,Delivery,Thovala,Kanyakumari
629852,Bhoothapandy S.O,S.O,Delivery,Thovala,Kanyakumari
629852,Isanthimangalam B.O,B.O,Delivery,Thovalai,Kanyakumari
629852,Mathiasnagar B.O,B.O,Delivery,Thovala,Kanyakumari
629852,Tittivilai B.O,B.O,Non-Delivery,Thovala,Kanyakumari
629901,Erachakulam B.O,B.O,Delivery,Thovalai,Kanyakumari
629901,Thazhakudy S.O,S.O,Delivery,Thovala,Kanyakumari
629901,Therekalpudur B.O,B.O,Delivery,Thovala,Kanyakumari
629901,Thirupathisaram B.O,B.O,Delivery,Thovalai,Kanyakumari
630001,Kallukatti S.O,S.O,Non-Delivery,Karaikudi,Sivaganga
630001,Karaikudi Angadi B.O,B.O,Non-Delivery,Karaikudi,Sivaganga
630001,Karaikudi H.O,H.O,Delivery,Karaikudi,Sivaganga
630001,Muthupatnam S.O,S.O,Non-Delivery,Karaikudi,Sivaganga
630001,Senjai S.O,S.O,Non-Delivery,Karaikudi,Sivaganga
630002,Karaikudi Southstreet S.O,S.O,Non-Delivery,Karaikudi,Sivaganga
630002,Sekkalai S.O,S.O,Delivery,Karaikudi,Sivaganga
630003,Ae.College S.O,S.O,Non-Delivery,Karaikudi,Sivaganga
630003,Alagappapuram S.O,S.O,Delivery,Karaikudi,Sivaganga
630003,Cecri Campus S.O,S.O,Non-Delivery,Karaikudi,Sivaganga
630005,Devakottai Road S.O,S.O,Delivery,Devakottai,Sivaganga
630101,Attangudi S.O,S.O,Delivery,Karaikudi,Sivaganga
630101,Chockalingampudur B.O,B.O,Delivery,Karaikudi,Sivaganga
630102,Chettinad S.O,S.O,Delivery,Karaikudi,Sivaganga
630103,Kanadukathan S.O,S.O,Delivery,Karaikudi,Sivaganga
630103,Nemathanpatti B.O,B.O,Delivery,Karaikudi-sakkottai Block,Sivaganga
630104,Kandanur S.O,S.O,Delivery,Karaikudi,Sivaganga
630104,Kandanurperumalkoil B.O,B.O,Non-Delivery,Karaikudi-sakkottai Block,Sivaganga
630105,Kothamangalam S.O (Sivaganga),S.O,Delivery,Karaikudi,Sivaganga
630105,Lakshmipuram B.O,B.O,Delivery,Karaikudi-sakkottai Block,Sivaganga
630106,K.Alagapuri B.O,B.O,Delivery,Karaikudi -sakkottai Block,Sivaganga
630106,Kottaiyur S.O,S.O,Delivery,Karaikudi,Sivaganga
630107,Ac.School B.O,B.O,Non-Delivery,Karaikudi-sakkottai Block,Sivaganga
630107,Pallattur S.O,S.O,Delivery,Karaikudi,Sivaganga
630107,Vadagudi B.O,B.O,Delivery,Karaikudi--sakkottai Block,Sivaganga
630108,Jayankondan B.O,B.O,Delivery,Karaikudi-sakkottaiblock,Sivaganga
630108,Mitravayal B.O,B.O,Delivery,Karaikudi-sakkottaiblock,Sivaganga
630108,Peerkalaikadu B.O,B.O,Delivery,Karaikkudi,Sivaganga
630108,Periakottai B.O,B.O,Delivery,Karaikudi-sakkottaiblock,Sivaganga
630108,Puduvayal S.O,S.O,Delivery,Karaikudi,Sivaganga
630108,Sakkavayal B.O,B.O,Delivery,Karaikudi-sakkottaiblock,Sivaganga
630108,Sakkottai B.O,B.O,Delivery,Karaikudi-sakkottaiblock,Sivaganga
630108,Sithivayal B.O,B.O,Delivery,Karaikudi-sakkottaiblock,Sivaganga
630201,A.Thekkur S.O,S.O,Delivery,Tiruppathur,Sivaganga
630201,Vanjinipatti B.O,B.O,Delivery,Tiruppattur,Sivaganga
630202,Ariyakudi S.O,S.O,Delivery,Karaikudi,Sivaganga
630202,Illuppakudi B.O,B.O,Delivery,Karaikudi,Sivaganga
630202,Unjanai B.O,B.O,Delivery,Karaikudi,Sivaganga
630203,Kandavarayanpatti S.O,S.O,Delivery,Tirupattur,Sivaganga
630203,Mahibalanpatti B.O,B.O,Delivery,Tirupattur,Sivaganga
630203,Vaiyakalathur B.O,B.O,Delivery,Tirupattur,Sivaganga
630203,Velangudi B.O,B.O,Delivery,Tirupattur,Sivaganga
630204,Kandramanickam S.O,S.O,Delivery,Tirupattur,Sivaganga
630204,Naduvikottai B.O,B.O,Delivery,Tirupathur,Sivaganga
630204,P.Karungulam B.O,B.O,Delivery,Tirupattur,Sivaganga
630204,Pattamangalam B.O,B.O,Delivery,Tirupattur,Sivaganga
630205,Avanipatti B.O,B.O,Delivery,Tiruppattur,Sivaganga
630205,Ilayathakudi B.O,B.O,Delivery,Tiruppattur,Sivaganga
630205,Kilasevalpatti S.O,S.O,Delivery,Tiruppattur,Sivaganga
630206,Koratti B.O,B.O,Delivery,Karaikudi-kallal Block,Sivaganga
630206,Kunnakudi S.O,S.O,Delivery,Karaikudi-kallal Block,Sivaganga
630207,Athikaram B.O,B.O,Delivery,Tiruppattur,Sivaganga
630207,Kambanur B.O,B.O,Non-Delivery,Tiruppattur,Sivaganga
630207,Nachiapuram S.O,S.O,Delivery,Tiruppattur,Sivaganga
630207,Pillayarpatti B.O,B.O,Delivery,Tiruppattur,Sivaganga
630207,Siravayal B.O,B.O,Delivery,Tiruppattur- Kallal Block,Sivaganga
630208,O.Siruvayal S.O,S.O,Delivery,Tiruppattur,Sivaganga
630208,Palavangudi B.O,B.O,Delivery,Tiruppattur,Sivaganga
630210,Bhramanampatti B.O,B.O,Delivery,Sivaganga,Sivaganga
630210,Kattambur B.O,B.O,Delivery,Sivaganga,Sivaganga
630210,M.Pudur B.O,B.O,Delivery,Sivaganga,Sivaganga
630210,Tirukoshtiyur S.O,S.O,Delivery,Tirupattur,Sivaganga
630211,Alampatti B.O,B.O,Delivery,Tirupattur,Sivaganga
630211,Arumuganagar B.O,B.O,Non-Delivery,Tirupathur,Sivaganga
630211,Ayyapatti B.O,B.O,Delivery,Tirupattur,Sivaganga
630211,Karaiyur B.O,B.O,Delivery,Tirupattur,Sivaganga
630211,Kottaiyiruppu B.O,B.O,Delivery,Tirupattur,Sivaganga
630211,Nedumaram B.O,B.O,Delivery,Tirupattur,Sivaganga
630211,Ranasingapuram B.O,B.O,Delivery,Tirupattur,Sivaganga
630211,S.S.Kottai B.O,B.O,Delivery,Tirupattur,Sivaganga
630211,Sevalpatti B.O,B.O,Delivery,Tirupattur,Sivaganga
630211,Sm Hospital S.O,S.O,Non-Delivery,Tirupathur,Sivaganga
630211,T.Pudupatti B.O,B.O,Delivery,Tirupattur,Sivaganga
630211,Tirukalapatti B.O,B.O,Delivery,Tirupattur,Sivaganga
630211,Tirupattur Bus Stand S.O,S.O,Non-Delivery,Tirupattur,Sivaganga
630211,Tirupattur S.O,S.O,Delivery,Tirupattur,Sivaganga
630212,Iraniyur B.O,B.O,Delivery,Tiruppattur,Sivaganga
630212,Sirukudalpatti B.O,B.O,Delivery,Tiruppattur,Sivaganga
630212,Viramathi S.O,S.O,Delivery,Tiruppattur,Sivaganga
630301,Amaravathipudur S.O,S.O,Delivery,Devakottai,Sivaganga
630302,Devakottai H.O,H.O,Delivery,Devakottai,Sivaganga
630302,Devakottai Palace S.O,S.O,Non-Delivery,Devakottai,Sivaganga
630302,Devakottai South S.O,S.O,Non-Delivery,Devakottai,Sivaganga
630302,Devakottai West S.O,S.O,Non-Delivery,Devakottai,Sivaganga
630302,Karuthavoorani B.O,B.O,Non-Delivery,Devakottai,Sivaganga
630302,Silambani B.O,B.O,Non-Delivery,Devakottai,Sivaganga
630303,Arakottai B.O,B.O,Delivery,Devakottai,Sivaganga
630303,Devakottai Extension S.O,S.O,Delivery,Devakottai,Sivaganga
630303,Eluvankottai B.O,B.O,Delivery,Devakottai,Sivaganga
630303,Hanumanthagudi B.O,B.O,Delivery,Devakottai,Sivaganga
630303,Kannangudi B.O,B.O,Delivery,Devakottai,Sivaganga
630303,Maviduthikottai B.O,B.O,Delivery,Devakottai,Sivaganga
630303,Teralapur B.O,B.O,Delivery,Devakottai,Sivaganga
630303,Tiruppakottai B.O,B.O,Delivery,Devakottai,Sivaganga
630303,Vengalore B.O,B.O,Delivery,Devakottai,Sivaganga
630305,A.Siruvayal B.O,B.O,Delivery,Devakottai,Sivaganga
630305,Kallal S.O,S.O,Delivery,Karaikudi,Sivaganga
630305,Kilapungudi B.O,B.O,Delivery,Devakottai,Sivaganga
630305,Kurunthampattu B.O,B.O,Delivery,Devakottai,Sivaganga
630305,Padathanpatti B.O,B.O,Delivery,Devakottai,Sivaganga
630305,Pilar B.O,B.O,Delivery,Devakottai,Sivaganga
630305,Sevarakottai B.O,B.O,Delivery,Devakottai,Sivaganga
630305,Veppangulam B.O,B.O,Delivery,Devakottai,Sivaganga
630306,Kallupatti S.O (Sivaganga),S.O,Delivery,Devakottai,Sivaganga
630306,Visalayankottai B.O,B.O,Delivery,Devakottai,Sivaganga
630307,Alangudi B.O,B.O,Delivery,Karaikudi-kallal Block,Sivaganga
630307,Kovilur B.O,B.O,Non-Delivery,Karaikudi-kallalblock,Sivaganga
630307,Kuthalur B.O,B.O,Delivery,Karaikudi-kallal Block,Sivaganga
630307,Managiri S.O,S.O,Delivery,Karaikudi-kallal Block,Sivaganga
630307,Patharakudi B.O,B.O,Delivery,Karaikudi -kallal Block,Sivaganga
630309,Dharmapatti B.O,B.O,Delivery,Tiruppattur-singampunariblock,Sivaganga
630309,Karisalpatti B.O,B.O,Delivery,Tiruppattur-singampunari Block,Sivaganga
630309,Musundapatti B.O,B.O,Delivery,Tiruppattur-,Sivaganga
630309,Piranpatti B.O,B.O,Delivery,Tiruppattur-singampunariblock,Sivaganga
630309,Pulidipatti S.O,S.O,Delivery,Tiruppattur-singampunari Block,Sivaganga
630311,Pavanakottai B.O,B.O,Delivery,Devakottai,Sivaganga
630311,Periyakarai S.O,S.O,Delivery,Devakottai,Sivaganga
630311,Velayuthapattinam B.O,B.O,Delivery,Devakottai,Sivaganga
630312,Kiliyur B.O,B.O,Delivery,Devakottai,Sivaganga
630312,Neivayal B.O,B.O,Delivery,Devakottai,Ramanathapuram
630312,Puliyal S.O,S.O,Delivery,Devakottai,Sivaganga
630312,T.Nagani B.O,B.O,Delivery,Devakottai,Ramanathapuram
630312,Thidakottai B.O,B.O,Delivery,Devakottai,Sivaganga
630313,Chockanathapuram B.O,B.O,Delivery,Devakottai,Sivaganga
630313,Keelakottai B.O,B.O,Delivery,Devakottai,Sivaganga
630313,Sembanur S.O,S.O,Delivery,Karaikudi,Sivaganga
630314,Kandadevi B.O,B.O,Delivery,Devakottai,Sivaganga
630314,Shanmuganathapuram S.O,S.O,Delivery,Devakottai,Sivaganga
630321,A.Karungulam B.O,B.O,Delivery,Karaikudi,Sivaganga
630321,Vethiyur S.O,S.O,Delivery,Devakottai,Sivaganga
630405,Konnathanpatti B.O,B.O,Delivery,Tiruppattur,Sivaganga
630405,Nerkuppai S.O,S.O,Delivery,Tiruppattur,Sivaganga
630405,Pulankurichi B.O,B.O,Delivery,Tiruppattur,Sivaganga
630405,Sevvur B.O,B.O,Delivery,Tiruppattur,Sivaganga
630405,Tirukolakudi B.O,B.O,Delivery,Tiruppattur,Sivaganga
630405,Tuvar B.O,B.O,Delivery,Tiruppattur,Sivaganga
630408,Kavathugudi B.O,B.O,Delivery,Devakottai,Sivaganga
630408,Keelauchani B.O,B.O,Delivery,Devakottai,Sivaganga
630408,Sekkakudi B.O,B.O,Delivery,Devakottai,Sivaganga
630408,Tiruvegampet S.O,S.O,Delivery,Devakottai,Sivaganga
630408,Vilangattur B.O,B.O,Delivery,Devakottai,Sivaganga
630410,Kattukudipatti B.O,B.O,Delivery,Tiruppattur-singampunariblock,Sivaganga
630410,Kilavayal B.O,B.O,Delivery,Tiruppattur-singampunariblock,Sivaganga
630410,Mandakudipatti B.O,B.O,Delivery,Tiruppattur,Sivaganga
630410,Neduvayal B.O,B.O,Delivery,Tiruppattur,Sivaganga
630410,Tiruvalandur B.O,B.O,Delivery,Tiruppattur-singampunariblock,Sivaganga
630410,Ulagampatti S.O,S.O,Delivery,Tiruppattur,Sivaganga
630410,V.Pudur B.O,B.O,Delivery,Tiruppattur-singamounariblock,Sivaganga
630410,Varapur B.O,B.O,Delivery,Tiruppattur -singsmpunariblock,Sivaganga
630411,Kumaravelur B.O,B.O,Delivery,Devakottai,Sivaganga
630411,Puliyadithamam B.O,B.O,Delivery,Devakottai,Sivaganga
630411,S.N Pattinam B.O,B.O,Delivery,Devakottai,Sivaganga
630411,Sarakeni S.O,S.O,Delivery,Devakottai,Sivaganga
630411,Sokkananthapuram B.O,B.O,Delivery,Devakottai,Sivaganga
630411,Thirani B.O,B.O,Delivery,Devakottai,Sivaganga
630411,Uruvati B.O,B.O,Delivery,Devakottai,Sivaganga
630501,CVmangalam S.O,S.O,Delivery,Singampunari Block,Sivaganga
630501,Kalapur B.O,B.O,Delivery,Tiruppattur-singampunari Block,Sivaganga
630501,Kallampatti B.O,B.O,Delivery,Tiruppattur-singampunari Block,Sivaganga
630501,Muraiyur B.O,B.O,Delivery,Singampunari Block,Sivaganga
630501,Surakudi B.O,B.O,Delivery,Tiruppattur-singampunariblock,Sivaganga
630501,Vaiyapuripatti B.O,B.O,Delivery,Tirppattur-singamounari Block,Sivaganga
630502,Kannamangalapatti B.O,B.O,Delivery,Tiruppattur-singampunariblock,Sivaganga
630502,Kirungakottai B.O,B.O,Delivery,Tiruppattur-singampunariblock,Sivaganga
630502,Melapatti B.O,B.O,Delivery,Tiruppattur-singampunariblock,Sivaganga
630502,Piranmalai B.O,B.O,Delivery,Tiruppattur-singampunariblock,Sivaganga
630502,Singampunari S.O,S.O,Delivery,Tiruppattur,Sivaganga
630502,Vengaipatti B.O,B.O,Delivery,Tiruppattur-singampunariblock,Sivaganga
630551,Andichoorani B.O,B.O,Delivery,Sivaganga,Sivaganga
630551,K.Sukkanurani B.O,B.O,Delivery,Sivaganga,Sivaganga
630551,Kalayarkoil S.O,S.O,Delivery,Sivaganga,Sivaganga
630551,Marakathur B.O,B.O,Delivery,Sivaganga,Sivaganga
630551,Marathur B.O,B.O,Delivery,Sivaganga,Sivaganga
630551,Mudikarai B.O,B.O,Delivery,Sivaganga,Sivaganga
630551,Pallithammam B.O,B.O,Delivery,Sivaganga,Sivaganga
630551,Paruthikanmoi B.O,B.O,Delivery,Sivaganga,Sivaganga
630551,Pulikanmoi B.O,B.O,Delivery,Sivaganga,Sivaganga
630551,Thuvaralankanmoi B.O,B.O,Delivery,Sivaganga,Sivaganga
630552,Kilapungudi S.O,S.O,Delivery,Sivaganga,Sivaganga
630552,Tirumalaikoneripatti B.O,B.O,Delivery,Sivaganga,Sivaganga
630553,Alagamanagiri B.O,B.O,Delivery,Sivaganga,Sivaganga
630553,Alavakottai B.O,B.O,Delivery,Sivaganga,Sivaganga
630553,Kattanipatti B.O,B.O,Delivery,Sivaganga,Sivaganga
630553,Madagupatti S.O,S.O,Delivery,Sivaganga,Sivaganga
630553,Namanur B.O,B.O,Delivery,Sivaganga,Sivaganga
630554,Mangalam S.O (Sivaganga),S.O,Delivery,Sivaganga,Sivaganga
630554,Melamarungur B.O,B.O,Delivery,Sivaganga,Sivaganga
630554,Pahaianchan B.O,B.O,Delivery,Sivaganga,Sivaganga
630554,Silukkapatti B.O,B.O,Delivery,Sivaganga,Sivaganga
630554,Siramam B.O,B.O,Delivery,Sivaganga,Sivaganga
630554,Usilangulam B.O,B.O,Delivery,Sivaganga,Sivaganga
630554,Velarendal B.O,B.O,Delivery,Sivaganga,Sivaganga
630555,Kalakanmoi B.O,B.O,Delivery,Sivaganga,Sivaganga
630555,Natarajapuram S.O (Sivaganga),S.O,Delivery,Sivaganga,Sivaganga
630555,Satharasanpatti B.O,B.O,Delivery,Sivaganga,Sivaganga
630555,Sengulipatti B.O,B.O,Delivery,Sivaganga,Sivaganga
630556,Alagapuri B.O,B.O,Delivery,Sivaganga,Sivaganga
630556,Muthur B.O,B.O,Delivery,Sivaganga,Sivaganga
630556,Nattarasankottai S.O,S.O,Delivery,Sivaganga,Sivaganga
630556,Panangudi B.O,B.O,Delivery,Sivaganga,Sivaganga
630556,Pannangudi B.O,B.O,Delivery,Sivaganga,Sivaganga
630556,Vittaneri B.O,B.O,Delivery,Sivaganga,Sivaganga
630557,Kalayarmangalam B.O,B.O,Delivery,Sivaganga,Sivaganga
630557,Nalukottai B.O,B.O,Delivery,Sivaganga,Sivaganga
630557,Okkur S.O,S.O,Delivery,Sivaganga,Sivaganga
630557,Sholapuram B.O,B.O,Delivery,Sivaganga,Sivaganga
630558,Nagarampatti B.O,B.O,Delivery,Sivaganga,Sivaganga
630558,Paganeri S.O,S.O,Delivery,Sivaganga,Sivaganga
630559,Kallurani B.O,B.O,Delivery,Sivaganga,Sivaganga
630559,Mutharasan B.O,B.O,Delivery,Sivaganga,Sivaganga
630559,Periakottai S.O,S.O,Delivery,Sivaganga,Sivaganga
630559,Vembattur B.O,B.O,Delivery,Manamadurai,Sivaganga
630561,Bosenagar S.O (Sivaganga),S.O,Non-Delivery,Sivaganga,Sivaganga
630561,Jawahar Bazaar S.O,S.O,Non-Delivery,Sivaganga,Sivaganga
630561,Sivaganga Courts S.O,S.O,Non-Delivery,Sivaganga,Sivaganga
630561,Sivaganga H.O,H.O,Delivery,Sivaganga,Sivaganga
630561,Sivaganga North S.O,S.O,Non-Delivery,Sivaganga,Sivaganga
630562,Athapadakki B.O,B.O,Delivery,Sivaganga,Sivaganga
630562,Enathi B.O,B.O,Delivery,Sivaganga,Sivaganga
630562,Idayamelur B.O,B.O,Delivery,Sivaganga,Sivaganga
630562,Kanakkangudi B.O,B.O,Delivery,Sivaganga,Sivaganga
630562,Kandangipatti B.O,B.O,Delivery,Sivaganga,Sivaganga
630562,Kandani B.O,B.O,Delivery,Sivaganga,Sivaganga
630562,Kanjirangal B.O,B.O,Delivery,Sivaganga,Sivaganga
630562,Koothandam B.O,B.O,Delivery,Sivaganga,Sivaganga
630562,Malampatti B.O,B.O,Delivery,Sivaganga,Sivaganga
630562,Mudikandam B.O,B.O,Delivery,Sivaganga,Sivaganga
630562,Muthupatti B.O,B.O,Delivery,Sivaganga,Sivaganga
630562,Padamathur B.O,B.O,Delivery,Sivaganga,Sivaganga
630562,Periyakannanur B.O,B.O,Delivery,Sivaganga,Sivaganga
630562,Pillur B.O,B.O,Delivery,Sivaganga,Sivaganga
630562,Sakkandhi B.O,B.O,Delivery,Sivaganga,Sivaganga
630562,Salur B.O,B.O,Delivery,Sivaganga,Sivaganga
630562,Satharasankottai B.O,B.O,Delivery,Sivaganga,Sivaganga
630562,Sivaganga Collectorate S.O,S.O,Delivery,Sivaganga,Sivaganga
630562,Surakulam Pudukottai B.O,B.O,Delivery,Sivaganga,Sivaganga
630562,Tamarakki B.O,B.O,Delivery,Sivaganga,Sivaganga
630562,Tirumanjolai B.O,B.O,Delivery,Sivaganga,Sivaganga
630566,Aralikottai B.O,B.O,Delivery,Tirupattur,Sivaganga
630566,Eriyur S.O,S.O,Delivery,Tirupattur,Sivaganga
630566,Mallakottai B.O,B.O,Delivery,Tirupattur,Sivaganga
630602,Idaikattur S.O,S.O,Delivery,Manamadurai,Sivaganga
630602,Muthanendhal B.O,B.O,Delivery,Manamadurai,Sivaganga
630606,Kannar Street S.O,S.O,Non-Delivery,Manamadurai,Sivaganga
630606,Manamadurai H.O,H.O,Delivery,Manamadurai,Sivaganga
630606,Manamadurai RS S.O,S.O,Non-Delivery,Manamadurai,Sivaganga
630606,Manamadurai Town S.O,S.O,Non-Delivery,Manamadurai,Sivaganga
630609,Chinnakannanur B.O,B.O,Delivery,Manamadurai,Sivaganga
630609,Kattikulam B.O,B.O,Delivery,Manamadurai,Sivaganga
630609,Kilamelgudi B.O,B.O,Delivery,Manamadurai,Sivaganga
630609,Kilapasalai B.O,B.O,Delivery,Manamadurai,Sivaganga
630609,Melapasalai B.O,B.O,Delivery,Manamadurai,Sivaganga
630609,Melapidavur B.O,B.O,Delivery,Manamadurai,Sivaganga
630609,Milaganoor B.O,B.O,Delivery,Manamadurai,Sivaganga
630609,Rajagambiram S.O,S.O,Delivery,Manamadurai,Sivaganga
630609,S.Karaikudi B.O,B.O,Delivery,Manamadurai,Sivaganga
630609,Saveriarpattinam B.O,B.O,Delivery,Manamadurai,Sivaganga
630609,Seikalathur B.O,B.O,Delivery,Manamadurai,Sivaganga
630610,Kanur B.O,B.O,Delivery,Manamadurai,Sivaganga
630610,Kattanur B.O,B.O,Delivery,Manamadurai,Sivaganga
630610,Kothangulam B.O,B.O,Delivery,Manamadurai,Sivaganga
630610,Maranadu B.O,B.O,Delivery,Manamadurai,Sivaganga
630610,Palayanur B.O,B.O,Delivery,Manamadurai,Sivaganga
630610,Thanjakur B.O,B.O,Delivery,Manamadurai,Sivaganga
630610,Tiruppachetti S.O,S.O,Delivery,Manamadurai,Sivaganga
630610,Uluthimadai B.O,B.O,Delivery,Manamadurai,Sivaganga
630610,Vellikurichi B.O,B.O,Delivery,Manamadurai,Sivaganga
630611,A.Mukkulam B.O,B.O,Delivery,Manamadurai,Sivaganga
630611,Allinagaram B.O,B.O,Delivery,Manamadurai,Sivaganga
630611,Kalugarkadai B.O,B.O,Delivery,Manamadurai,Sivaganga
630611,Ladanendal B.O,B.O,Delivery,Manamadurai,Sivaganga
630611,Manalur B.O,B.O,Delivery,Manamadurai,Sivaganga
630611,Melarangiam B.O,B.O,Delivery,Manamadurai,Sivaganga
630611,Piramanur B.O,B.O,Delivery,Manamadurai,Sivaganga
630611,Poovanthi B.O,B.O,Delivery,Manamadurai,Sivaganga
630611,Pulvoikarai B.O,B.O,Delivery,Manamadurai,Sivaganga
630611,Tiruppuvanam Pudur S.O,S.O,Non-Delivery,Manamadurai,Sivaganga
630611,Tiruppuvanam S.O,S.O,Delivery,Manamadurai,Sivaganga
630611,Valacheri B.O,B.O,Delivery,Manamadurai,Sivaganga
630612,Ambalathadi B.O,B.O,Delivery,Manamadurai,Sivaganga
630612,Keeladi B.O,B.O,Delivery,Manamadurai,Sivaganga
630612,Konthagai North B.O,B.O,Delivery,Manamadurai,Sivaganga
630612,Pottapalayam S.O,S.O,Delivery,Tiruppuvanam,Sivaganga
630702,Ariyandipuram B.O,B.O,Delivery,Ilayangudi,Sivaganga
630702,Ilayangudi S.O,S.O,Delivery,Ilayangudi,Sivaganga
630702,Ilayangudi West S.O,S.O,Non-Delivery,Ilayangudi,Sivaganga
630702,Karunchutti B.O,B.O,Delivery,Ilayangudi,Sivaganga
630702,Keelayur B.O,B.O,Delivery,Ilayangudi,Sivaganga
630702,Kottaiyur B.O,B.O,Delivery,Ilayangudi,Sivaganga
630702,Melayur B.O,B.O,Delivery,Ilayangudi,Sivaganga
630702,Nettur B.O,B.O,Delivery,Ilayangudi,Sivaganga
630702,North Andakudi B.O,B.O,Delivery,Ilayangudi,Sivaganga
630702,Uthamanoor B.O,B.O,Delivery,Ilayangudi,Sivaganga
630709,Indankulam B.O,B.O,Delivery,Ilayangudi,Sivaganga
630709,Kannamangalam B.O,B.O,Delivery,Ilayangudi,Sivaganga
630709,Melaseithur B.O,B.O,Delivery,Ilayangudi,Sivaganga
630709,Nagamuguthangudi B.O,B.O,Delivery,Ilayangudi,Sivaganga
630709,Pudur Ilayangudi S.O,S.O,Delivery,Ilayangudi,Sivaganga
630709,Sathani B.O,B.O,Delivery,Ilayangudi,Sivaganga
630709,Sothugudi B.O,B.O,Delivery,Ilayangudi,Sivaganga
630709,Thayamangalam B.O,B.O,Delivery,Ilayangudi,Sivaganga
630710,Kalagathankottai B.O,B.O,Delivery,Ilayangudi,Sivaganga
630710,Muthur B.O,B.O,Delivery,Ilayangudi,Sivaganga
630710,Salaigramam S.O,S.O,Delivery,Ilayangudi,Sivaganga
630710,Samudram B.O,B.O,Delivery,Ilayangudi,Sivaganga
630710,Sathanur B.O,B.O,Delivery,Ilayangudi,Sivaganga
630710,Thogavur B.O,B.O,Delivery,Ilayangudi,Sivaganga
630710,Vandal B.O,B.O,Delivery,Ilayangudi,Sivaganga
630713,Akkavayal B.O,B.O,Delivery,Ilayangudi,Sivaganga
630713,Alavidangan B.O,B.O,Delivery,Ilayangudi,Sivaganga
630713,Rajani B.O,B.O,Delivery,Ilayangudi,Sivaganga
630713,Sakkur B.O,B.O,Delivery,Ilayangudi,Sivaganga
630713,Suranam S.O,S.O,Delivery,Ilayangudi,Sivaganga
630713,Viswanoor B.O,B.O,Delivery,Ilayangudi,Sivaganga
631001,Arakkonam H.O,H.O,Delivery,Arakkonam,Vellore
631001,Ashoknagar S.O (Vellore),S.O,Non-Delivery,Arakonam,Vellore
631002,Ammanur B.O,B.O,Delivery,Arakkonam,Vellore
631002,Kilandurai B.O,B.O,Delivery,Arakkonam,Vellore
631002,Nagavedu B.O,B.O,Delivery,Arakkonam,Vellore
631002,Palanipet S.O,S.O,Delivery,Arakonam,Vellore
631002,Parithiputhur B.O,B.O,Delivery,Arakkonam,Vellore
631002,Perumuchi B.O,B.O,Delivery,Arakkonam,Vellore
631002,Sirunamalli B.O,B.O,Delivery,Arakkonam,Vellore
631003,Anaipakkam B.O,B.O,Delivery,Arakkonam,Vellore
631003,Chitteri B.O,B.O,Delivery,Arakkonam,Vellore
631003,Ichiputhur B.O,B.O,Delivery,Arakkonam,Vellore
631003,Jothinagar S.O,S.O,Delivery,Arakonam,Vellore
631003,Kainoor B.O,B.O,Delivery,Arakkonam,Vellore
631003,Kilandur B.O,B.O,Delivery,Arakkonam,Vellore
631003,Kilpakkam B.O,B.O,Delivery,Arakkonam,Vellore
631003,Kumpinipet B.O,B.O,Delivery,Arakkonam,Vellore
631003,Mudur B.O,B.O,Delivery,Arakkonam,Vellore
631003,Perungalathur B.O,B.O,Delivery,Arakkonam,Vellore
631003,Thanigaipolur B.O,B.O,Delivery,Arakonam,Vellore
631003,Vadamambakkam B.O,B.O,Delivery,Arakkonam,Vellore
631003,Valaikulam B.O,B.O,Delivery,Arakkonam,Vellore
631004,Ekhunagar S.O,S.O,Delivery,Arakonam,Vellore
631004,Kavanur B.O,B.O,Delivery,Arakkonam,Vellore
631004,Kilkuppam B.O,B.O,Delivery,Arakkonam,Vellore
631004,Mosur B.O,B.O,Delivery,Arakkonam,Vellore
631004,Puliyamangalam B.O,B.O,Delivery,Arakkonam,Vellore
631004,Seyyoor B.O,B.O,Delivery,Arakkonam,Vellore
631005,Winterpet S.O,S.O,Delivery,Arakonam,Vellore
631006,Ins Rajali S.O,S.O,Delivery,Arakonam,Vellore
631051,Attupakkam B.O,B.O,Delivery,Arakkonam,Vellore
631051,Ganapathipuram B.O,B.O,Delivery,Arakkonam,Vellore
631051,Kilvenkatapuram B.O,B.O,Delivery,Arakkonam,Vellore
631051,Namali S.O,S.O,Delivery,Arakkonam,Vellore
631051,Pallur B.O,B.O,Delivery,Arakkonam,Vellore
631051,Sayanavaram B.O,B.O,Delivery,Arakonam,Vellore
631051,Sendamangalam B.O,B.O,Delivery,Arakkonam,Vellore
631051,Tirumalpur B.O,B.O,Delivery,Arakkonam,Vellore
631052,Jagirthandalam B.O,B.O,Delivery,Arakkonam,Vellore
631052,Karnavur B.O,B.O,Delivery,Arakkonam,Vellore
631052,Melapulam B.O,B.O,Delivery,Arakkonam,Vellore
631052,Panapakkam S.O,S.O,Delivery,Arakkonam,Vellore
631052,Peruvalayam B.O,B.O,Delivery,Arakkonam,Vellore
631052,Pillaipakkam B.O,B.O,Delivery,Arakkonam,Vellore
631052,Reddivalam B.O,B.O,Delivery,Arakkonam,Vellore
631052,Ulianallore B.O,B.O,Delivery,Arakkonam,Vellore
631101,Guruvarajpet S.O,S.O,Delivery,Arakonam,Vellore
631101,Kizhavanam B.O,B.O,Delivery,Arakkonam,Vellore
631101,Mittapettai B.O,B.O,Delivery,Arakkonam,Vellore
631101,Nandiveduthangal B.O,B.O,Delivery,Arakkonam,Vellore
631102,Ayipedu B.O,B.O,Delivery,Arakkonam,Vellore
631102,Jambukulam B.O,B.O,Delivery,Arakkonam,Vellore
631102,Karikkal B.O,B.O,Delivery,Arakkonam,Vellore
631102,Kesavanankuppam B.O,B.O,Delivery,Arakkonam,Vellore
631102,Kodakkal B.O,B.O,Delivery,Wallajah,Vellore
631102,Kondapalayam B.O,B.O,Delivery,Arakkonam,Vellore
631102,Pandianallore B.O,B.O,Delivery,Arakkonam,Vellore
631102,Perunkanchi B.O,B.O,Delivery,Arakkonam,Vellore
631102,Rendadi B.O,B.O,Delivery,Arakkonam,Vellore
631102,Sholingur Bazaar S.O,S.O,Non-Delivery,Arakkonam,Vellore
631102,Sholingur S.O,S.O,Delivery,Arakkonam,Vellore
631102,Somasamudram B.O,B.O,Delivery,Arakkonam,Vellore
631102,Talikkal B.O,B.O,Delivery,Arakkonam,Vellore
631102,Vangupattu B.O,B.O,Delivery,Arakkonam,Vellore
631151,Arigilapadi B.O,B.O,Delivery,Arakkonam,Vellore
631151,Iluppaithandalam B.O,B.O,Delivery,Arakkonam,Vellore
631151,Kadambainallore B.O,B.O,Delivery,Arakkonam,Vellore
631151,Mangattucherry B.O,B.O,Delivery,Arakkonam,Vellore
631151,Sagayathottam B.O,B.O,Delivery,Arakkonam,Vellore
631151,Takkolam S.O,S.O,Delivery,Arakkonam,Vellore
631151,Uriyur B.O,B.O,Delivery,Arakkonam,Vellore
631152,Suraksha Cisf Campus S.O,S.O,Delivery,Arakkonam,Vellore
631201,Arungolam S.O,S.O,Delivery,Tirutani,Tiruvallur
631201,Chivada B.O,B.O,Delivery,Tirutani,Tiruvallur
631201,Nemili B.O,B.O,Delivery,Tirutani,Tiruvallur
631202,Athimanjeri B.O,B.O,Delivery,Tirutani,Tiruvallur
631202,Athimanjeripeta S.O,S.O,Delivery,NA,Tiruvallur
631202,Balakrishnapuram B.O,B.O,Delivery,NA,Tiruvallur
631202,Karlambakkam B.O,B.O,Delivery,Tirutani,Tiruvallur
631202,Kodivalasa B.O,B.O,Delivery,Tirutani,Tiruvallur
631202,Konasamudram B.O,B.O,Delivery,Tirutani,Tiruvallur
631202,Kothakuppam B.O,B.O,Delivery,Kancheepuram,Kanchipuram
631202,Nochili B.O,B.O,Delivery,Tirutani,Tiruvallur
631203,Egattur B.O,B.O,Delivery,Tiruvallur,Tiruvallur
631203,Kadambathur S.O,S.O,Delivery,Tiruvallur,Tiruvallur
631203,Kaivandur B.O,B.O,Delivery,Thiruvallur,Tiruvallur
631203,Pandur B.O,B.O,Delivery,Tiruvallur,Tiruvallur
631203,Pattaraiperumbudur B.O,B.O,Delivery,Tiruvallur,Tiruvallur
631203,Pudumavilangai B.O,B.O,Delivery,Tiruvallur,Tiruvallur
631203,Selai B.O,B.O,Delivery,Tiruvallur,Tiruvallur
631203,Senji B.O,B.O,Delivery,Tiruvallur,Tiruvallur
631203,Tirupasur B.O,B.O,Delivery,Tiruvallur,Tiruvallur
631203,Vidaiyur B.O,B.O,Delivery,Tiruvallur,Tiruvallur
631204,Arcot B.O,B.O,Delivery,Tiruttani,Tiruvallur
631204,Illuppur B.O,B.O,Delivery,Tiruttani,Tiruvallur
631204,Kanakammachatram S.O,S.O,Delivery,NA,Tiruvallur
631204,Kanchipadi B.O,B.O,Delivery,Tiruttani,Tiruvallur
631204,Muthukondapuram B.O,B.O,Delivery,Tiruttani,Tiruvallur
631204,Nabalur B.O,B.O,Delivery,Tiruttani,Tiruvallur
631204,Nedambaram B.O,B.O,Delivery,Tiruttani,Tiruvallur
631204,Ramanjeri B.O,B.O,Delivery,Tiruttani,Tiruvallur
631204,Ramapuram B.O,B.O,Delivery,Tiruttani,Tiruvallur
631205,Beerakuppam B.O,B.O,Delivery,Tiruttani,Tiruvallur
631205,Cherukkanur B.O,B.O,Delivery,Tiruttani,Tiruvallur
631205,Kg Kandigai S.O,S.O,Delivery,NA,Tiruvallur
631205,Koramangalam B.O,B.O,Delivery,NA,Tiruvallur
631205,Mambakkam B.O,B.O,Delivery,Tiruttani,Tiruvallur
631205,S.Agraharam B.O,B.O,Delivery,Tiruttani,Tiruvallur
631205,Sirugumi B.O,B.O,Delivery,Tiruttani,Tiruvallur
631205,T.C.Kandigai B.O,B.O,Delivery,Tiruttani,Tiruvallur
631205,Thadur B.O,B.O,Delivery,Tiruttani,Tiruvallur
631205,V.K.N.Kandigai B.O,B.O,Delivery,Tiruttani,Tiruvallur
631205,Veerakaverirajapuram B.O,B.O,Delivery,Tiruttani,Tiruvallur
631206,Buchireddipalli B.O,B.O,Delivery,NA,Tiruvallur
631206,Krishnasamudram B.O,B.O,Delivery,Tiruttani,Tiruvallur
631206,Madduru S.O,S.O,Delivery,Tirutani,Tiruvallur
631206,Ramasamudram B.O,B.O,Delivery,Tiruttani,Tiruvallur
631207,Echambadi B.O,B.O,Delivery,NA,Tiruvallur
631207,Karimbedu B.O,B.O,Delivery,Pallipat,Tiruvallur
631207,Kolathur B.O,B.O,Delivery,Pallipat,Tiruvallur
631207,Konetampet B.O,B.O,Delivery,NA,Tiruvallur
631207,Kumararajupeta B.O,B.O,Delivery,NA,Tiruvallur
631207,Nediyam B.O,B.O,Delivery,Pallipat,Tiruvallur
631207,Pallipat S.O,S.O,Delivery,Pallipattu,Tiruvallur
631207,Punyam B.O,B.O,Delivery,NA,Tiruvallur
631207,Samanthavada B.O,B.O,Delivery,NA,Tiruvallur
631207,Sanakuppam B.O,B.O,Delivery,NA,Tiruvallur
631207,Veliagaram B.O,B.O,Delivery,Pallipat,Tiruvallur
631207,Venkatarajakuppam B.O,B.O,Delivery,Pallipat,Tiruvallur
631208,Bommarajupeta B.O,B.O,Delivery,NA,Tiruvallur
631208,C.N.Kandigai B.O,B.O,Delivery,NA,Tiruvallur
631208,Jangalapalli B.O,B.O,Delivery,NA,Tiruvallur
631208,Kakalur B.O,B.O,Delivery,NA,Tiruvallur
631208,Keechalam B.O,B.O,Delivery,Pallipat,Tiruvallur
631208,Melapudi B.O,B.O,Delivery,NA,Tiruvallur
631208,Nedigallu B.O,B.O,Delivery,Pallipat,Tiruvallur
631208,Pandravedu B.O,B.O,Delivery,Pallipat,Tiruvallur
631208,Perumanallur B.O,B.O,Delivery,Pallipat,Tiruvallur
631208,Pettaikandigai B.O,B.O,Delivery,Pallipat,Tiruvallur
631208,Podaturpeta S.O,S.O,Delivery,NA,Tiruvallur
631208,Savattur B.O,B.O,Delivery,NA,Tiruvallur
631208,Sorakayapeta B.O,B.O,Delivery,NA,Tiruvallur
631208,T.T.Kandigai B.O,B.O,Delivery,NA,Tiruvallur
631209,Agooru B.O,B.O,Delivery,Tiruttani,Tiruvallur
631209,Murukkambattu B.O,B.O,Delivery,Tirutani,Tiruvallur
631209,Netterikandigai B.O,B.O,Delivery,NA,Tiruvallur
631209,Pattabiramapuram B.O,B.O,Delivery,Tiruttani,Tiruvallur
631209,Srinivasapuram B.O,B.O,Delivery,NA,Tiruvallur
631209,Suryanagaram B.O,B.O,Delivery,Tirutani,Tiruvallur
631209,Tirutani Hills B.O,B.O,Non-Delivery,Tiruttani,Tiruvallur
631209,Tiruttani S.O,S.O,Delivery,Tiruttani,Tiruvallur
631209,Tiruttanieast S.O,S.O,Non-Delivery,Tiruttani,Tiruvallur
631209,Tiruttanisouth S.O,S.O,Non-Delivery,Tiruttani,Tiruvallur
631209,Tiruttaniwest S.O,S.O,Non-Delivery,Tiruttani,Tiruvallur
631209,Upper Tirutani B.O,B.O,Non-Delivery,Tiruttani,Tiruvallur
631209,Velanjeri B.O,B.O,Delivery,Tirutani,Tiruvallur
631210,Athipattu B.O,B.O,Delivery,Tirutani,Tiruvallur
631210,Chinnammapet B.O,B.O,Delivery,NA,Tiruvallur
631210,Harichandrapuram B.O,B.O,Delivery,Tiruttani,Tiruvallur
631210,Kaverirajapuram B.O,B.O,Delivery,NA,Tiruvallur
631210,Kunnavalam B.O,B.O,Delivery,Tiruttani,Tiruvallur
631210,Kurmavilasapuram B.O,B.O,Delivery,NA,Tiruvallur
631210,Mannur B.O,B.O,Delivery,NA,Tiruvallur
631210,Pakasala B.O,B.O,Delivery,Tiruttani,Tiruvallur
631210,Palayanur B.O,B.O,Delivery,Tiruttani,Tiruvallur
631210,Peddakalakattur B.O,B.O,Delivery,Tiruttani,Tiruvallur
631210,Tiruvelangadu S.O,S.O,Delivery,Tirutani,Tiruvallur
631210,Veeraraghavapuram B.O,B.O,Delivery,Tiruttani,Tiruvallur
631210,Vyasapuram B.O,B.O,Delivery,Tiruttani,Tiruvallur
631211,Karthikeyapuram B.O,B.O,Delivery,Tirutani,Tiruvallur
631211,Kasavarajpetta B.O,B.O,Delivery,NA,Tiruvallur
631211,Saraswathinagar S.O,S.O,Delivery,NA,Tiruvallur
631212,Nallathur B.O,B.O,Delivery,Tirutani,Tiruvallur
631212,Poonimangadu S.O,S.O,Delivery,Tiruttani,Tiruvallur
631212,Thalavedu B.O,B.O,Delivery,Tirutani,Tiruvallur
631213,Alamelumangapuram B.O,B.O,Delivery,Trutani,Tiruvallur
631213,Ponpadi B.O,B.O,Non-Delivery,Tirutani,Tiruvallur
631213,Ponpadi Rs S.O,S.O,Delivery,Tiruttani,Tiruvallur
631301,Ammavarikuppam S.O,S.O,Delivery,NA,Tiruvallur
631301,Balapuram B.O,B.O,Delivery,NA,Tiruvallur
631301,Chandravilasapuram B.O,B.O,Delivery,NA,Tiruvallur
631301,Kadananagaram B.O,B.O,Delivery,Tirutani,Tiruvallur
631301,Mahankalikapuram B.O,B.O,Delivery,Tirutani,Tiruvallur
631301,Thyagapuram B.O,B.O,Delivery,NA,Tiruvallur
631302,Chanurmallavaram B.O,B.O,Delivery,NA,Tiruvallur
631302,Erumbi S.O,S.O,Delivery,Pallipattu,Tiruvallur
631302,Myladumparai B.O,B.O,Delivery,NA,Tiruvallur
631302,Paivalasa B.O,B.O,Delivery,Pallipat,Tiruvallur
631302,Peddanagapudi B.O,B.O,Delivery,Pallipat,Tiruvallur
631302,Peddaramapuram B.O,B.O,Delivery,Pallipat,Tiruvallur
631302,Rangapuram B.O,B.O,Delivery,Pallipat,Tiruvallur
631302,Srikalikapuram B.O,B.O,Delivery,Pallipat,Tiruvallur
631302,Thamaraikulam B.O,B.O,Delivery,NA,Tiruvallur
631302,V.P.R.Puram B.O,B.O,Delivery,Pallipattu,Tiruvallur
631302,Vediyangadu B.O,B.O,Delivery,Pallipat,Tiruvallur
631302,Veeramangalam B.O,B.O,Delivery,Pallipat,Tiruvallur
631303,Adivaragapuram B.O,B.O,Delivery,Pallipat,Tiruvallur
631303,Ammaneri B.O,B.O,Delivery,NA,Tiruvallur
631303,Ramakrishnarajupeta S.O,S.O,Delivery,NA,Tiruvallur
631303,Veeranathur B.O,B.O,Delivery,Tirutani,Tiruvallur
631304,Emrkandigai B.O,B.O,Delivery,NA,Tiruvallur
631304,Rajanagaram B.O,B.O,Delivery,Tiruttani,Tiruvallur
631304,Sgbkandigai B.O,B.O,Delivery,Tiruttani,Tiruvallur
631304,Vanganur S.O,S.O,Delivery,Tirutani,Tiruvallur
631402,Kilacheri B.O,B.O,Delivery,Sriperumbudur,Kanchipuram
631402,Kondancheri B.O,B.O,Delivery,NA,Tiruvallur
631402,Kuvam B.O,B.O,Delivery,Sriperumbudur,Kanchipuram
631402,Mappedu B.O,B.O,Delivery,Sriperumbudur,Kanchipuram
631402,Narasingapuram B.O,B.O,Delivery,Sriperumbudur,Kanchipuram
631402,Perambakkam S.O,S.O,Delivery,Sriperumbudur,Tiruvallur
631501,Kanchipuram Collectorate S.O,S.O,Non-Delivery,Kancheepuram,Kanchipuram
631501,Kanchipuram Cutchery S.O,S.O,Non-Delivery,Kancheepuram,Kanchipuram
631501,Kanchipuram H.O,H.O,Delivery,Kancheepuram,Kanchipuram
631501,Little Kanchipuram S.O,S.O,Non-Delivery,Kancheepuram,Kanchipuram
631501,Pillayarpalayam S.O,S.O,Non-Delivery,Kancheepuram,Kanchipuram
631501,Thoopul S.O,S.O,Non-Delivery,Kancheepuram,Kanchipuram
631501,Tirukachinambi Street S.O,S.O,Non-Delivery,Kancheepuram,Kanchipuram
631502,Ayyankarkulam B.O,B.O,Delivery,Kanchipuram,Kanchipuram
631502,Big Kanchipuram S.O,S.O,Delivery,Kancheepuram,Kanchipuram
631502,Govindavadi B.O,B.O,Delivery,Kanchipuram,Kanchipuram
631502,Kammavarpalayam B.O,B.O,Delivery,NA,Kanchipuram
631502,Kilakattur B.O,B.O,Delivery,Kanchipuram,Kanchipuram
631502,Kuram B.O,B.O,Delivery,NA,Kanchipuram
631502,Melkadirpur B.O,B.O,Delivery,Kanchipuram,Kanchipuram
631502,Olimohamedpet B.O,B.O,Non-Delivery,Kancheepuram,Kanchipuram
631502,Orikkai B.O,B.O,Delivery,Kanchipuram,Kanchipuram
631502,Perumanallur B.O,B.O,Delivery,Kanchipuram,Kanchipuram
631502,Sankaramutt S.O,S.O,Non-Delivery,Kancheepuram,Kanchipuram
631502,Sevilimedu B.O,B.O,Delivery,NA,Kanchipuram
631502,Sirukaveripakkam B.O,B.O,Delivery,Kanchipuram,Kanchipuram
631502,Thimamsamudram B.O,B.O,Delivery,Kanchipuram,Kanchipuram
631502,Veliyur B.O,B.O,Delivery,Kanchipuram,Kanchipuram
631551,Balchettychatram S.O,S.O,Delivery,Kancheepuram,Kanchipuram
631551,Damal B.O,B.O,Delivery,Kanchipuram,Kanchipuram
631551,Krishnapuram B.O,B.O,Delivery,Kancheepuram,Kanchipuram
631551,Musaravakkam B.O,B.O,Delivery,Kanchipuram,Kanchipuram
631551,Muthavedu B.O,B.O,Delivery,Kanchipuram,Kanchipuram
631552,Karai B.O,B.O,Delivery,Kanchipuram,Kanchipuram
631552,Karaipettai S.O,S.O,Delivery,Kancheepuram,Kanchipuram
631552,Parandur B.O,B.O,Delivery,Kanchipuram,Kanchipuram
631552,Siruvakkam B.O,B.O,Delivery,Kanchipuram,Kanchipuram
631552,Siruvallur B.O,B.O,Delivery,Kanchipuram,Kanchipuram
631553,Chellampattidai B.O,B.O,Delivery,NA,Kanchipuram
631553,Edayarpakkam S.O,S.O,Delivery,Sriperumbudur,Kanchipuram
631553,Ekanapuram B.O,B.O,Delivery,Sriperumbudur,Kanchipuram
631553,Kappankottur B.O,B.O,Delivery,Sriperumbudur,Kanchipuram
631553,Melmaduramangalam B.O,B.O,Delivery,Sriperumbudur,Kanchipuram
631553,Pichivakkam B.O,B.O,Delivery,Sriperumbudur,Kanchipuram
631553,Pullalur B.O,B.O,Delivery,Sriperumbudur,Kanchipuram
631553,Purisai B.O,B.O,Delivery,Sriperumbudur,Kanchipuram
631553,Valathur B.O,B.O,Delivery,Sriperumbudur,Kanchipuram
631561,Attuputhur B.O,B.O,Delivery,Kanchipuram,Kanchipuram
631561,Enathur S.O,S.O,Delivery,Kanchipuram,Kanchipuram
631561,Nirvalur B.O,B.O,Delivery,Kanchipuram,Kanchipuram
631561,Rajakulam B.O,B.O,Delivery,NA,Kanchipuram
631561,Singadivakkam B.O,B.O,Delivery,Kanchipuram,Kanchipuram
631561,Vaiyavur B.O,B.O,Delivery,Kanchipuram,Kanchipuram
631561,Vedal B.O,B.O,Non-Delivery,Kanchipuram,Kanchipuram
631601,Ayyampettai S.O,S.O,Delivery,Kanchipuram,Kanchipuram
631601,Ekanampet B.O,B.O,Delivery,Kanchipuram,Kanchipuram
631601,Muthialpet B.O,B.O,Non-Delivery,Kanchipuram,Kanchipuram
631601,Naickenpet B.O,B.O,Delivery,Kanchipuram,Kanchipuram
631601,Thenambakkam B.O,B.O,Delivery,NA,Kanchipuram
631601,Thimmarajampettai B.O,B.O,Delivery,Kanchipuram,Kanchipuram
631603,Arpakkam B.O,B.O,Delivery,Kanchipuram,Kanchipuram
631603,Kavanthandalam B.O,B.O,Delivery,Kanchipuram,Kanchipuram
631603,Magaral S.O,S.O,Delivery,Kanchipuram,Kanchipuram
631603,Malayankulam B.O,B.O,Delivery,Kanchipuram,Kanchipuram
631603,Neyyadupakkam B.O,B.O,Delivery,Kanchipuram,Kanchipuram
631603,Olugarai B.O,B.O,Delivery,Kanchipuram,Kanchipuram
631603,Puthali B.O,B.O,Delivery,Kanchipuram,Kanchipuram
631603,Vayalakkavur B.O,B.O,Delivery,Kanchipuram,Kanchipuram
631604,Echoor B.O,B.O,Delivery,Sriperumbudur,Kanchipuram
631604,Kunnam B.O,B.O,Delivery,Sriperumbudur,Kanchipuram
631604,Panruti B.O,B.O,Delivery,Sriperubudur,Kanchipuram
631604,Sinnivakkam B.O,B.O,Delivery,Sriperumbudur,Kanchipuram
631604,Thenneri S.O,S.O,Delivery,Sriperumbudur,Kanchipuram
631604,Varanavasi B.O,B.O,Delivery,Sriperumbudur,Kanchipuram
631605,Asoor B.O,B.O,Delivery,Kanchipuram,Kanchipuram
631605,Avalur B.O,B.O,Delivery,Uttiramerur,Kanchipuram
631605,Nathanallur B.O,B.O,Delivery,Kanchipuram,Kanchipuram
631605,Puliambakkam B.O,B.O,Delivery,Kanchipuram,Kanchipuram
631605,Serkadu B.O,B.O,Non-Delivery,NA,Kanchipuram
631605,Thammanur B.O,B.O,Delivery,Uttiramerur,Kanchipuram
631605,Uttukadu B.O,B.O,Delivery,Kanchipuram,Kanchipuram
631605,Walajabad S.O,S.O,Delivery,NA,Kanchipuram
631606,Madhur B.O,B.O,Delivery,NA,Kanchipuram
631606,Padur B.O,B.O,Delivery,Uttiramerur,Kanchipuram
631606,Palayaseevaram S.O,S.O,Delivery,Uttiramerur,Kanchipuram
631606,Thirumukkudal B.O,B.O,Delivery,Kanchipuram,Kanchipuram
631606,Ullavur B.O,B.O,Delivery,Kanchipuram,Kanchipuram
631701,Akkur S.O (Tiruvannamalai),S.O,Delivery,Vandavasi,Tiruvannamalai
631701,Madipakkam B.O,B.O,Delivery,Cheyyar,Tiruvannamalai
631701,Mathur B.O,B.O,Delivery,Cheyyar,Tiruvannamalai
631701,Sozhavaram B.O,B.O,Delivery,Cheyyar,Tiruvannamalai
631701,Ukkal B.O,B.O,Delivery,Cheyyar,Tiruvannamalai
631702,Arasanipalai B.O,B.O,Delivery,Cheyyar,Tiruvannamalai
631702,Chinnaelacheri B.O,B.O,Delivery,Cheyyar,Tiruvannamalai
631702,Dusi B.O,B.O,Delivery,Cheyyar,Tiruvannamalai
631702,Mamandur Kanchipuram S.O,S.O,Delivery,Cheyyar,Tiruvannamalai
631702,Menalur B.O,B.O,Delivery,Cheyyar,Tiruvannamalai
631702,Pudupalayam B.O,B.O,Delivery,Cheyyar,Tiruvannamalai
631702,Vadakalpakkam B.O,B.O,Delivery,Cheyyar,Tiruvannamalai
632001,Kasba S.O (Vellore),S.O,Non-Delivery,Vellore,Vellore
632001,Kosapet S.O (Vellore),S.O,Non-Delivery,Vellore,Vellore
632001,Krishnanagar S.O (Vellore),S.O,Non-Delivery,Vellore,Vellore
632001,Old District Board Buildings S.O,S.O,Non-Delivery,Vellore,Vellore
632001,Old Town S.O (Vellore),S.O,Non-Delivery,Vellore,Vellore
632001,R N Palayam S.O,S.O,Non-Delivery,Vellore,Vellore
632001,Sainathapuram S.O,S.O,Non-Delivery,Vellore,Vellore
632001,Sankaranpalayam S.O,S.O,Non-Delivery,Vellore,Vellore
632001,Sullivanpet S.O,S.O,Non-Delivery,Vellore,Vellore
632001,Velapadi S.O,S.O,Non-Delivery,Vellore,Vellore
632001,Vellore Cantonment S.O,S.O,Non-Delivery,Vellore,Vellore
632001,Vellore H.O,H.O,Delivery,Vellore Taluk,Vellore
632001,Vellore South S.O,S.O,Non-Delivery,Vellore,Vellore
632001,Voorhees College S.O,S.O,Non-Delivery,Vellore,Vellore
632002,Bagayam S.O,S.O,Non-Delivery,Vellore,Vellore
632002,CMC S.O (Vellore),S.O,Non-Delivery,Vellore,Vellore
632002,Chitteri B.O,B.O,Delivery,Vellore,Vellore
632002,Edayansathu B.O,B.O,Delivery,Vlr,Vellore
632002,Palamathi B.O,B.O,Delivery,Vlr,Vellore
632002,Saduperi B.O,B.O,Delivery,Vlr,Vellore
632002,Sembedu B.O,B.O,Delivery,Vlr,Vellore
632002,Thorapadi S.O,S.O,Delivery,Vellore,Vellore
632002,Virupakshipuram S.O,S.O,Non-Delivery,Vellore,Vellore
632004,Bakiyath S.O,S.O,Non-Delivery,Vellore,Vellore
632004,CMC H S.O,S.O,Non-Delivery,Vellore,Vellore
632004,Gandhiroad S.O,S.O,Non-Delivery,Vellore,Vellore
632004,Vellore Bazaar S.O,S.O,Non-Delivery,Vellore,Vellore
632004,Vellore Collectorate S.O,S.O,Non-Delivery,Vellore,Vellore
632004,Vellore Fort S.O,S.O,Non-Delivery,Vellore,Vellore
632004,Vellore Market S.O,S.O,Non-Delivery,Vellore,Vellore
632006,Gandhinagar East S.O,S.O,Non-Delivery,Vellore,Vellore
632006,Gandhinagar S.O (Vellore),S.O,Delivery,Vellore,Vellore
632006,Gandhinagar West S.O,S.O,Non-Delivery,Vellore,Vellore
632006,Jaffarapettai B.O,B.O,Delivery,Katpadi,Vellore
632006,Kangeyanallur B.O,B.O,Delivery,Vellore,Vellore
632006,Senur B.O,B.O,Delivery,Vlr,Vellore
632006,Thandalam Krishnapuram B.O,B.O,Delivery,Vlr,Vellore
632006,Virudhambattu S.O,S.O,Non-Delivery,Vellore,Vellore
632007,Ka Farm B.O,B.O,Delivery,Vlr,Vellore
632007,Katpadi North S.O,S.O,Non-Delivery,Vellore,Vellore
632007,Katpadi S.O,S.O,Delivery,Vellore,Vellore
632007,Pallikuppam B.O,B.O,Delivery,Vlr,Vellore
632008,Shenbakkam S.O,S.O,Delivery,Vellore,Vellore
632009,Ampuram B.O,B.O,Delivery,Vellore,Vellore
632009,Perumugai B.O,B.O,Delivery,Vlr,Vellore
632009,Rangapuram B.O,B.O,Delivery,NA,Vellore
632009,Sathuvacahri Extension S.O,S.O,Non-Delivery,Vellore,Vellore
632009,Sathuvachari S.O,S.O,Delivery,Vellore,Vellore
632009,Vellore Collectorate S.O,S.O,Non-Delivery,Vellore,Vellore
632010,Abdullapuram S.O,S.O,Delivery,Vellore,Vellore
632010,Melmonavur B.O,B.O,Delivery,Vellore,Vellore
632011,A Kattupadi B.O,B.O,Delivery,Vlr,Vellore
632011,Nelvoy B.O,B.O,Delivery,Vlr,Vellore
632011,TB Sanatorium S.O,S.O,Delivery,Vellore,Vellore
632011,Thuthipattu B.O,B.O,Delivery,Vlr,Vellore
632012,Kagithapattarai S.O,S.O,Non-Delivery,Vellore,Vellore
632012,Saidapet S.O (Vellore),S.O,Delivery,Vellore,Vellore
632013,Karugambathur B.O,B.O,Delivery,Vlr,Vellore
632013,Konavattam S.O,S.O,Delivery,Vellore,Vellore
632014,Bramhapuram B.O,B.O,Delivery,Katpadi,Vellore
632014,Vellore Institute Of Technolog S.O,S.O,Delivery,Vellore,Vellore
632055,Ariyur S.O (Vellore),S.O,Delivery,Vellore,Vellore
632055,Ariyur Spinning Mills B.O,B.O,Delivery,Vellore,Vellore
632057,Munjurpattu S.O,S.O,Delivery,Vellore,Vellore
632058,Kattuputhur B.O,B.O,Delivery,Vellore,Vellore
632058,Pennathur S.O,S.O,Delivery,Vellore,Vellore
632059,Christianpet B.O,B.O,Delivery,Vlr,Vellore
632059,Periyapudhur B.O,B.O,Delivery,Vlr,Vellore
632059,TEL S.O,S.O,Delivery,Vellore,Vellore
632059,Vandranthangal B.O,B.O,Delivery,Vl,Vellore
632101,Alleri B.O,B.O,Delivery,Vlr,Vellore
632101,Anaikkattu S.O,S.O,Delivery,Vellore,Vellore
632101,Appukal B.O,B.O,Delivery,Vellore,Vellore
632101,Eripudhur B.O,B.O,Delivery,Vlr,Vellore
632101,Ganganallur B.O,B.O,Delivery,Vlr,Vellore
632101,Ongapadi B.O,B.O,Delivery,Vlr,Vellore
632101,Unai B.O,B.O,Delivery,Vlr,Vellore
632101,Unai Vaniyambadi B.O,B.O,Delivery,Vlr,Vellore
632101,Unaipalathur B.O,B.O,Delivery,Vlr,Vellore
632101,Varadalambattu B.O,B.O,Delivery,Vlr,Vellore
632101,Velangadu B.O,B.O,Delivery,Vlr,Vellore
632102,Amirdhi B.O,B.O,Delivery,Vlr,Vellore
632102,Eriyur Amirdhi B.O,B.O,Delivery,Vlr,Vellore
632102,Kaniyambadi S.O,S.O,Delivery,Vellore,Vellore
632102,Kilsaranakuppam B.O,B.O,Delivery,Vlr,Vellore
632102,Kovilandur B.O,B.O,Delivery,Vlr,Vellore
632102,Melkuppachinna B.O,B.O,Delivery,Vlr,Vellore
632102,Nadanur B.O,B.O,Delivery,Vlr,Vellore
632102,Nagalur B.O,B.O,Delivery,Vellore,Vellore
632102,Nammiyambattu B.O,B.O,Delivery,Vlr,Vellore
632102,Palambattu B.O,B.O,Delivery,Vlr,Vellore
632102,Palaparambattu B.O,B.O,Delivery,Vlr,Vellore
632103,Eriyur B.O,B.O,Delivery,Vlr,Vellore
632103,Kattipattu B.O,B.O,Delivery,Vlr,Vellore
632103,Kilkothur B.O,B.O,Delivery,Vlr,Vellore
632103,Melarasambattu B.O,B.O,Delivery,Vlr,Vellore
632103,"Nemandhapura,m B.O",B.O,Delivery,Vlr,Vellore
632103,Odugathur S.O,S.O,Delivery,Vellore,Vellore
632103,Peenjamandai B.O,B.O,Delivery,NA,Vellore
632103,Pinnathurai B.O,B.O,Delivery,Vlr,Vellore
632103,Serpadi B.O,B.O,Delivery,Vlrq,Vellore
632103,Thongumalai B.O,B.O,Delivery,Vlr,Vellore
632103,Vannanthangal B.O,B.O,Delivery,Velr,Vellore
632104,Erayangadu B.O,B.O,Delivery,Vlr,Vellore
632104,Kothamangalam B.O,B.O,Delivery,Vlr,Vellore
632104,Maruthavallipalayam B.O,B.O,Delivery,Vlr,Vellore
632104,Sedhuvalai B.O,B.O,Delivery,Vlr,Vellore
632104,Vallandramam B.O,B.O,Delivery,Vlr,Vellore
632104,Virnjipuram S.O,S.O,Delivery,Vellore,Vellore
632105,Budur B.O,B.O,Delivery,Vlr,Vellore
632105,Elavambadi B.O,B.O,Delivery,Vlr,Vellore
632105,Govindareddipalayam B.O,B.O,Delivery,Vlr,Vellore
632105,Pulimedu B.O,B.O,Delivery,Vlr,Vellore
632105,Sekkanur B.O,B.O,Delivery,Vlr,Vellore
632105,Sivanathapuram B.O,B.O,Delivery,Vlr,Vellore
632105,Tellur B.O,B.O,Delivery,Vlr,Vellore
632105,Ussoor S.O,S.O,Delivery,Vellore,Vellore
632106,Arumparuthi B.O,B.O,Delivery,Katpadi,Vellore
632106,Kandhipedu B.O,B.O,Delivery,Vlr,Vellore
632106,Karigiri B.O,B.O,Delivery,Katpadi,Vellore
632106,Koranthangal B.O,B.O,Delivery,Vlr,Vellore
632106,Mutharasikuppam B.O,B.O,Delivery,Vlr,Vellore
632106,Serkadu B.O,B.O,Delivery,Vlr,Vellore
632106,Sevur B.O,B.O,Delivery,Vlr,Vellore
632106,Slr Sanatorium S.O,S.O,Delivery,Vellore,Vellore
632107,Arimalai B.O,B.O,Delivery,Vlr,Vellore
632107,Asanamabattu B.O,B.O,Delivery,Vlr,Vellore
632107,Chinnapallikuppam B.O,B.O,Delivery,Vlr,Vellore
632107,Devichettikuppam B.O,B.O,Delivery,Vlr,Vellore
632107,Guruvarajapalayam S.O,S.O,Delivery,Vellore,Vellore
632107,Pakkampalayam B.O,B.O,Delivery,Vlr,Vellore
632107,Ramanayanikuppam B.O,B.O,Delivery,Vellore,Vellore
632107,Veppankuppam B.O,B.O,Delivery,Vlr,Vellore
632113,Chinnapalampakkam B.O,B.O,Delivery,Vlr,Vellore
632113,Cholavaram S.O,S.O,Delivery,Vellore,Vellore
632113,Jordhankollai B.O,B.O,Delivery,Vlr,Vellore
632113,Naganadhi B.O,B.O,Delivery,Vlr,Vellore
632113,Sathupalayam B.O,B.O,Delivery,Vellore,Vellore
632113,Tellai B.O,B.O,Delivery,Vlr,Vellore
632113,Thuthikkadu B.O,B.O,Delivery,Vlr,Vellore
632113,Veppampattu B.O,B.O,Delivery,Vellore,Vellore
632114,Poigai B.O,B.O,Delivery,Vlr,Vellore
632114,Poigaimottur B.O,B.O,Delivery,Vlr,Vellore
632114,Sathyamangalam (Vellore)S.O,S.O,Delivery,Vellore,Vellore
632115,Thiruvalluvar University S.O,S.O,Delivery,Katpadi,Vellore
632201,Kilvayathinankuppam S.O,S.O,Delivery,Katpadi,Vellore
632201,Perumankuppam B.O,B.O,Delivery,Katpadi,Vellore
632202,Annangudi B.O,B.O,Delivery,Katpadi,Vellore
632202,Arumbakkam B.O,B.O,Delivery,Katpadi,Vellore
632202,Bn Palayam B.O,B.O,Delivery,Katpadi,Vellore
632202,Kalambattu B.O,B.O,Delivery,Vlr,Vellore
632202,Karasamangalam B.O,B.O,Delivery,Katpadi,Vellore
632202,Latteri S.O,S.O,Delivery,Katpadi,Vellore
632202,Panamadangi B.O,B.O,Delivery,Vlr,Vellore
632202,Senji B.O,B.O,Delivery,Katpadi,Vellore
632202,Sozhamur B.O,B.O,Delivery,Katpadi,Vellore
632202,Thondanthualsi B.O,B.O,Delivery,Vlr,Vellore
632202,Tirumani B.O,B.O,Delivery,Vlr,Vellore
632203,Melmankuppam B.O,B.O,Delivery,Katpadi,Vellore
632203,Melmayil S.O,S.O,Delivery,Katpadi,Vellore
632204,Angarankuppam B.O,B.O,Delivery,Katpadi,Vellore
632204,Kavasampattu B.O,B.O,Delivery,Vlr,Vellore
632204,Kilmuttukur B.O,B.O,Delivery,Vlr,Vellore
632204,Mudinampattu B.O,B.O,Delivery,Vlr,Vellore
632204,Vaduganthangal S.O,S.O,Delivery,Vellore,Vellore
632209,Chennankuppam B.O,B.O,Delivery,Katpadi,Vellore
632209,Devarishikuppam B.O,B.O,Delivery,Katpadi,Vellore
632209,Kanguppam B.O,B.O,Delivery,Katpadi,Vellore
632209,Machanur B.O,B.O,Delivery,Katpadi,Vellore
632209,Melkavanur B.O,B.O,Delivery,Katpadi,Vellore
632209,Palayakrishnapuram B.O,B.O,Delivery,Katpadi,Vellore
632209,Ruhsa Campus S.O,S.O,Delivery,Katpadi,Vellore
632301,Arni Fort S.O,S.O,Non-Delivery,Arani,Tiruvannamalai
632301,Arni H.O,H.O,Delivery,Arni,Tiruvannamalai
632301,Arunagirichatram S.O,S.O,Non-Delivery,Arani,Tiruvannamalai
632301,Saidapettai Arni S.O,S.O,Non-Delivery,Arani,Tiruvannamalai
632311,Kalasamudram B.O,B.O,Delivery,Arni,Tiruvannamalai
632311,Kannamangalam Bazaar B.O,B.O,Non-Delivery,Arani,Tiruvannamalai
632311,Kannamangalam S.O,S.O,Delivery,Arni,Tiruvannamalai
632311,Kulathur B.O,B.O,Delivery,Arni,Tiruvannamalai
632311,Kuppam B.O,B.O,Delivery,Arni,Tiruvannamalai
632311,Vallam Kannamangalam B.O,B.O,Delivery,Arni,Vellore
632312,Kattazhambattu B.O,B.O,Delivery,Vellore,Vellore
632312,Kattukanur S.O,S.O,Delivery,Polur,Tiruvannamalai
632312,Kilarasampattu B.O,B.O,Delivery,Vellore,Vellore
632312,Nanjukondapuram B.O,B.O,Delivery,Vellore,Vellore
632313,Indiravanam B.O,B.O,Delivery,Vandavasi,Tiruvannamalai
632313,Kolappalur S.O (Tiruvannamalai),S.O,Delivery,Vandavasi,Tiruvannamalai
632313,Namathodu B.O,B.O,Delivery,Vandavasi,Tiruvannamalai
632313,Narayanamangalam B.O,B.O,Delivery,Vandavasi,Tiruvannamalai
632313,Semmambadi B.O,B.O,Delivery,Vandavasi,Tiruvannamalai
632313,Tellur-Arni B.O,B.O,Delivery,Vandavsi,Tiruvannamalai
632314,Agraharapalayam B.O,B.O,Delivery,Arni,Tiruvannamalai
632314,Ariyapadi B.O,B.O,Delivery,Arni,Tiruvannamalai
632314,Kunnathur Arni S.O,S.O,Delivery,Arni,Tiruvannamalai
632314,Sirumur B.O,B.O,Delivery,Arni,Tiruvannamalai
632314,Srinivasaudayanavaram B.O,B.O,Delivery,Arni,Tiruvannamalai
632314,Vettiyantholuvam B.O,B.O,Delivery,Arni,Tiruvannamalai
632315,Ammapalayam B.O,B.O,Delivery,Arni,Tiruvannamalai
632315,Ananthapuram B.O,B.O,Delivery,Arni,Tiruvannamalai
632315,Ayyampalayam B.O,B.O,Delivery,Arni,Tiruvannamalai
632315,Melnagar B.O,B.O,Delivery,Arni,Tiruvannamalai
632315,Onnupuram S.O,S.O,Delivery,Arni,Tiruvannamalai
632315,Puthur B.O,B.O,Delivery,Arni,Tiruvannamalai
632315,Sedarampattu B.O,B.O,Delivery,Arni,Tiruvannamalai
632315,Vannankulam B.O,B.O,Delivery,Arni,Tiruvannamalai
632315,Vazhiyur B.O,B.O,Delivery,Arni,Tiruvannamalai
632316,Chevur S.O,S.O,Delivery,Arni,Tiruvannamalai
632316,Mullipattu B.O,B.O,Delivery,Arni,Tiruvannamalai
632316,Nesal B.O,B.O,Delivery,Arni,Tiruvannamalai
632316,Ragunathapuram B.O,B.O,Delivery,Arni,Tiruvannamalai
632316,Rattinamangalam B.O,B.O,Delivery,Arni,Tiruvannamalai
632316,Vadugasathu B.O,B.O,Delivery,Arni,Tiruvannamalai
632316,Vinnamangalamarni B.O,B.O,Delivery,Arni,Tiruvannamalai
632317,Adanur B.O,B.O,Delivery,NA,Tiruvannamalai
632317,Irumbedu B.O,B.O,Delivery,NA,Tiruvannamalai
632317,Mamandur B.O,B.O,Delivery,NA,Tiruvannamalai
632317,Meyyur B.O,B.O,Delivery,NA,Tiruvannamalai
632317,Molugampoondi B.O,B.O,Delivery,NA,Tiruvannamalai
632317,Paiyur B.O,B.O,Delivery,NA,Tiruvannamalai
632317,Sathiyaviziyanagaram S.O,S.O,Delivery,NA,Tiruvannamalai
632317,Velapadi-Arni B.O,B.O,Delivery,NA,Tiruvannamalai
632317,Velleri B.O,B.O,Delivery,NA,Tiruvannamalai
632318,Mambakkam B.O,B.O,Delivery,Arcot,Vellore
632318,Melapudupakkam B.O,B.O,Delivery,Arcot,Vellore
632318,Soraiyur B.O,B.O,Delivery,Arcot,Vellore
632318,Valapandal S.O,S.O,Delivery,Arcot,Vellore
632319,Kammasamudram B.O,B.O,Delivery,Vellore,Vellore
632319,Kammavanpettai S.O,S.O,Delivery,Vellore,Vellore
632319,Mottakkal B.O,B.O,Delivery,Vellore,Vellore
632319,Varagur Pudur B.O,B.O,Delivery,Vellore,Tiruvannamalai
632326,Arayalam B.O,B.O,Delivery,Polur,Tiruvannamalai
632326,Odalavadi B.O,B.O,Delivery,Polur,Tiruvannamalai
632326,Susainagar S.O,S.O,Delivery,Polur,Tiruvannamalai
632326,Thatchur B.O,B.O,Delivery,Polur,Tiruvannamalai
632401,Navalpur S.O,S.O,Non-Delivery,Walajapet,Vellore
632401,Ranipet Bazar S.O,S.O,Non-Delivery,Walaja,Vellore
632401,Ranipet H.O,H.O,Delivery,Walajapet Taluk,Vellore
632403,Ranipet Industrial Estate S.O,S.O,Delivery,Walajapet,Vellore
632404,Karai S.O,S.O,Delivery,Walajapet,Vellore
632404,Manthangal B.O,B.O,Delivery,Wallajah,Vellore
632404,Puliyankannu B.O,B.O,Non-Delivery,Walajapet,Vellore
632404,Thengal B.O,B.O,Delivery,Walajapet,Vellore
632404,Vanapadi B.O,B.O,Delivery,Walajapet,Vellore
632405,Ekambaranallur B.O,B.O,Delivery,Walajapet,Vellore
632405,Mukundarayapuram S.O,S.O,Delivery,Walajapet,Vellore
632406,Bhel Ranipet S.O,S.O,Delivery,Walajapet,Vellore
632501,Ammoor S.O,S.O,Delivery,Wallajah,Vellore
632501,Kalmelkuppam B.O,B.O,Delivery,Walajapet,Vellore
632501,Katrambakkam B.O,B.O,Delivery,Walajapet,Vellore
632501,Marudhalam B.O,B.O,Delivery,Walajapet,Vellore
632501,Neelakandarayanpattai B.O,B.O,Delivery,Walajapet,Vellore
632501,Ozhughur B.O,B.O,Delivery,Walajapet,Vellore
632501,Periasengadu B.O,B.O,Delivery,Wallajah,Vellore
632501,Thalangai B.O,B.O,Delivery,Walajapet,Vellore
632501,Vangur B.O,B.O,Delivery,Walajapet,Vellore
632501,Velam B.O,B.O,Delivery,Wallajah,Vellore
632502,Anvardhikhanpet S.O,S.O,Delivery,Arakkonam,Vellore
632502,Asamandhur B.O,B.O,Delivery,Arakkonam,Vellore
632502,Kattupakkam B.O,B.O,Delivery,Arakkonam,Vellore
632502,Kilveedhi B.O,B.O,Delivery,Arakkonam,Vellore
632502,Mahendravadi B.O,B.O,Delivery,Arakkonam,Vellore
632502,Manamadurai B.O,B.O,Delivery,Arakkonam,Vellore
632502,Meleri B.O,B.O,Delivery,Arakonam,Vellore
632502,Melkalathur B.O,B.O,Delivery,Arakonam,Vellore
632503,Arcot Bazaar S.O,S.O,Non-Delivery,Arcot,Vellore
632503,Arcot S.O,S.O,Delivery,Arcot,Vellore
632503,Arcot West S.O,S.O,Non-Delivery,Arcot,Vellore
632503,Jawaharpuram B.O,B.O,Non-Delivery,Arcot,Vellore
632503,Ladavaram B.O,B.O,Delivery,Arcot,Vellore
632503,Muppathuvetti B.O,B.O,Delivery,Arcot,Vellore
632503,Palayamangadu B.O,B.O,Delivery,Arcot,Vellore
632503,Pudupadi B.O,B.O,Delivery,Arcot,Vellore
632503,Thoppukhana S.O,S.O,Non-Delivery,Arcot,Vellore
632504,Damarapakkam S.O,S.O,Delivery,Arcot,Vellore
632504,Valayathur B.O,B.O,Delivery,Arcot,Vellore
632505,Ayal B.O,B.O,Delivery,Arakkonam,Vellore
632505,Banavaram S.O,S.O,Delivery,Arakkonam,Vellore
632505,Govindacherrykuppam B.O,B.O,Delivery,Arakkonam,Vellore
632505,Kilveeranam B.O,B.O,Delivery,Arakkonam,Vellore
632505,Palayapalayamottur B.O,B.O,Delivery,Arakkonam,Vellore
632505,Polipakkam B.O,B.O,Delivery,Arakkonam,Vellore
632505,Pulivalam B.O,B.O,Delivery,Arakkonam,Vellore
632505,Surai B.O,B.O,Delivery,Arakkonam,Vellore
632506,Agaram B.O,B.O,Delivery,Arcot,Vellore
632506,Arumbakkam B.O,B.O,Delivery,Arcot,Vellore
632506,Chennasamudram B.O,B.O,Delivery,Arcot,Vellore
632506,G.B.Nagar B.O,B.O,Delivery,Arcot,Vellore
632506,Kalavai S.O,S.O,Delivery,Arcot,Vellore
632506,Kaniyanur B.O,B.O,Delivery,Arcot,Vellore
632506,Karikkanthangal B.O,B.O,Delivery,Arcot,Vellore
632506,Mazharyur B.O,B.O,Delivery,Arcot,Vellore
632506,Mecheri B.O,B.O,Delivery,Arcot,Vellore
632506,Melnathambakkam B.O,B.O,Delivery,Arcot,Vellore
632506,Pudur- Kaniyanur B.O,B.O,Delivery,Arcot,Vellore
632506,Vellambi B.O,B.O,Delivery,Arcot,Vellore
632506,Velur- Kalavai B.O,B.O,Delivery,Arcot,Vellore
632507,Anaimallur B.O,B.O,Delivery,Arcot,Vellore
632507,Kavanur S.O,S.O,Delivery,Arcot,Vellore
632507,Punganur B.O,B.O,Delivery,Arcot,Vellore
632507,Sambasivapuram B.O,B.O,Delivery,Arcot,Vellore
632507,Varagur B.O,B.O,Delivery,Arcot,Vellore
632507,Venkatapuram B.O,B.O,Delivery,Arcot,Vellore
632507,Vethajipuram B.O,B.O,Delivery,Arni,Tiruvannamalai
632508,Alapakkam B.O,B.O,Delivery,Walajapet,Vellore
632508,Kadaperi B.O,B.O,Delivery,Walajapet,Vellore
632508,Kaveripak S.O,S.O,Delivery,Walajapet,Vellore
632508,Pagaveli B.O,B.O,Delivery,Wallajah,Vellore
632508,Rottukadai B.O,B.O,Non-Delivery,Walajapet,Vellore
632508,Seri B.O,B.O,Delivery,Walajapet,Vellore
632508,Sumaithangi B.O,B.O,Delivery,Walajapet,Vellore
632508,Thiruparkadal B.O,B.O,Delivery,Walajapet,Vellore
632508,Thuraiperumbakkam B.O,B.O,Delivery,Walajapet,Vellore
632509,Arungundram B.O,B.O,Delivery,Walajapet,Vellore
632509,Ayilam B.O,B.O,Delivery,Walajapet,Vellore
632509,Federation Buildings B.O,B.O,Non-Delivery,Walajapet,Vellore
632509,Hakeemnagar S.O,S.O,Non-Delivery,Walajapet,Vellore
632509,Kilvisharam B.O,B.O,Non-Delivery,Walajapet,Vellore
632509,Melvisharam S.O,S.O,Delivery,Walajapet,Vellore
632510,Akkachikuppam B.O,B.O,Delivery,Arakkonam,Vellore
632510,Gudalur B.O,B.O,Delivery,Arakonam,Vellore
632510,Kunnathur B.O,B.O,Delivery,Arakkonam,Vellore
632510,Minnal S.O,S.O,Delivery,Arakkonam,Vellore
632510,Paranji B.O,B.O,Delivery,Arakkonam,Vellore
632510,Paravathur B.O,B.O,Delivery,NA,Vellore
632511,Ananthangal B.O,B.O,Delivery,Arcot,Vellore
632511,Brammadesam B.O,B.O,Delivery,Cheyyar,Tiruvannamalai
632511,Esayanur B.O,B.O,Delivery,Arcot,Vellore
632511,Jagirvalavanur B.O,B.O,Delivery,Arcot,Vellore
632511,Natteri B.O,B.O,Delivery,Cheyyar,Tiruvannamalai
632511,Pulivalam- Sunaipattu B.O,B.O,Delivery,Cheyyar,Tiruvannamalai
632511,Sakkaramallur S.O,S.O,Delivery,Arcot,Vellore
632511,Sattuvanthangal B.O,B.O,Delivery,Cheyyar,Tiruvannamalai
632511,Thennampattu B.O,B.O,Delivery,Cheyyar,Tiruvannamalai
632511,Vadailluppai B.O,B.O,Delivery,Cheyyar,Tiruvannamalai
632512,Durgam B.O,B.O,Delivery,Arcot,Vellore
632512,Gundaleri B.O,B.O,Delivery,Arcot,Vellore
632512,Mohamedpet B.O,B.O,Delivery,Arcot,Vellore
632512,Mullandrum B.O,B.O,Delivery,Arni,Tiruvannamalai
632512,Nambarai B.O,B.O,Delivery,Arcot,Vellore
632512,Palayanur B.O,B.O,Delivery,Arcot,Vellore
632512,Paradarami B.O,B.O,Delivery,Arcot,Vellore
632512,Poosimalaikuppam B.O,B.O,Delivery,Arni,Tiruvannamalai
632512,Puthur B.O,B.O,Delivery,Arni,Tiruvannamalai
632512,Timiri S.O,S.O,Delivery,Arcot,Vellore
632513,Anandhalai B.O,B.O,Delivery,Walajapet,Vellore
632513,Gudimallur B.O,B.O,Delivery,Walajapet,Vellore
632513,Poondi B.O,B.O,Delivery,Walajapet,Vellore
632513,Sathambakkam B.O,B.O,Delivery,Walajapet,Vellore
632513,Thenkadapanthangal B.O,B.O,Delivery,Walajapet,Vellore
632513,Thirumalaicheryy B.O,B.O,Delivery,Walajapet,Vellore
632513,Valluvambakkam B.O,B.O,Delivery,Walajapet,Vellore
632513,Vannivedu B.O,B.O,Delivery,Walajapet,Vellore
632513,Walajapet Bazaar S.O,S.O,Non-Delivery,Wallajah,Vellore
632513,Walajapet S.O,S.O,Delivery,Wallajah,Vellore
632514,Keerasathu B.O,B.O,Delivery,Katpadi,Vellore
632514,Ponnai S.O,S.O,Delivery,Katpadi,Vellore
632514,Thengal B.O,B.O,Delivery,Katpadi,Vellore
632514,Vasur B.O,B.O,Delivery,Katpadi,Vellore
632515,Gugainallore B.O,B.O,Delivery,Walajapet,Vellore
632515,Seekarajapuram B.O,B.O,Delivery,Wallajah,Vellore
632515,Tempalle B.O,B.O,Delivery,Walajapet,Vellore
632515,Tiruvalam S.O,S.O,Delivery,Walajapet,Vellore
632516,Kuppireddithangal B.O,B.O,Delivery,Katpadi,Vellore
632516,Mahimandalam B.O,B.O,Delivery,Katpadi,Vellore
632516,Periamittoor B.O,B.O,Delivery,Katpadi,Vellore
632516,Thathireddipalle B.O,B.O,Delivery,Katpadi,Vellore
632516,Vennampalle S.O,S.O,Delivery,Katpadi,Vellore
632517,Arapakkam B.O,B.O,Delivery,Walajapet,Vellore
632517,Kilminnal B.O,B.O,Non-Delivery,Walajapet,Vellore
632517,Melakuppam B.O,B.O,Delivery,Walajapet,Vellore
632517,Nandiyalam B.O,B.O,Delivery,Walajapet,Vellore
632517,Puttuthakku B.O,B.O,Delivery,Walajapet,Vellore
632517,Ratnagiri Kilminnal S.O,S.O,Delivery,Walajapet,Vellore
632518,Panaiyur B.O,B.O,Delivery,Arakonam,Vellore
632518,Pennagar S.O,S.O,Delivery,Arcot,Vellore
632518,Senganavaram B.O,B.O,Delivery,Arcot,Vellore
632518,Vembi B.O,B.O,Delivery,Arcot,Vellore
632519,Ammundi B.O,B.O,Delivery,Walajapet,Vellore
632519,Eranthangal B.O,B.O,Delivery,Walajapet,Vellore
632519,Karnambut B.O,B.O,Delivery,NA,Vellore
632519,Sembarayanallur B.O,B.O,Delivery,Walajapet,Vellore
632519,Vellore Sugar Mills S.O,S.O,Delivery,Walajapet,Vellore
632520,Chengalnatham B.O,B.O,Delivery,Wallajah,Vellore
632520,Kokkeri B.O,B.O,Delivery,Katpadi,Vellore
632520,Kondakuppam B.O,B.O,Delivery,Katpadi,Vellore
632520,Melpadi S.O,S.O,Delivery,Katpadi,Vellore
632520,Perumalkuppam B.O,B.O,Delivery,Katpadi,Vellore
632520,Vallimalai B.O,B.O,Delivery,Katpadi,Vellore
632520,Veppalai B.O,B.O,Delivery,Katpadi,Vellore
632521,Sattur B.O,B.O,Delivery,Arcot,Vellore
632521,Tajpura B.O,B.O,Delivery,Arcot,Vellore
632521,Uppupettai B.O,B.O,Delivery,Arcot,Vellore
632521,Vilapakkam S.O,S.O,Delivery,Arcot,Vellore
632531,Ayarpadi B.O,B.O,Delivery,Arakkonam,Vellore
632531,Kalathur B.O,B.O,Delivery,Arakkonam,Vellore
632531,Ocheri S.O,S.O,Delivery,Arakkonam,Vellore
632531,Perumbulipakkam B.O,B.O,Delivery,Arakkonam,Vellore
632531,Sirukarumbur B.O,B.O,Delivery,Arakkonam,Vellore
632601,Dharanampet S.O,S.O,Delivery,Gudiyatham,Vellore
632601,Kallapadi B.O,B.O,Delivery,Gudiyattam,Vellore
632601,Kottamitta B.O,B.O,Delivery,Gudiyatham,Vellore
632601,Modikuppam B.O,B.O,Delivery,Gudiyattam,Vellore
632601,Pakkamvenkatapuram B.O,B.O,Delivery,Gudiyatham,Vellore
632601,Ramalai B.O,B.O,Delivery,Gudiyattam,Vellore
632601,Sengundram B.O,B.O,Delivery,Gudiyattam,Vellore
632601,Sevur B.O,B.O,Delivery,Gudiyattam,Vellore
632601,Thattaparai B.O,B.O,Delivery,Gudiyattam,Vellore
632601,Thattimanapalli B.O,B.O,Delivery,Gudiyattam,Vellore
632602,Bhuvaneswaripet B.O,B.O,Non-Delivery,Gudiyatham,Vellore
632602,Gudiyattam Cutcherry S.O,S.O,Non-Delivery,Gudiyatham,Vellore
632602,Gudiyattam H.O,H.O,Delivery,Gudiyattam,Vellore
632602,Gudiyattam South S.O,S.O,Non-Delivery,Gudiyatham,Vellore
632603,Dakshinapathapalyaam B.O,B.O,Delivery,Gudiyattam,Vellore
632603,Paradarami S.O,S.O,Delivery,Gudiyattam,Vellore
632603,Puttavaripalli B.O,B.O,Delivery,Gudiyattam,Vellore
632603,Varadareddipalli B.O,B.O,Delivery,Gudiyattam,Vellore
632603,Veerichettipalli B.O,B.O,Delivery,Gudiyattam,Vellore
632603,Viludonpalayam B.O,B.O,Delivery,Gudiyattam,Vellore
632604,Agraharam B.O,B.O,Delivery,Gudiyattam,Vellore
632604,Erthangal S.O,S.O,Delivery,Gudiyattam,Vellore
632604,Mordhana B.O,B.O,Delivery,Gudiyattam,Vellore
632604,Sempalli B.O,B.O,Delivery,Gudiyattam,Vellore
635001,Dowlatabad S.O,S.O,Non-Delivery,Krishnagiri,Krishnagiri
635001,Kattinayanapalli S.O,S.O,Non-Delivery,Krishnagiri,Krishnagiri
635001,Krishnagiri Courts S.O,S.O,Non-Delivery,Krishnagiri,Krishnagiri
635001,Krishnagiri H.O,H.O,Delivery,Krishnagiri,Krishnagiri
635002,Agraharam B.O,B.O,Delivery,Krishnagiri,Krishnagiri
635002,Kallukurukki B.O,B.O,Delivery,Krishnagiri,Krishnagiri
635002,Kanakamutulu B.O,B.O,Delivery,Krishnagiri,Krishnagiri
635002,Karadiguri B.O,B.O,Delivery,Krishnagiri,Krishnagiri
635002,Krishnagiri Indl. Estate S.O,S.O,Delivery,Krishnagiri,Krishnagiri
635002,Peddamelupalli B.O,B.O,Delivery,Krishnagiri,Krishnagiri
635002,Peddanapalli B.O,B.O,Delivery,Krishnagiri,Krishnagiri
635002,Peddathalapalli B.O,B.O,Delivery,Krishnagiri,Krishnagiri
635002,Periyakottapalli B.O,B.O,Delivery,Krishnagiri,Krishnagiri
635002,Pothinayanapalli B.O,B.O,Delivery,Krishnagiri,Krishnagiri
635101,Gundalapatti B.O,B.O,Delivery,Krishnagiri,Krishnagiri
635101,Kalvehalli B.O,B.O,Delivery,Krishnagiri,Krishnagiri
635101,Krishnagiri Project S.O,S.O,Delivery,Krishnagiri,Krishnagiri
635101,Kurumpatti B.O,B.O,Delivery,Krishnagiri,Krishnagiri
635101,Sundekuppam B.O,B.O,Delivery,Krishnagiri,Krishnagiri
635102,Anchetty S.O,S.O,Delivery,Denkanikotta,Krishnagiri
635102,Doddamanchi B.O,B.O,Delivery,Denkanikotta,Krishnagiri
635102,Kottaiyur B.O,B.O,Delivery,Denkanikotta,Krishnagiri
635102,Manchukondapalli B.O,B.O,Delivery,Denkanikotta,Krishnagiri
635102,Mariyalam B.O,B.O,Delivery,Denkanikottai,Krishnagiri
635102,Seshurajapuram B.O,B.O,Delivery,Denkanikotta,Krishnagiri
635102,Thagatti B.O,B.O,Delivery,Denkanikotta,Krishnagiri
635102,Urigam B.O,B.O,Delivery,Denkanikotta,Krishnagiri
635103,Bagalur S.O (Krishnagiri),S.O,Delivery,Hosur,Krishnagiri
635103,Baliganapalli B.O,B.O,Delivery,Hosur,Krishnagiri
635103,Deveerapalli B.O,B.O,Delivery,Hosur,Krishnagiri
635103,Nallore B.O,B.O,Delivery,Hosur,Krishnagiri
635103,Sevaganapalli B.O,B.O,Delivery,Hosur,Krishnagiri
635104,Amballi B.O,B.O,Delivery,Krishnagiri,Krishnagiri
635104,Ankinayanapalli B.O,B.O,Delivery,Krishnagiri,Krishnagiri
635104,Bandaseemanur B.O,B.O,Delivery,Krishnagiri,Krishnagiri
635104,Barugur S.O,S.O,Delivery,Barugur,Krishnagiri
635104,Batlapalli B.O,B.O,Delivery,Pochampalli,Krishnagiri
635104,Chigaralapalli B.O,B.O,Delivery,Pochampalli,Krishnagiri
635104,Chintagampalli B.O,B.O,Delivery,Krishnagiri,Krishnagiri
635104,Emakkalnatham B.O,B.O,Delivery,Krishnagiri,Krishnagiri
635104,Kondappanayanapalli B.O,B.O,Delivery,Pochampalli,Krishnagiri
635104,Madepalli B.O,B.O,Delivery,Pochampalli,Krishnagiri
635104,Mallapadi B.O,B.O,Delivery,Pochampalli,Krishnagiri
635104,Oppadavadi B.O,B.O,Delivery,Pochampalli,Krishnagiri
635104,Venkatasamudram B.O,B.O,Delivery,Pochampalli,Krishnagiri
635105,A.Settipalli B.O,B.O,Delivery,NA,Krishnagiri
635105,Athimugam B.O,B.O,Delivery,Hosur,Krishnagiri
635105,Berigai S.O,S.O,Delivery,NA,Krishnagiri
635105,Gudisadanapalli B.O,B.O,Delivery,Hosur,Krishnagiri
635105,Mudukurukki B.O,B.O,Delivery,Hosur,Krishnagiri
635105,Nandimangalam B.O,B.O,Delivery,Hosur,Krishnagiri
635105,Thummanapalli B.O,B.O,Delivery,Hosur,Krishnagiri
635106,Bannihalli B.O,B.O,Delivery,Krishnagiri,Krishnagiri
635106,Chaparthi S.O,S.O,Delivery,Krishnagiri,Krishnagiri
635106,Errasigalahalli B.O,B.O,Delivery,Krishnagiri,Krishnagiri
635106,Kothalam B.O,B.O,Delivery,Krishnagiri,Krishnagiri
635106,Panakamutulu B.O,B.O,Delivery,Krishnagiri,Krishnagiri
635106,Thimmarayanahalli B.O,B.O,Delivery,Krishnagiri,Krishnagiri
635107,Andevanapalli B.O,B.O,Delivery,Denkanikotta,Krishnagiri
635107,Anniyalam B.O,B.O,Delivery,Denkanikotta,Krishnagiri
635107,Arasakuppam B.O,B.O,Delivery,Denkanikotta,Krishnagiri
635107,Balathottanapalli B.O,B.O,Delivery,Denkanikottai,Krishnagiri
635107,Bennangur B.O,B.O,Delivery,Denkanikottai,Krishnagiri
635107,Bikkanapalli B.O,B.O,Delivery,Denkanikotta,Krishnagiri
635107,Denkanikotta S.O,S.O,Delivery,Denkanikotta,Krishnagiri
635107,Devarulimangalam B.O,B.O,Delivery,Denkanikottai,Krishnagiri
635107,Erudukotta B.O,B.O,Delivery,NA,Krishnagiri
635107,Gendiganapalli B.O,B.O,Delivery,Denkanikottai,Krishnagiri
635107,Guttahalli B.O,B.O,Delivery,Denkanikotta,Krishnagiri
635107,Kakkadasam B.O,B.O,Delivery,Denkanikotta,Krishnagiri
635107,Kundukottai B.O,B.O,Delivery,Denkanikottai,Krishnagiri
635107,Maradanapalli B.O,B.O,Delivery,Denkanikotta,Krishnagiri
635107,Noganur B.O,B.O,Delivery,Denkanikotta,Krishnagiri
635107,Padiganalam B.O,B.O,Delivery,Denkanikottai,Krishnagiri
635107,Salivaram B.O,B.O,Delivery,Denkanikotta,Krishnagiri
635107,Sandanapalli B.O,B.O,Delivery,Denkanikotta,Krishnagiri
635107,Sarandapalli B.O,B.O,Delivery,Denkanikotta,Krishnagiri
635107,Thadigal B.O,B.O,Delivery,Denkanikottai,Krishnagiri
635108,Achamangalam B.O,B.O,Delivery,Krishnagiri,Krishnagiri
635108,Balanayanapalli B.O,B.O,Delivery,Krishnagiri,Krishnagiri
635108,Elathagiri S.O,S.O,Delivery,Krishnagiri,Krishnagiri
635108,Kandikuppam B.O,B.O,Delivery,Krishnagiri,Krishnagiri
635108,Marudepalli B.O,B.O,Delivery,Krishnagiri,Krishnagiri
635108,Orappam B.O,B.O,Delivery,Krishnagiri,Krishnagiri
635108,Sadanapalli B.O,B.O,Delivery,Krishnagiri,Krishnagiri
635109,Avalapalli B.O,B.O,Delivery,Hosur,Krishnagiri
635109,Basthi B.O,B.O,Delivery,NA,Krishnagiri
635109,Bukkasagaram B.O,B.O,Delivery,NA,Krishnagiri
635109,Chennathur B.O,B.O,Delivery,Hosur,Krishnagiri
635109,Doripalli B.O,B.O,Delivery,Hosur,Krishnagiri
635109,Hosur East S.O,S.O,Non-Delivery,Hosur,Krishnagiri
635109,Hosur S.O (Dharmapuri),S.O,Delivery,Hosur,Krishnagiri
635109,Kamandoddi B.O,B.O,Delivery,Hosur,Krishnagiri
635109,Kothagondapalli B.O,B.O,Delivery,Hosur,Krishnagiri
635109,Kothapeta(Hosur) S.O,S.O,Non-Delivery,Hosur,Krishnagiri
635109,Kumudepalli B.O,B.O,Delivery,Hosur,Krishnagiri
635109,Muthali B.O,B.O,Delivery,Hosur,Krishnagiri
635109,Onnalvadi B.O,B.O,Delivery,Hosur,Krishnagiri
635109,Perandapalli B.O,B.O,Delivery,Hosur,Krishnagiri
635109,Thorapalli Agraharam B.O,B.O,Delivery,Hosur,Krishnagiri
635109,Venkatesapuram B.O,B.O,Delivery,Hosur,Krishnagiri
635110,Achettipalli B.O,B.O,Delivery,Hosur,Krishnagiri
635110,Gopanapalli B.O,B.O,Delivery,Hosur,Krishnagiri
635110,Hosur Cattle Farm S.O,S.O,Delivery,Hosur,Krishnagiri
635110,Muduganapalli B.O,B.O,Delivery,Hosur,Krishnagiri
635110,Mugalur B.O,B.O,Delivery,Hosur,Krishnagiri
635110,Nagondapalli B.O,B.O,Delivery,Hosur,Krishnagiri
635110,Panchakshipuram B.O,B.O,Delivery,Hosur,Krishnagiri
635111,Bommahalli B.O,B.O,Delivery,Palakkodu,Dharmapuri
635111,Devarmukkulam B.O,B.O,Delivery,Palakkodu,Dharmapuri
635111,Dindal B.O,B.O,Delivery,Palacode,Krishnagiri
635111,Karagur B.O,B.O,Delivery,Palakkodu,Dharmapuri
635111,Karaikodihalli B.O,B.O,Delivery,Palacode,Krishnagiri
635111,Karimangalam S.O,S.O,Delivery,Palacode,Krishnagiri
635111,Mukkulam B.O,B.O,Delivery,Palacode,Krishnagiri
635112,Chowtahalli B.O,B.O,Delivery,Krishnagiri,Krishnagiri
635112,Jagadab B.O,B.O,Delivery,Krishnagiri,Krishnagiri
635112,Kathiripuram B.O,B.O,Delivery,Krishnagiri,Krishnagiri
635112,Kaveripattinam Bazaar S.O,S.O,Non-Delivery,Krishnagiri,Krishnagiri
635112,Kaveripattinam S.O (Krishnagiri),S.O,Delivery,Kaveripattinam,Krishnagiri
635112,Malaiyandahalli B.O,B.O,Delivery,Krishnagiri,Krishnagiri
635112,Mittahalli B.O,B.O,Delivery,Krishnagiri,Krishnagiri
635112,Mottur B.O,B.O,Delivery,Krishnagiri,Krishnagiri
635112,Nedungal B.O,B.O,Delivery,Krishnagiri,Krishnagiri
635112,Paiyur B.O,B.O,Delivery,Krishnagiri,Krishnagiri
635112,Penneswaramadam B.O,B.O,Delivery,Krishnagiri,Krishnagiri
635112,Periyathallihalli B.O,B.O,Delivery,Krishnagiri,Krishnagiri
635112,Pothapuram B.O,B.O,Delivery,Krishnagiri,Krishnagiri
635112,Thimmapuram B.O,B.O,Delivery,Krishnagiri,Krishnagiri
635113,Bairamangalam B.O,B.O,Delivery,Denkanikotta,Krishnagiri
635113,Bodichipalli B.O,B.O,Delivery,Denkanikotta,Krishnagiri
635113,Bommathathanur B.O,B.O,Delivery,Denkanikottai,Krishnagiri
635113,Doddabelur B.O,B.O,Delivery,Denkanikotta,Krishnagiri
635113,Iruthalam B.O,B.O,Delivery,Denkanikottai,Krishnagiri
635113,Jakkeri B.O,B.O,Delivery,Denkanikotta,Krishnagiri
635113,Karupalli B.O,B.O,Delivery,Denkanikotta,Krishnagiri
635113,Kelamangalam S.O,S.O,Delivery,Denkanikottai,Krishnagiri
635113,Kundumaranapalli B.O,B.O,Delivery,Denkanikotta,Krishnagiri
635113,Nagamangalam B.O,B.O,Delivery,Denkanikotta,Krishnagiri
635113,Pachappanatti B.O,B.O,Delivery,Denkanikotta,Krishnagiri
635113,Ullukurukki B.O,B.O,Delivery,Denkanikottai,Krishnagiri
635114,Chinnappareddypalayam B.O,B.O,Delivery,Hosur,Krishnagiri
635114,Devaganapalli B.O,B.O,Delivery,Hosur,Krishnagiri
635114,Mathagondapalli S.O,S.O,Delivery,Denkanikotta,Krishnagiri
635114,Muthur B.O,B.O,Delivery,Denkanikottai,Krishnagiri
635114,Peddabelagondapalli B.O,B.O,Delivery,Hosur,Krishnagiri
635114,Saragapalli B.O,B.O,Delivery,Hosur,Krishnagiri
635115,Beerpalli B.O,B.O,Delivery,Krishnagiri,Krishnagiri
635115,Bikkanapalli B.O,B.O,Delivery,Krishnagiri,Krishnagiri
635115,Billanakuppam B.O,B.O,Delivery,Krishnagiri,Krishnagiri
635115,Bimandapalli B.O,B.O,Delivery,Krishnagiri,Krishnagiri
635115,Kodipalli B.O,B.O,Delivery,Krishnagiri,Krishnagiri
635115,Krishnagiri Collectorate S.O,S.O,Non-Delivery,Krishnagiri,Krishnagiri
635115,Kurubarahalli B.O,B.O,Delivery,Krishnagiri,Krishnagiri
635115,Nedumaruthi B.O,B.O,Delivery,Krishnagiri,Krishnagiri
635115,Ramapuram S.O (Dharmapuri),S.O,Delivery,Krishnagiri,Krishnagiri
635115,Samanthamalai B.O,B.O,Delivery,Krishnagiri,Krishnagiri
635115,Thippanapalli B.O,B.O,Delivery,Krishnagiri,Krishnagiri
635116,Baliganur B.O,B.O,Delivery,Denkanikottai,Krishnagiri
635116,Doddathimmanahalli B.O,B.O,Delivery,Denkanikottai,Krishnagiri
635116,Gummanur B.O,B.O,Delivery,Denkanikotta,Krishnagiri
635116,Koppakarai B.O,B.O,Delivery,Denkanikottai,Krishnagiri
635116,Odayandahalli B.O,B.O,Delivery,Denkanikotta,Krishnagiri
635116,Royakottah S.O,S.O,Delivery,Denkanikotta,Krishnagiri
635117,Chappadi B.O,B.O,Delivery,Hosur,Krishnagiri
635117,Chembarasanapalli B.O,B.O,Delivery,Hosur,Krishnagiri
635117,Chennapalli B.O,B.O,Delivery,Hosur,Krishnagiri
635117,Enusonai B.O,B.O,Delivery,Hosur,Krishnagiri
635117,Kalingavaram B.O,B.O,Delivery,Hosur,Krishnagiri
635117,Koneripalli B.O,B.O,Delivery,Hosur,Krishnagiri
635117,Kumbalam B.O,B.O,Delivery,Hosur,Krishnagiri
635117,Peddachigaralapalli B.O,B.O,Delivery,Hosur,Krishnagiri
635117,Samanapalli B.O,B.O,Delivery,Hosur,Krishnagiri
635117,Shoolagiri S.O,S.O,Delivery,Hosur,Krishnagiri
635118,Achubala B.O,B.O,Delivery,Denkanikotta,Krishnagiri
635118,Agalakotta B.O,B.O,Delivery,Denkanikotta,Krishnagiri
635118,Belalam B.O,B.O,Delivery,Denkanikottai,Krishnagiri
635118,Binnamangalam B.O,B.O,Delivery,Denkanikotta,Krishnagiri
635118,Doddaubbanur B.O,B.O,Delivery,Denkanikottai,Krishnagiri
635118,Gummalapuram B.O,B.O,Delivery,Denkanikotta,Krishnagiri
635118,Javalagiri B.O,B.O,Delivery,Denkanikotta,Krishnagiri
635118,Marupalli B.O,B.O,Delivery,Denkanikotta,Krishnagiri
635118,Shoolingunta B.O,B.O,Delivery,Denkanikotta,Krishnagiri
635118,Thally Kothanur B.O,B.O,Delivery,Denkanikotta,Krishnagiri
635118,Thally S.O,S.O,Delivery,Denkanikotta,Krishnagiri
635119,Agaram B.O,B.O,Delivery,Hosur,Krishnagiri
635119,Haleseebam B.O,B.O,Delivery,Hosur,Krishnagiri
635119,Pathakota B.O,B.O,Delivery,Hosur,Krishnagiri
635119,Senamavu B.O,B.O,Delivery,Hosur,Krishnagiri
635119,Thuppuganapalli B.O,B.O,Delivery,Hosur,Krishnagiri
635119,Uddanapalli S.O,S.O,Delivery,Hosur,Krishnagiri
635120,Belavarthi B.O,B.O,Delivery,Krishnagiri,Krishnagiri
635120,Chinnamattarapalli B.O,B.O,Delivery,Krishnagiri,Krishnagiri
635120,Guruvinayanapalli B.O,B.O,Delivery,Krishnagiri,Krishnagiri
635120,Kammampalli B.O,B.O,Delivery,Krishnagiri,Krishnagiri
635120,Maharajakadai B.O,B.O,Delivery,Krishnagiri,Krishnagiri
635120,Mallinayanapalli B.O,B.O,Delivery,Krishnagiri,Krishnagiri
635120,Mekalachinnampalli B.O,B.O,Delivery,Krishnagiri,Krishnagiri
635120,Naralapalli B.O,B.O,Delivery,Krishnagiri,Krishnagiri
635120,Varattanapalli S.O,S.O,Delivery,Krishnagiri,Krishnagiri
635121,Balanapalli B.O,B.O,Delivery,Krishnagiri,Krishnagiri
635121,Chennasandiram B.O,B.O,Delivery,Krishnagiri,Krishnagiri
635121,Chigaramaganapalli B.O,B.O,Delivery,Krishnagiri,Krishnagiri
635121,Dasiripalli B.O,B.O,Delivery,Krishnagiri,Krishnagiri
635121,Gangojikothur B.O,B.O,Delivery,Krishnagiri,Krishnagiri
635121,Konegoundanur B.O,B.O,Delivery,Krishnagiri,Krishnagiri
635121,Kottur B.O,B.O,Delivery,Krishnagiri,Krishnagiri
635121,Kuriyanapalli B.O,B.O,Delivery,Krishnagiri,Krishnagiri
635121,Madepalli B.O,B.O,Delivery,Krishnagiri,Krishnagiri
635121,Manavaranapalli B.O,B.O,Delivery,Krishnagiri,Krishnagiri
635121,Marasandiram B.O,B.O,Delivery,Krishnagiri,Krishnagiri
635121,Nallur B.O,B.O,Delivery,Krishnagiri,Krishnagiri
635121,Neralagiri B.O,B.O,Delivery,Krishnagiri,Krishnagiri
635121,Nochikuppam B.O,B.O,Delivery,Krishnagiri,Krishnagiri
635121,Veppanapalli S.O,S.O,Delivery,Krishnagiri,Krishnagiri
635121,Virupasandiram B.O,B.O,Delivery,Krishnagiri,Krishnagiri
635122,Agaramittikkal B.O,B.O,Delivery,Krishnagiri,Krishnagiri
635122,Alapatti S.O,S.O,Delivery,Krishnagiri,Krishnagiri
635122,Bellarampalli B.O,B.O,Delivery,Krishnagiri,Krishnagiri
635122,Doddapoovathi B.O,B.O,Delivery,Krishnagiri,Krishnagiri
635122,Ennegolpudur B.O,B.O,Delivery,Krishnagiri,Krishnagiri
635122,Gangaleri B.O,B.O,Delivery,Krishnagiri,Krishnagiri
635122,Moramadugu B.O,B.O,Delivery,Krishnagiri,Krishnagiri
635122,Sembadamuthur B.O,B.O,Delivery,Krishnagiri,Krishnagiri
635123,Bandarahalli B.O,B.O,Delivery,Pochampalli,Krishnagiri
635123,Damodarahalli B.O,B.O,Delivery,Pochampalli,Krishnagiri
635123,Deveerahalli B.O,B.O,Delivery,Krishnagiri,Krishnagiri
635123,Pannandur S.O,S.O,Delivery,Krishnagiri,Krishnagiri
635123,Papparapatti B.O,B.O,Delivery,Pochampalli,Krishnagiri
635123,Thatrahalli B.O,B.O,Delivery,Pochampalli,Krishnagiri
635123,Vadamangalam B.O,B.O,Delivery,Pochampalli,Krishnagiri
635124,Belathur S.O,S.O,Delivery,Hosur,Krishnagiri
635126,Begepalli B.O,B.O,Delivery,Hosur,Krishnagiri
635126,Hosur Indl. Complex S.O,S.O,Delivery,Hosur,Krishnagiri
635126,Mookandapalli B.O,B.O,Delivery,Hosur,Krishnagiri
635201,Arasampatti B.O,B.O,Delivery,Krishnagiri,Dharmapuri
635201,Barur S.O,S.O,Delivery,Dharmapuri,Dharmapuri
635201,Bendrahalli B.O,B.O,Delivery,Dharmapuri,Dharmapuri
635201,Irumathur B.O,B.O,Delivery,Dharmapuri,Dharmapuri
635201,Jingalkathirampatti B.O,B.O,Delivery,Dharmapuri,Dharmapuri
635201,Thathampatti B.O,B.O,Delivery,Dharmapuri,Dharmapuri
635202,D Thurinjipatti B.O,B.O,Delivery,NA,Dharmapuri
635202,Ichambadi B.O,B.O,Delivery,Harur,Dharmapuri
635202,Jakkupatti B.O,B.O,Delivery,Harur,Dharmapuri
635202,Kambainallore S.O,S.O,Delivery,Harur,Dharmapuri
635202,Kelavalli B.O,B.O,Delivery,Harur,Dharmapuri
635202,Kongarapatti B.O,B.O,Delivery,Harur,Dharmapuri
635202,Krishnapuram B.O,B.O,Delivery,Harur,Dharmapuri
635202,Mukkanahalli B.O,B.O,Delivery,Harur,Dharmapuri
635202,Murukkampatti B.O,B.O,Delivery,Harur,Dharmapuri
635202,Pulidikarai B.O,B.O,Delivery,Dharmapuri,Dharmapuri
635202,Thippampatti B.O,B.O,Delivery,Harur,Dharmapuri
635202,Vagurappampatti B.O,B.O,Delivery,Harur,Dharmapuri
635202,Vedarampatti B.O,B.O,Delivery,Harur,Dharmapuri
635202,Vellalapatti B.O,B.O,Delivery,Harur,Dharmapuri
635203,Aikondamkothapalli B.O,B.O,Delivery,Pochampalli,Krishnagiri
635203,Anchoor B.O,B.O,Delivery,Krishnagiri,Krishnagiri
635203,Athiganur B.O,B.O,Delivery,Krishnagiri,Krishnagiri
635203,Jagadevi B.O,B.O,Delivery,Krishnagiri,Krishnagiri
635203,Kalarpathi B.O,B.O,Delivery,Pochampalli,Krishnagiri
635203,Kannandahalli B.O,B.O,Delivery,Pochampalli,Krishnagiri
635203,Kavandanur B.O,B.O,Delivery,Pochampalli,Krishnagiri
635203,Kullampatti B.O,B.O,Delivery,Pochampalli,Krishnagiri
635203,Madrahalli B.O,B.O,Delivery,Pochampalli,Krishnagiri
635203,Mathur S.O (Dharmapuri),S.O,Delivery,Krishnagiri,Krishnagiri
635203,Nadupatti B.O,B.O,Delivery,Pochampalli,Krishnagiri
635203,Nakkalpatti B.O,B.O,Delivery,Pochampalli,Krishnagiri
635203,Oddapatti B.O,B.O,Delivery,Pochampalli,Krishnagiri
635203,Perugopanapalli B.O,B.O,Delivery,Krishnagiri,Krishnagiri
635203,Sivampatti B.O,B.O,Delivery,Pochampalli,Krishnagiri
635203,Thogarapalli B.O,B.O,Delivery,Krishnagiri,Krishnagiri
635204,Agaram B.O,B.O,Delivery,Pochampalli,Krishnagiri
635204,Avathavadi B.O,B.O,Delivery,Pochampalli,Krishnagiri
635204,Baleguli B.O,B.O,Delivery,Pochampalli,Krishnagiri
635204,Marichettihalli B.O,B.O,Delivery,Pochampalli,Krishnagiri
635204,Maruderi B.O,B.O,Delivery,Pochampalli,Krishnagiri
635204,Nagarasampatti S.O,S.O,Delivery,Mathur,Krishnagiri
635204,Velampatti B.O,B.O,Delivery,Pochampalli,Krishnagiri
635204,Vilangamudi B.O,B.O,Delivery,Pochampalli,Krishnagiri
635204,Viramalai B.O,B.O,Delivery,Pochampalli,Krishnagiri
635205,A.Sappanipatti B.O,B.O,Delivery,Dharmapuri,Dharmapuri
635205,Baisuhalli B.O,B.O,Delivery,Dharmapuri,Dharmapuri
635205,Gendiganahalli B.O,B.O,Delivery,Palakkodu,Dharmapuri
635205,Kannipatti B.O,B.O,Delivery,Palakkodu,Dharmapuri
635205,Kottumaranahalli B.O,B.O,Delivery,Dharmapuri,Dharmapuri
635205,Kovilur B.O,B.O,Delivery,Palakkodu,Dharmapuri
635205,Kuppangarai B.O,B.O,Delivery,Palakkodu,Dharmapuri
635205,Mallikuttai B.O,B.O,Delivery,Dharmapuri,Dharmapuri
635205,Maravadi B.O,B.O,Delivery,Palakkodu,Dharmapuri
635205,Matlamapatti B.O,B.O,Delivery,Palakkodu,Dharmapuri
635205,Modur B.O,B.O,Delivery,Palakkodu,Dharmapuri
635205,Periyanahalli S.O,S.O,Delivery,Dharmapuri,Dharmapuri
635206,Anakode B.O,B.O,Delivery,Pochampalli,Krishnagiri
635206,Angampatti B.O,B.O,Delivery,Pochampalli,Krishnagiri
635206,Balethottam B.O,B.O,Delivery,Pochampalli,Krishnagiri
635206,Mahadevagollahalli B.O,B.O,Delivery,Pochampalli,Krishnagiri
635206,Parandapalli B.O,B.O,Delivery,Pochampalli,Krishnagiri
635206,Periyakaradiyur B.O,B.O,Delivery,Pochampalli,Krishnagiri
635206,Pochampalli S.O (Krishnagiri),S.O,Delivery,Mathur,Krishnagiri
635206,Puliampatti B.O,B.O,Delivery,Pochampalli,Krishnagiri
635206,Santhur B.O,B.O,Delivery,Pochampalli,Krishnagiri
635207,Karapattu B.O,B.O,Delivery,Uttangarai,Krishnagiri
635207,Mannadapatti B.O,B.O,Delivery,Uttangarai,Krishnagiri
635207,Marampatti B.O,B.O,Delivery,Uttangarai,Krishnagiri
635207,Mottur B.O,B.O,Delivery,Uttangarai,Krishnagiri
635207,Nochipatti B.O,B.O,Delivery,Uttangarai,Krishnagiri
635207,Upparapatti B.O,B.O,Delivery,Uttangarai,Krishnagiri
635207,Uttangarai S.O,S.O,Delivery,Uttangarai,Krishnagiri
635207,Venkatadampatti B.O,B.O,Delivery,Uttangarai,Krishnagiri
635301,B Pallipatti B.O,B.O,Delivery,Dharmapuri,Dharmapuri
635301,Bommidi S.O,S.O,Delivery,Dharmapuri,Dharmapuri
635301,Pilparuthi B.O,B.O,Delivery,Pappireddipatti,Dharmapuri
635301,Regadahalli B.O,B.O,Delivery,Pappireddipatti,Dharmapuri
635301,Thippireddihalli B.O,B.O,Delivery,Pappireddipatti,Dharmapuri
635301,Thurinjipatti B.O,B.O,Delivery,Pappireddipatti,Dharmapuri
635301,Veppilaimuthampatti B.O,B.O,Delivery,Pappireddipatti,Dharmapuri
635302,Buddireddipatti S.O,S.O,Delivery,Dharmapuri,Dharmapuri
635302,Chintalpadi B.O,B.O,Delivery,Pappireddipatti,Dharmapuri
635302,Kandagavundanur B.O,B.O,Delivery,Pappireddipatti,Dharmapuri
635302,Kethureddipatti B.O,B.O,Delivery,Pappiredipatti,Dharmapuri
635302,Kurubarahalli B.O,B.O,Delivery,Pappireddipatti,Dharmapuri
635302,Mottankurichi B.O,B.O,Delivery,Pappireddipatti,Dharmapuri
635302,Ramenahalli B.O,B.O,Delivery,Pappireddipatti,Dharmapuri
635302,Thalanatham B.O,B.O,Delivery,Pappireddipatti,Dharmapuri
635302,Vaguthupatti B.O,B.O,Delivery,Harur,Dharmapuri
635303,Kadathur S.O,S.O,Delivery,Pappireddipatti,Dharmapuri
635303,Kathirinaickenahalli B.O,B.O,Delivery,Harur,Dharmapuri
635303,Maniyambadi B.O,B.O,Delivery,Pappireddipatti,Dharmapuri
635303,Obilinaickenahalli B.O,B.O,Delivery,Pappireddipatti,Dharmapuri
635303,Odasahalli B.O,B.O,Delivery,Pappireddipatti,Dharmapuri
635303,Ranimookanur B.O,B.O,Delivery,Harur,Dharmapuri
635303,Sillarahalli B.O,B.O,Delivery,Pappireddipatti,Dharmapuri
635303,Venkatadrihalli B.O,B.O,Delivery,Harur,Dharmapuri
635304,Anandur B.O,B.O,Delivery,Uttangarai,Krishnagiri
635304,Doddampat R.S. B.O,B.O,Delivery,Uttangarai,Krishnagiri
635304,Kallavi S.O,S.O,Delivery,Harur,Krishnagiri
635304,M.Vellalapatti B.O,B.O,Delivery,Uthangarai,Krishnagiri
635304,Periyakottakulam B.O,B.O,Delivery,Uttangarai,Krishnagiri
635304,Salamarathupatti B.O,B.O,Delivery,Uttangarai,Krishnagiri
635304,Sulakarai B.O,B.O,Delivery,Uttangarai,Krishnagiri
635304,Tiruvanapatti B.O,B.O,Delivery,Uttangarai,Krishnagiri
635305,Dasarahalli B.O,B.O,Delivery,Harur,Dharmapuri
635305,Elavadai B.O,B.O,Delivery,Harur,Dharmapuri
635305,Gobichettipalayam B.O,B.O,Delivery,Harur,Dharmapuri
635305,Gobinathampatti B.O,B.O,Delivery,Harur,Dharmapuri
635305,Keraikodahalli B.O,B.O,Delivery,Harur,Dharmapuri
635305,M Velampatti B.O,B.O,Delivery,Harur,Dharmapuri
635305,Maruthipatti B.O,B.O,Delivery,Harur,Dharmapuri
635305,Morappur S.O,S.O,Delivery,Harur,Dharmapuri
635305,Navalai B.O,B.O,Delivery,Harur,Dharmapuri
635305,Parayapatti B.O,B.O,Delivery,Harur,Dharmapuri
635305,Polayampalli B.O,B.O,Delivery,Harur,Dharmapuri
635305,Sandapatti B.O,B.O,Delivery,Harur,Dharmapuri
635305,Sitrapatti B.O,B.O,Delivery,Harur,Dharmapuri
635306,Anderipatti B.O,B.O,Delivery,Uttangarai,Krishnagiri
635306,Badapalli B.O,B.O,Delivery,Uttangarai,Krishnagiri
635306,Ettipatti B.O,B.O,Delivery,Uttangarai,Krishnagiri
635306,Kodamandapatti B.O,B.O,Delivery,Uttangarai,Krishnagiri
635306,Kunnathur B.O,B.O,Delivery,Uttangarai,Krishnagiri
635306,Samalpatti R.S S.O,S.O,Delivery,Krishnagiri,Krishnagiri
635306,Valipatti B.O,B.O,Delivery,Uttangarai,Krishnagiri
635307,Andiyur B.O,B.O,Delivery,Uttangarai,Krishnagiri
635307,Athipadi B.O,B.O,Delivery,Uttangarai,Krishnagiri
635307,Eggur B.O,B.O,Delivery,Uttangarai,Krishnagiri
635307,Govindapuram B.O,B.O,Delivery,Uttangarai,Krishnagiri
635307,Kethunaickenpatti B.O,B.O,Delivery,Uttangarai,Krishnagiri
635307,Maganurpatti B.O,B.O,Delivery,Uttangarai,Krishnagiri
635307,Mittapalli B.O,B.O,Delivery,Uttangarai,Krishnagiri
635307,Nadupatti B.O,B.O,Delivery,Uttangarai,Krishnagiri
635307,Naickanur B.O,B.O,Delivery,Uttangarai,Krishnagiri
635307,Pavakkal B.O,B.O,Delivery,Uttangarai,Krishnagiri
635307,Periyathallapadi B.O,B.O,Delivery,Uttangarai,Krishnagiri
635307,Singarapettai S.O,S.O,Delivery,Harur,Krishnagiri
635601,Asiriyar Nagar S.O,S.O,Non-Delivery,Tirupathur,Vellore
635601,Gandhipet - TPT S.O,S.O,Non-Delivery,Tirupathur,Vellore
635601,Tirupattur H.O,H.O,Delivery,Tirupattur,Vellore
635601,Tirupattur TNHB S.O,S.O,Non-Delivery,Tirupathur,Vellore
635602,Adiyur B.O,B.O,Delivery,Tirupathur,Vellore
635602,Christukula Ashram B.O,B.O,Delivery,Tirupathur,Vellore
635602,Elavampatti B.O,B.O,Delivery,Tirupattur,Vellore
635602,Kadirimangalam B.O,B.O,Delivery,Tirupattur,Vellore
635602,Karuppanur B.O,B.O,Delivery,Tirupathur,Vellore
635602,Koratti B.O,B.O,Delivery,Tirupattur,Vellore
635602,Pachal B.O,B.O,Delivery,Tirupattur,Vellore
635602,Periyakunichi B.O,B.O,Delivery,Tirupathur,Vellore
635602,Pudukottai B.O,B.O,Delivery,Tirupathur,Vellore
635602,Thornampathy B.O,B.O,Delivery,Tirupathur,Vellore
635602,Tirupattur Bazaar S.O,S.O,Delivery,Tirupattur,Vellore
635602,Tirupattur Fort B.O,B.O,Non-Delivery,Tirupathur,Vellore
635651,Achamangalam B.O,B.O,Delivery,Tirupattur,Vellore
635651,Agraharam B.O,B.O,Delivery,Tirupattur,Vellore
635651,Chandrapuram B.O,B.O,Delivery,Tirupattur,Vellore
635651,Jayapuram B.O,B.O,Delivery,Tirupathur,Vellore
635651,Mukkanur B.O,B.O,Delivery,Tirupattur,Vellore
635651,Paniyandapalli B.O,B.O,Delivery,Tirupattur,Vellore
635651,Parandapalli B.O,B.O,Delivery,Tirupathur,Vellore
635651,Periyakonapattu B.O,B.O,Delivery,Tirupathur,Vellore
635651,Pudupettai S.O,S.O,Delivery,Tirupathur,Vellore
635651,Puthagaram B.O,B.O,Delivery,Tirupattur,Vellore
635651,Veppalnatham B.O,B.O,Delivery,Tirupathur,Vellore
635652,Anganathavalasai B.O,B.O,Delivery,Tirupattur,Vellore
635652,Jamnapudur B.O,B.O,Delivery,Tirupathur,Vellore
635652,Kurumberi B.O,B.O,Delivery,Tirupattur,Vellore
635652,Matrapalli B.O,B.O,Delivery,Tirupattur,Vellore
635652,Nayakkanur B.O,B.O,Delivery,Tirupattur,Vellore
635652,Perambattu B.O,B.O,Delivery,Tirupathur,Vellore
635652,Simnapudur B.O,B.O,Delivery,Tirupattur,Vellore
635652,Udayamuthur B.O,B.O,Delivery,Tirupattur,Vellore
635652,Vishamangalam S.O,S.O,Delivery,Tirupattur,Vellore
635653,Agaram(TPT) B.O,B.O,Delivery,Tirupathur,Vellore
635653,Bommikuppam B.O,B.O,Delivery,Tirupattur,Vellore
635653,Chinnasamudram B.O,B.O,Delivery,Tirupathur,Vellore
635653,Kodumampalli B.O,B.O,Delivery,Tirupathur,Vellore
635653,Kurumbakeri B.O,B.O,Delivery,Tirupathur,Vellore
635653,Madavalam B.O,B.O,Delivery,Tirupathur,Vellore
635653,Rachamangalam B.O,B.O,Delivery,Tirupattur,Vellore
635653,Rajapalayam B.O,B.O,Delivery,Tirupathur,Vellore
635653,Selandampalli B.O,B.O,Delivery,Tirupathur,Vellore
635653,Thimmanamuthur B.O,B.O,Delivery,Tirupathur,Vellore
635653,Vengalapuram S.O,S.O,Delivery,Tirupattur,Vellore
635654,Kakangarai R.S. B.O,B.O,Delivery,Tirupattur,Vellore
635654,Lakkinaickenpatti B.O,B.O,Delivery,Tirupattur,Vellore
635654,Natham B.O,B.O,Delivery,Tirupattur,Vellore
635654,Periyakannalapatti B.O,B.O,Delivery,Tirupattur,Vellore
635654,Sevathur B.O,B.O,Delivery,Tirupattur,Vellore
635654,Sundarampalli S.O,S.O,Delivery,Tirupattur,Vellore
635655,Chinnavattanur B.O,B.O,Delivery,Tirupathur,Vellore
635655,Chittoor B.O,B.O,Delivery,Tirupathur,Vellore
635655,Kambugudi B.O,B.O,Delivery,Tirupathur,Vellore
635655,Kilanur B.O,B.O,Delivery,Tirupathur,Vellore
635655,Kilur B.O,B.O,Delivery,Tirupattur,Vellore
635655,Kombai B.O,B.O,Delivery,Tirupathur,Vellore
635655,Malaiyandipatti B.O,B.O,Delivery,Tirupathur,Vellore
635655,Melpattu B.O,B.O,Delivery,Tirupattur,Vellore
635655,Nadukuppam B.O,B.O,Delivery,Tirupathur,Vellore
635655,Nellipattu B.O,B.O,Delivery,Tirupathur,Vellore
635655,Nellivasalnadu B.O,B.O,Delivery,Tirupattur,Vellore
635655,Palayapalayam B.O,B.O,Delivery,Tirupathur,Vellore
635655,Perumpalli B.O,B.O,Delivery,Tirupathur,Vellore
635655,Pudur Nadu S.O,S.O,Delivery,Tirupathur,Vellore
635655,Puliyur Tpt B.O,B.O,Delivery,Tirupathur,Vellore
635655,Thagarakuppam B.O,B.O,Delivery,Tirupathur,Vellore
635701,Alangayam S.O,S.O,Delivery,Vaniyambadi,Vellore
635701,Bheemakulam B.O,B.O,Delivery,Vaniyambadi,Vellore
635701,Kavalur B.O,B.O,Delivery,Vaniyambadi,Vellore
635701,Mandarakuttai B.O,B.O,Delivery,Vaniyambadi,Vellore
635701,Naickanur B.O,B.O,Delivery,Vaniyambadi,Vellore
635701,Narasingapuram B.O,B.O,Delivery,Vaniyambadi,Vellore
635701,Peddur B.O,B.O,Delivery,Vaniyambadi,Vellore
635701,Vasanthapuram B.O,B.O,Delivery,Vaniyambadi,Vellore
635702,Andiappanur S.O,S.O,Delivery,Tirupattur,Vellore
635702,Irunapattu B.O,B.O,Delivery,Tirupattur,Vellore
635702,Kurusilapattu B.O,B.O,Delivery,Tirupattur,Vellore
635702,Pallavalli B.O,B.O,Delivery,Vaniyambadi,Vellore
635702,Perumapattu B.O,B.O,Delivery,Tirupattur,Vellore
635703,Athipattu(T) B.O,B.O,Delivery,Polur,Tiruvannamalai
635703,Athipet B.O,B.O,Delivery,Tirupathur,Vellore
635703,Attiyanur B.O,B.O,Delivery,Polur,Tiruvannamalai
635703,Gunikanthur B.O,B.O,Delivery,Polur,Tiruvannamalai
635703,Jamanamarathur S.O,S.O,Delivery,Polur,Tiruvannamalai
635703,Kovilur B.O,B.O,Delivery,Polur,Tiruvannamalai
635703,Kuttakarai B.O,B.O,Delivery,Polur,Tiruvannamalai
635703,Kuttathur B.O,B.O,Delivery,Polur,Tiruvannamalai
635703,Mandaparai B.O,B.O,Delivery,Polur,Tiruvannamalai
635703,Melpattu (T) B.O,B.O,Delivery,Chengam,Tiruvannamalai
635703,Melsilambadi B.O,B.O,Delivery,Polur,Tiruvannamalai
635703,Nachamalai B.O,B.O,Delivery,Polur,Tiruvannamalai
635703,Palamarathur B.O,B.O,Delivery,Polur,Tiruvannamalai
635703,Pattaraikadu B.O,B.O,Delivery,Polur,Tiruvannamalai
635703,Puliyur (T) B.O,B.O,Delivery,Chengam,Tiruvannamalai
635703,Veerappanur B.O,B.O,Delivery,Polur,Tiruvannamalai
635710,Lalapettai B.O,B.O,Delivery,Vaniyambadi,Vellore
635710,Marimanikuppam B.O,B.O,Delivery,Tirupattur,Vellore
635710,Mittur S.O,S.O,Delivery,Vaniyambadi,Vellore
635710,Nachiarkuppam B.O,B.O,Delivery,Tirupattur,Vellore
635710,Poongulam B.O,B.O,Delivery,NA,Vellore
635751,Chettiappanur B.O,B.O,Delivery,Vaniyambadi,Vellore
635751,Devasthanam B.O,B.O,Delivery,Vaniyambadi,Vellore
635751,Girisamudram B.O,B.O,Delivery,Vaniyambadi,Vellore
635751,Govindapuram S.O,S.O,Non-Delivery,Vaniyambadi,Vellore
635751,Kalendira B.O,B.O,Delivery,Vaniyambadi,Vellore
635751,Khaderpet S.O,S.O,Non-Delivery,Vaniyambadi,Vellore
635751,Periyapet B.O,B.O,Non-Delivery,Vaniyambadi,Vellore
635751,Perumalpet S.O,S.O,Non-Delivery,Vaniyambadi,Vellore
635751,Pudur Vaniyambadi S.O,S.O,Non-Delivery,Vaniyambadi,Vellore
635751,Valayambattu B.O,B.O,Delivery,Vaniyambadi,Vellore
635751,Vaniyambadi R.S B.O,B.O,Non-Delivery,Vaniyambadi,Vellore
635751,Vaniyambadi S.O,S.O,Delivery,NA,Vellore
635752,Kothakottai B.O,B.O,Delivery,Vaniyambadi,Vellore
635752,Newtown Vaniyambadi S.O,S.O,Delivery,Vaniyambadi,Vellore
635752,Nimmiyambattu B.O,B.O,Delivery,Vaniyambadi,Vellore
635752,Vallipattu B.O,B.O,Delivery,Vaniyambadi,Vellore
635752,Vellakuttai B.O,B.O,Delivery,Vaniyambadi,Vellore
635754,Chinnapallikuppam B.O,B.O,Delivery,Vaniyambadi,Vellore
635754,Ilayanagaram B.O,B.O,Delivery,Vaniyambadi,Vellore
635754,Jaffarabad S.O,S.O,Delivery,Vaniyambadi,Vellore
635754,Madanancherry B.O,B.O,Delivery,Vaniyambadi,Vellore
635754,Thumberi B.O,B.O,Delivery,Vaniyambadi,Vellore
635754,Udayendiram B.O,B.O,Delivery,Vaniyambadi,Vellore
635754,Vadacheri B.O,B.O,Delivery,Vaniyambadi,Vellore
635801,Alasandapuram B.O,B.O,Delivery,Tirupattur,Vellore
635801,Ambalur S.O,S.O,Delivery,Tirupattur,Vellore
635801,Avarankuppam B.O,B.O,Delivery,Vaniyambadi,Vellore
635801,Chikkanankuppam B.O,B.O,Delivery,Tirupattur,Vellore
635801,Eachangal B.O,B.O,Delivery,Vaniyambadi,Vellore
635801,Kodayanchi B.O,B.O,Delivery,Vaniyambadi,Vellore
635801,Ramanaickenpettai B.O,B.O,Delivery,Tirupattur,Vellore
635801,Thekkupattu B.O,B.O,Delivery,Tirupattur,Vellore
635801,Thimmampet B.O,B.O,Delivery,Tirupattur,Vellore
635801,Vadakkupattu B.O,B.O,Delivery,Tirupattur,Vellore
635802,Ambur Bazaar S.O,S.O,Non-Delivery,Vaniyambadi,Vellore
635802,Ambur S.O,S.O,Delivery,Vaniyambadi,Vellore
635802,Devalapuram B.O,B.O,Delivery,Vaniyambadi,Vellore
635802,Gangapuram B.O,B.O,Delivery,Vaniyambadi,Vellore
635802,Kumaramangalam B.O,B.O,Delivery,Vaniyambadi,Vellore
635802,Naickaneri B.O,B.O,Delivery,Vaniyambadi,Vellore
635802,Somalapuram B.O,B.O,Delivery,Vaniyambadi,Vellore
635802,Thennambattu B.O,B.O,Delivery,Vaniyambadi,Vellore
635803,Gudiyattam RS S.O,S.O,Delivery,Gudiyatham,Vellore
635803,Kilalathur B.O,B.O,Delivery,Gudiyattam,Vellore
635803,Kosavanpudur B.O,B.O,Delivery,Gudiyatham,Vellore
635803,Pasumathur B.O,B.O,Delivery,Gudiyattam,Vellore
635803,Sedukarai B.O,B.O,Delivery,Gudiyattam,Vellore
635803,Sethubandai B.O,B.O,Delivery,Gudiyattam,Vellore
635803,Veppur B.O,B.O,Delivery,Gudiyattam,Vellore
635804,Agaram B.O,B.O,Delivery,Vaniyambadi,Vellore
635804,Agaramcherry B.O,B.O,Delivery,Vaniyambadi,Vellore
635804,Karungali B.O,B.O,Delivery,Vaniyambadi,Vellore
635804,Madanur S.O,S.O,Delivery,Vaniyambadi,Vellore
635804,Palur B.O,B.O,Delivery,Vaniyambadi,Vellore
635804,Thollapalli B.O,B.O,Delivery,Vaniyambadi,Vellore
635804,Thottalam B.O,B.O,Delivery,Vaniyambadi,Vellore
635804,Vadakkathipatti B.O,B.O,Delivery,Vaniyambadi,Vellore
635804,Valayalkarapatti B.O,B.O,Delivery,Vaniyambadi,Vellore
635805,Chendathur B.O,B.O,Delivery,Gudiyattam,Vellore
635805,Kilpatti B.O,B.O,Delivery,Gudiyattam,Vellore
635805,Mailpatti S.O,S.O,Delivery,Gudiyattam,Vellore
635805,Melvayathinankuppam B.O,B.O,Non-Delivery,Gudiyattam,Vellore
635805,Pallalakuppam B.O,B.O,Delivery,Gudiyattam,Vellore
635805,Rajakkal B.O,B.O,Delivery,Gudiyattam,Vellore
635806,Ananganallore B.O,B.O,Delivery,Gudiyattam,Vellore
635806,Chettikuppam B.O,B.O,Delivery,Gudiyattam,Vellore
635806,Gudanagaram B.O,B.O,Delivery,Gudiyattam,Vellore
635806,Melalathur S.O,S.O,Delivery,Gudiyattam,Vellore
635806,Melmuttukur B.O,B.O,Delivery,Gudiyattam,Vellore
635806,Rajakuppam B.O,B.O,Delivery,Gudiyattam,Vellore
635807,Minnur S.O,S.O,Delivery,Vaniyambadi,Vellore
635807,Vinnamangalam B.O,B.O,Delivery,Vaniyambadi,Vellore
635808,Kottur B.O,B.O,Delivery,Gudiyatham,Vellore
635808,Nariyambattu B.O,B.O,Delivery,Gudiyattam,Vellore
635808,Oomerabad S.O,S.O,Delivery,Gudiyatham,Vellore
635808,Sathambakkam B.O,B.O,Delivery,Gudiyattam,Vellore
635809,Gollamangalam B.O,B.O,Delivery,Katpadi,Vellore
635809,Kandaneri B.O,B.O,Delivery,Katpadi,Vellore
635809,Odiyathur B.O,B.O,Delivery,Katpadi,Vellore
635809,Pallikonda Bazaar B.O,B.O,Non-Delivery,Gudiyatham,Vellore
635809,Pallikonda S.O,S.O,Delivery,Katpadi,Vellore
635809,Tippasamudram B.O,B.O,Delivery,Katpadi,Vellore
635809,Vettuvanam B.O,B.O,Delivery,Gudiyatham,Vellore
635810,Aravatla B.O,B.O,Delivery,Gudiyattam,Vellore
635810,Chinnadamalcheruvu B.O,B.O,Delivery,Gudiyattam,Vellore
635810,Erikutti B.O,B.O,Delivery,Gudiyattam,Vellore
635810,Erukkambattu B.O,B.O,Delivery,Gudiyattam,Vellore
635810,Kamalapuram B.O,B.O,Delivery,Gudiyatham,Vellore
635810,Kokkalur B.O,B.O,Delivery,Gudiyatham,Vellore
635810,Masigam B.O,B.O,Delivery,Gudiyattam,Vellore
635810,Morasapalli B.O,B.O,Delivery,Gudiyattam,Vellore
635810,Pernambut S.O,S.O,Delivery,Gudiyattam,Vellore
635810,Sathugudi B.O,B.O,Delivery,Gudiyatham,Vellore
635810,Thottithuraimottur B.O,B.O,Delivery,Gudiyattam,Vellore
635811,Arangaldurgam B.O,B.O,Delivery,Vaniyambadi,Vellore
635811,Chinnakarumbur B.O,B.O,Delivery,Vaniyambadi,Vellore
635811,Chinnavarikam B.O,B.O,Delivery,Gudiyattam,Vellore
635811,Kadhavalam B.O,B.O,Delivery,Gudiyattam,Vellore
635811,Karapattu B.O,B.O,Delivery,Gudiyattam,Vellore
635811,Mittalam B.O,B.O,Delivery,Gudiyattam,Vellore
635811,Thuthipattu S.O,S.O,Delivery,Vaniyambadi,Vellore
635811,Venkatasamudram B.O,B.O,Delivery,Gudiyattam,Vellore
635812,Kilmurungai B.O,B.O,Delivery,Vaniyambadi,Vellore
635812,Vadapudupet S.O,S.O,Delivery,Vaniyambadi,Vellore
635812,Vengili B.O,B.O,Delivery,Vaniyambadi,Vellore
635813,Chinnathottalam B.O,B.O,Delivery,Gudiyattam,Vellore
635813,Pogalur B.O,B.O,Delivery,Gudiyattam,Vellore
635813,Sembedu B.O,B.O,Delivery,Gudiyattam,Vellore
635813,Ulli B.O,B.O,Delivery,Gudiyattam,Vellore
635813,Valathoor S.O,S.O,Delivery,Gudiyattam,Vellore
635814,Alankuppam B.O,B.O,Delivery,Vaniyambadi,Vellore
635814,Periyankuppam B.O,B.O,Delivery,Vaniyambadi,Vellore
635814,Shanankuppam S.O,S.O,Delivery,Vaniyambadi,Vellore
635815,Athurkuppam B.O,B.O,Delivery,Tirupattur,Vellore
635815,Kethandapatti B.O,B.O,Delivery,Tirupattur,Vellore
635815,Kethandapatti Sugar Mills S.O,S.O,Delivery,Tirupathur,Vellore
635851,Jolarpettai S.O,S.O,Delivery,Tirupathur,Vellore
635851,Kodiyur B.O,B.O,Non-Delivery,Tirupathur,Vellore
635851,Mandalavadi B.O,B.O,Delivery,Tirupattur,Vellore
635851,Ponneri B.O,B.O,Delivery,Tirupattur,Vellore
635851,Pullaneri B.O,B.O,Delivery,Tirupathur,Vellore
635851,Reddiyur B.O,B.O,Delivery,Tirupattur,Vellore
635851,Somanaickenpatti B.O,B.O,Delivery,Tirupathur,Vellore
635851,Tiriyalam B.O,B.O,Delivery,Tirupattur,Vellore
635851,Vakkanampatti B.O,B.O,Delivery,Tirupathur,Vellore
635852,Athiperumanur B.O,B.O,Delivery,Tirupathur,Vellore
635852,Jangalapuram B.O,B.O,Delivery,Tirupathur,Vellore
635852,Kathari B.O,B.O,Delivery,Tirupattur,Vellore
635852,Mallagunta B.O,B.O,Delivery,Tirupattur,Vellore
635852,Natrampalli S.O,S.O,Delivery,Tirupathur,Vellore
635852,Nayanacheruvu B.O,B.O,Delivery,Tirupattur,Vellore
635852,Vettapattu B.O,B.O,Delivery,Tirupattur,Vellore
635853,Damalerimuthur B.O,B.O,Delivery,Tirupattur,Vellore
635853,Elagiri B.O,B.O,Delivery,Tirupattur,Vellore
635853,Kottaiyur B.O,B.O,Delivery,Tirupathur,Vellore
635853,Mangalam B.O,B.O,Delivery,Tirupathur,Vellore
635853,Nilavur B.O,B.O,Delivery,Tirupathur,Vellore
635853,Pakkirithakka S.O,S.O,Delivery,Tirupathur,Vellore
635853,Yelagiri Hills B.O,B.O,Delivery,Tirupattur,Vellore
635854,Bandarapalli B.O,B.O,Delivery,Tirupattur,Vellore
635854,Kothur B.O,B.O,Delivery,Tirupattur,Vellore
635854,Mallapalli B.O,B.O,Delivery,Tirupattur,Vellore
635854,Pachur S.O,S.O,Delivery,Tirupattur,Vellore
635854,Sorakayalnatham B.O,B.O,Delivery,Tirupattur,Vellore
635854,Velakalnatham B.O,B.O,Delivery,Tirupattur,Vellore
635901,Chinnakandili B.O,B.O,Delivery,Tirupattur,Vellore
635901,East Badanavadi B.O,B.O,Delivery,Tirupathur,Vellore
635901,Gummidigampatti B.O,B.O,Delivery,Tirupattur,Vellore
635901,Kandili S.O,S.O,Delivery,Tirupattur,Vellore
635901,Mandalanayanagunda B.O,B.O,Delivery,Tirupattur,Vellore
635901,Nariyaneri B.O,B.O,Delivery,Tirupattur,Vellore
635901,Pallathur B.O,B.O,Delivery,Tirupathur,Vellore
635901,Periagaram B.O,B.O,Delivery,Tirupattur,Vellore
635901,Periyakasinaickenpatti B.O,B.O,Delivery,Tirupattur,Vellore
635901,Thokkiyam B.O,B.O,Delivery,Tirupattur,Vellore
636001,Devendrapuram S.O,S.O,Non-Delivery,Salem,Salem
636001,Dharmapuri Public Offices S.O,S.O,Non-Delivery,Dharmapuri,Dharmapuri
636001,Mettu Street S.O,S.O,Non-Delivery,Salem,Salem
636001,Ponnammapet S.O,S.O,Non-Delivery,Salem,Salem
636001,Salem Bazaar S.O,S.O,Non-Delivery,Salem,Salem
636001,Salem Collectorate S.O,S.O,Non-Delivery,Salem,Salem
636001,Salem Dt.Board Buildings S.O,S.O,Non-Delivery,Salem,Salem
636001,Salem East S.O,S.O,Non-Delivery,Salem,Salem
636001,Salem Fort S.O,S.O,Non-Delivery,Salem,Salem
636001,Salem H.O,H.O,Delivery,Salem,Salem
636001,Salem Second Agraharam S.O,S.O,Non-Delivery,Salem,Salem
636001,Thillainagar S.O,S.O,Non-Delivery,Salem,Salem
636002,Annadanapatti S.O,S.O,Non-Delivery,Salem,Salem
636002,Nethimedu S.O,S.O,Non-Delivery,Salem,Salem
636002,Shevapet Bazaar S.O,S.O,Non-Delivery,Salem,Salem
636002,Shevapet S.O,S.O,Delivery,Salem,Salem
636003,Allikuttai B.O,B.O,Delivery,Salem,Salem
636003,Ammapet Bazaar S.O,S.O,Non-Delivery,Salem,Salem
636003,Ammapettai Salem S.O,S.O,Delivery,Salem,Salem
636003,Puthumariamman Koil B.O,B.O,Delivery,Salem,Salem
636004,Alagapuram S.O,S.O,Delivery,Salem,Salem
636004,Marakkadai S.O,S.O,Non-Delivery,Salem,Salem
636004,Narasothipatti B.O,B.O,Delivery,Salem,Salem
636005,Jawahar Mills S.O,S.O,Non-Delivery,Salem,Salem
636005,Meyyanur S.O,S.O,Non-Delivery,salem,Salem
636005,Suramangalam H.O,H.O,Delivery,Salem,Salem
636005,Suramangalam Railway Colony S.O,S.O,Non-Delivery,Salem,Salem
636005,Thangamapuripattinam S.O,S.O,Non-Delivery,Salem,Salem
636006,Dadagapatti B.O,B.O,Non-Delivery,Salem,Salem
636006,Gugai S.O,S.O,Non-Delivery,Salem,Salem
636006,Karungalpatti B.O,B.O,Non-Delivery,Salem,Salem
636006,Salem Pension Lines S.O,S.O,Non-Delivery,Salem,Salem
636006,Salem South S.O,S.O,Delivery,Salem,Salem
636006,Sanjeevarayanpettai S.O,S.O,Non-Delivery,Salem,Salem
636007,Hasthampatti S.O,S.O,Delivery,Salem,Salem
636007,Maravaneri S.O,S.O,Non-Delivery,Salem,Salem
636007,Peramanur S.O,S.O,Non-Delivery,Salem,Salem
636007,Salem Dt. Court Buildings S.O,S.O,Non-Delivery,Salem,Salem
636007,Salem Extension S.O,S.O,Non-Delivery,Salem,Salem
636007,Salem North S.O,S.O,Non-Delivery,Salem,Salem
636008,Ayyanthirumaligai S.O,S.O,Non-Delivery,Salem,Salem
636008,Chinnatirupathy B.O,B.O,Delivery,Salem,Salem
636008,Gorimedu B.O,B.O,Non-Delivery,Salem,Salem
636008,Kannankurichi S.O,S.O,Delivery,Salem,Salem
636008,Kondappanaickenpatti B.O,B.O,Non-Delivery,Salem,Salem
636008,Parapatti Mannarpalayam B.O,B.O,Delivery,Salem,Salem
636009,Arisipalayam S.O,S.O,Non-Delivery,Salem,Salem
636009,Leigh Bazaar S.O,S.O,Delivery,Salem,Salem
636009,Swaminathapuram B.O,B.O,Non-Delivery,Salem,Salem
636010,Kondalampatti S.O,S.O,Delivery,Salem,Salem
636010,Maniyanur B.O,B.O,Delivery,Salem,Salem
636010,Nattamangalam B.O,B.O,Delivery,Salem,Salem
636010,Neikkarapatti B.O,B.O,Delivery,Salem,Salem
636010,Poolavari Agraharam B.O,B.O,Delivery,Salem,Salem
636010,Puthur B.O,B.O,Delivery,Salem,Salem
636010,Sandaipettai B.O,B.O,Delivery,Salem,Salem
636010,Thammanaickenpatti B.O,B.O,Delivery,Salem,Salem
636010,Uthamasolapuram B.O,B.O,Delivery,Salem,Salem
636011,Govt. College Of Engg S.O,S.O,Delivery,Salem,Salem
636011,Kottagoundampatti B.O,B.O,Delivery,Omalur,Salem
636011,Mattukaranur B.O,B.O,Delivery,Salem,Salem
636011,Saminaickenpatti B.O,B.O,Delivery,Omalur,Salem
636012,Chettichavadi B.O,B.O,Delivery,Omalur,Salem
636012,Karuppur S.O,S.O,Delivery,Salem,Salem
636012,Moongilpadi B.O,B.O,Delivery,Omalur,Salem
636012,Thathiengarpatti B.O,B.O,Delivery,Omalur,Salem
636012,Vattakadu B.O,B.O,Delivery,Salem,Salem
636012,Vellalapatti B.O,B.O,Delivery,Omalur,Salem
636013,Karukkalvadi B.O,B.O,Delivery,Salem,Salem
636013,Salem Steel Plant S.O,S.O,Delivery,Salem,Salem
636014,Kamaraj Nagar Colony S.O,S.O,Delivery,Salem,Salem
636014,Tadampatti B.O,B.O,Delivery,Salem,Salem
636015,Dadubaikuttai S.O,S.O,Non-Delivery,Salem,Salem
636015,Erumapalayam B.O,B.O,Non-Delivery,Salem,Salem
636015,Kitchipalayam S.O,S.O,Delivery,Salem,Salem
636015,Narayananagar S.O,S.O,Non-Delivery,Salem,Salem
636015,Sanniyasigundu B.O,B.O,Non-Delivery,Salem,Salem
636016,Fairlands S.O,S.O,Delivery,Salem,Salem
636030,Maramangalathupatti B.O,B.O,Non-Delivery,Salem,Salem
636030,Mohan Nagar S.O (Salem),S.O,Delivery,Salem,Salem
636030,Sarkar Kollapatti B.O,B.O,Delivery,Salem,Salem
636101,Aragalur S.O,S.O,Delivery,Atur,Salem
636101,Govindampalayam B.O,B.O,Delivery,Atur,Salem
636101,Periyeri B.O,B.O,Delivery,Atur,Salem
636101,Puliyankurichi B.O,B.O,Delivery,Attur,Salem
636101,Sitheri B.O,B.O,Delivery,Atur,Salem
636101,Thiyaganur B.O,B.O,Delivery,Atur,Salem
636101,Veppampoondi B.O,B.O,Delivery,Atur,Salem
636102,Atur H.O,H.O,Delivery,Atur,Salem
636102,Aturbazaar S.O,S.O,Non-Delivery,Attur,Salem
636102,Gandhinagar S.O (Salem),S.O,Non-Delivery,Attur,Salem
636102,Udayarpalayam S.O (Salem),S.O,Non-Delivery,Attur,Salem
636102,Vinayagapuram S.O,S.O,Non-Delivery,Attur,Salem
636103,Ayodhiyapattinam East B.O,B.O,Non-Delivery,Salem,Salem
636103,Ayodhiyapattinam S.O,S.O,Delivery,Salem,Salem
636103,Kullampatti B.O,B.O,Delivery,Salem,Salem
636103,Masinaickenpatti B.O,B.O,Delivery,Salem,Salem
636103,Mettupatti Tadanur B.O,B.O,Delivery,Salem,Salem
636104,Aladipatti B.O,B.O,Delivery,Salem,Salem
636104,Aranoothumalai B.O,B.O,Delivery,Valapady,Salem
636104,Belur S.O (Salem),S.O,Delivery,Atur,Salem
636104,C.N.Palayam B.O,B.O,Delivery,Valapady,Salem
636104,C.P.Valasu B.O,B.O,Delivery,Valapady,Salem
636104,Konanchettiyur B.O,B.O,Delivery,Gangavalli,Salem
636104,Kurichi B.O,B.O,Delivery,Valapady,Salem
636104,Periyakuttimaduvu B.O,B.O,Delivery,Atur,Salem
636104,Puluthikuttai B.O,B.O,Delivery,Valapady,Salem
636104,Ramanathapuram B.O,B.O,Delivery,Gangavalli,Salem
636104,Sekkadipatti B.O,B.O,Delivery,Atur,Salem
636105,Anaiyampatti B.O,B.O,Delivery,Gangavalli,Salem
636105,Edappadi B.O,B.O,Delivery,Gangavalli,Salem
636105,Gangavalli S.O,S.O,Delivery,Gangavalli,Salem
636105,Kadambur B.O,B.O,Delivery,Gangavalli,Salem
636105,Krishnapuram B.O,B.O,Delivery,Gangavalli,Salem
636105,Kudamalai B.O,B.O,Delivery,Gangavalli,Salem
636105,Mayambadi B.O,B.O,Delivery,Gangavalli,Salem
636105,Naduvalur B.O,B.O,Delivery,Gangavalli,Salem
636105,Naripadi B.O,B.O,Delivery,Gangavalli,Salem
636105,Odiyathur B.O,B.O,Delivery,Gangavalli,Salem
636106,A.N.Mangalam B.O,B.O,Delivery,Salem,Salem
636106,Karipatti S.O,S.O,Delivery,Salem,Salem
636106,Karumapuram B.O,B.O,Delivery,Salem,Salem
636106,Minnampalli B.O,B.O,Delivery,Salem,Salem
636106,Periyagoundapuram B.O,B.O,Delivery,Salem,Salem
636106,Ramalingapuram B.O,B.O,Delivery,Vazhapadi,Salem
636106,S.N.Mangalam B.O,B.O,Delivery,Salem,Salem
636107,Arasanatham B.O,B.O,Delivery,Atur,Salem
636107,Gopalapuram B.O,B.O,Delivery,Atur,Salem
636107,Kalarampatti B.O,B.O,Delivery,Atur,Salem
636107,Keeripatti B.O,B.O,Delivery,Attur,Salem
636107,Malliakarai S.O,S.O,Delivery,Atur,Salem
636107,Melthombai B.O,B.O,Delivery,Attur,Salem
636107,Seeliampatti B.O,B.O,Delivery,Atur,Salem
636108,Appamasamudram B.O,B.O,Delivery,Atur,Salem
636108,Chokkanathapuram B.O,B.O,Delivery,Atur,Salem
636108,Narasingapuram S.O (Salem),S.O,Delivery,Attur,Salem
636108,Palaniyapuri B.O,B.O,Delivery,Atur,Salem
636108,Ramanaickenpalayam B.O,B.O,Delivery,Atur,Salem
636108,Thandavarayapuram B.O,B.O,Delivery,Atur,Salem
636109,Dalavaipatti B.O,B.O,Delivery,Atur,Salem
636109,Kalpaganur B.O,B.O,Delivery,Atur,Salem
636109,Olapadi B.O,B.O,Delivery,Atur,Salem
636109,Pethanaickenpalayam S.O,S.O,Delivery,Attur,Salem
636110,Kondayampalli B.O,B.O,Delivery,Gangavalli,Salem
636110,Manmalai B.O,B.O,Delivery,Gangavalli,Salem
636110,Palakadu B.O,B.O,Delivery,Gangavalli,Salem
636110,Sendarapatti S.O,S.O,Delivery,Gangavalli,Salem
636110,Tagarapudur B.O,B.O,Delivery,Gangavalli,Salem
636111,Chendrayampalayam B.O,B.O,Delivery,Valapady,Salem
636111,M. Perumapalayam B.O,B.O,Delivery,Valapady,Salem
636111,Mettupatti Karipatti B.O,B.O,Delivery,Vazhapadi,Salem
636111,Muthampatti B.O,B.O,Delivery,Valapady,Salem
636111,Seshanchavadi S.O,S.O,Delivery,Vazhapadi,Salem
636111,Vellalagundam B.O,B.O,Delivery,Valapady,Salem
636112,Deviyakurichi B.O,B.O,Delivery,Atur,Salem
636112,Kamakkapalayam B.O,B.O,Delivery,Atur,Salem
636112,Manivilundan Colony B.O,B.O,Delivery,Attur,Salem
636112,Navakurichi B.O,B.O,Delivery,Attur,Salem
636112,Pattuthurai B.O,B.O,Delivery,Atur,Salem
636112,Puthur B.O,B.O,Delivery,Atur,Salem
636112,Sheepfarm B.O,B.O,Delivery,Attur,Salem
636112,Siruvachur B.O,B.O,Delivery,Atur,Salem
636112,Talaivasal S.O,S.O,Delivery,Atur,Salem
636112,Unathur B.O,B.O,Delivery,Atur,Salem
636112,Varagur B.O,B.O,Delivery,Atur,Salem
636113,Jangammasamudram B.O,B.O,Delivery,Gangavalli,Salem
636113,Koneripatti B.O,B.O,Delivery,Attur,Salem
636113,Nagiampatti B.O,B.O,Delivery,Gangavalli,Salem
636113,Perappancholai B.O,B.O,Delivery,Attur,Salem
636113,Periyakombai B.O,B.O,Delivery,Rasipuram,Namakkal
636113,Thammampatti S.O,S.O,Delivery,Attur,Salem
636113,Udayarpalayam B.O,B.O,Non-Delivery,Attur,Salem
636113,Vazhakombai B.O,B.O,Delivery,Gangavalli,Salem
636114,Idayapatti B.O,B.O,Delivery,Atur,Salem
636114,Mannur B.O,B.O,Delivery,Atur,Salem
636114,Neyyamalai B.O,B.O,Delivery,Atur,Salem
636114,Pappanaickenpatti B.O,B.O,Delivery,Attur,Salem
636114,Thumbal S.O,S.O,Delivery,Atur,Salem
636114,Vellalapatti B.O,B.O,Delivery,Attur,Salem
636115,Athanurpatti B.O,B.O,Delivery,Valapady,Salem
636115,Kottavadi B.O,B.O,Delivery,Atur,Salem
636115,Mannarpalayam Valapady B.O,B.O,Delivery,Valapady,Salem
636115,Periakrishnapuram B.O,B.O,Delivery,Atur,Salem
636115,Ponnarampatti B.O,B.O,Delivery,Valapady,Salem
636115,Singipuram B.O,B.O,Delivery,Valapady,Salem
636115,Thamaiyanur B.O,B.O,Delivery,Atur,Salem
636115,Thukkiampalayam B.O,B.O,Delivery,Valapady,Salem
636115,Vaidhyagoundampudur B.O,B.O,Delivery,Salem,Salem
636115,Valapady S.O,S.O,Delivery,Valapady,Salem
636115,Vilaripalayam B.O,B.O,Delivery,Valapady,Salem
636115,West Rajapalayam B.O,B.O,Delivery,Atur,Salem
636116,Iluppanatham B.O,B.O,Delivery,Atur,Salem
636116,Kavarpanai B.O,B.O,Delivery,Atur,Salem
636116,Laddivadi B.O,B.O,Delivery,Atur,Salem
636116,Navalur B.O,B.O,Delivery,Atur,Salem
636116,Punavasal B.O,B.O,Delivery,Atur,Salem
636116,Rajapalayam East B.O,B.O,Delivery,Atur,Salem
636116,Thedavur B.O,B.O,Delivery,Salem,Salem
636116,Vellaiyur B.O,B.O,Delivery,Atur,Salem
636116,Viraganur S.O,S.O,Delivery,Salem,Salem
636117,A.Komarapalayam B.O,B.O,Delivery,Attur,Salem
636117,Kalleripatti B.O,B.O,Delivery,Atur,Salem
636117,Panaimadal B.O,B.O,Delivery,Atur,Salem
636117,Thandanur B.O,B.O,Delivery,Attur,Salem
636117,Yethapur S.O,S.O,Delivery,Attur,Salem
636118,Naraikinar B.O,B.O,Delivery,Rasipuram,Namakkal
636118,Ulipuram S.O,S.O,Delivery,Gangavalli,Salem
636119,Ariyampalayam B.O,B.O,Delivery,Atur,Salem
636119,Puthiragoundampalayam S.O,S.O,Delivery,Atur,Salem
636119,Umayapuram B.O,B.O,Delivery,Atur,Salem
636119,Veeragoundanur B.O,B.O,Delivery,Atur,Salem
636121,Kattukottai B.O,B.O,Delivery,Atur,Salem
636121,Manivilundan B.O,B.O,Delivery,Atur,Salem
636121,Sadasivapuram B.O,B.O,Delivery,Atur,Salem
636121,Sarvoy B.O,B.O,Delivery,Atur,Salem
636121,Sathapadi B.O,B.O,Delivery,Atur,Salem
636121,Thenkumarai B.O,B.O,Delivery,Atur,Salem
636121,Vadachennimalai S.O,S.O,Delivery,Attur,Salem
636121,Valayamadevi B.O,B.O,Delivery,Atur,Salem
636122,Achankuttapatti B.O,B.O,Delivery,Salem,Salem
636122,Chinnanur B.O,B.O,Delivery,Salem,Salem
636122,D.Perumapalayam B.O,B.O,Delivery,Salem,Salem
636122,Kuppanur B.O,B.O,Delivery,Salem,Salem
636122,Pallipatti B.O,B.O,Delivery,Salem,Salem
636122,Poovanur B.O,B.O,Delivery,Salem,Salem
636122,Sukkampatti S.O,S.O,Delivery,Salem,Salem
636122,Valasaiyur B.O,B.O,Delivery,Salem,Salem
636122,Veeranam B.O,B.O,Delivery,Salem,Salem
636138,Kariyakoil B.O,B.O,Delivery,Salem,Salem
636138,Karumanthurai S.O,S.O,Delivery,Salem,Salem
636138,Koil Puthur B.O,B.O,Delivery,Atur,Salem
636138,Kunnur B.O,B.O,Delivery,Atur,Salem
636138,Maniyaragundam B.O,B.O,Delivery,Salem,Salem
636138,Pagadupattu B.O,B.O,Delivery,Salem,Salem
636138,Sittampatti B.O,B.O,Delivery,Salem,Salem
636138,Soolankurichi B.O,B.O,Delivery,Atur,Salem
636138,Thekkampattu B.O,B.O,Delivery,Salem,Salem
636139,Anuppur B.O,B.O,Delivery,Salem,Salem
636139,Kolathukombai B.O,B.O,Delivery,Valapady,Salem
636139,Kootathupatti S.O,S.O,Delivery,Salem,Salem
636139,Nirmullikuttai B.O,B.O,Delivery,Valapady,Salem
636139,Velampatti B.O,B.O,Delivery,Salem,Salem
636140,Kandashramam B.O,B.O,Delivery,Salem,Salem
636140,Odayapatti S.O,S.O,Delivery,Salem,Salem
636141,Ammampalayam B.O,B.O,Delivery,Atur,Salem
636141,Kallanatham B.O,B.O,Delivery,Atur,Salem
636141,Manjini B.O,B.O,Delivery,Atur,Salem
636141,Mulluvadi B.O,B.O,Non-Delivery,Attur,Salem
636141,Paithur B.O,B.O,Delivery,Atur,Salem
636141,Pudupet S.O (Salem),S.O,Delivery,Attur,Salem
636141,Pungavadi B.O,B.O,Delivery,Atur,Salem
636142,Moolakurichi B.O,B.O,Delivery,Attur,Salem
636142,Mullukurichi S.O,S.O,Delivery,Rasipuram,Namakkal
636142,Unanthangal B.O,B.O,Delivery,Rasipuram,Namakkal
636201,Dasanaickenpatti S.O,S.O,Delivery,Salem,Salem
636201,Gajjalnaickenpatti B.O,B.O,Delivery,Salem,Salem
636201,Nalikalpatti B.O,B.O,Delivery,Salem,Salem
636201,Nilavarapatti B.O,B.O,Delivery,Salem,Salem
636201,Seelanaickenpatti B.O,B.O,Delivery,Salem,Salem
636202,Ayilpatti B.O,B.O,Delivery,Rasipuram,Namakkal
636202,Eswaramurthipalayam B.O,B.O,Delivery,Rasipuram,Namakkal
636202,Kamarajnagar B.O,B.O,Delivery,Salem,Salem
636202,Kammalapatti B.O,B.O,Delivery,Rasipuram,Namakkal
636202,Karkudalpatti B.O,B.O,Delivery,Rasipuram,Namakkal
636202,Kattur B.O,B.O,Delivery,Rasipuram,Namakkal
636202,Mangalapuram S.O,S.O,Delivery,Rasipuram,Namakkal
636202,Mathuruttu B.O,B.O,Delivery,Rasipuram,Namakkal
636202,Singiliankombai B.O,B.O,Delivery,Rasipuram,Namakkal
636202,Thandagoundanpalayam B.O,B.O,Delivery,Rasipuram,Namakkal
636202,Thimmanaickenpatti B.O,B.O,Delivery,Rasipuram,Namakkal
636202,Thirumanur B.O,B.O,Delivery,Rasipuram,Namakkal
636202,Veppilaipatti B.O,B.O,Delivery,Rasipuram,Namakkal
636203,E.Pethampatti B.O,B.O,Delivery,Salem,Salem
636203,Mookuthipalayam B.O,B.O,Delivery,Salem,Salem
636203,Mullur S.O,S.O,Delivery,Salem,Salem
636203,P.Mettur B.O,B.O,Delivery,Salem,Salem
636203,Parapatti B.O,B.O,Delivery,Salem,Salem
636203,R.Komarapalayam B.O,B.O,Delivery,Salem,Salem
636203,S.Attayampatti B.O,B.O,Delivery,Salem,Salem
636203,Shevaroy Mines B.O,B.O,Delivery,Yercaud,Salem
636204,Adikarai B.O,B.O,Delivery,Salem,Salem
636204,Kuralnatham B.O,B.O,Delivery,Salem,Salem
636204,Panamarathupatti S.O,S.O,Delivery,Salem,Salem
636204,Thumbalpatti B.O,B.O,Delivery,Salem,Salem
636204,Tippampatti B.O,B.O,Delivery,Salem,Salem
636301,Attanur S.O,S.O,Delivery,Rasipuram,Namakkal
636301,Thengalpalayam B.O,B.O,Delivery,Rasipuram,Namakkal
636301,Thottivalasu B.O,B.O,Delivery,Rasipuram,Namakkal
636302,Ayyamperumalpatti B.O,B.O,Delivery,Salem,Salem
636302,Dalavaipatti B.O,B.O,Delivery,Salem,Salem
636302,Jagir Ammapalayam S.O,S.O,Delivery,Salem,Salem
636302,Kachakaranur S.O,S.O,Non-Delivery,Salem,Salem
636302,Magnesite Mines B.O,B.O,Delivery,Salem,Salem
636302,Mamangam B.O,B.O,Delivery,Salem,Salem
636303,Chinnathanda B.O,B.O,Delivery,Mettur,Salem
636303,Dinnapatti B.O,B.O,Delivery,Mettur,Salem
636303,Govindapadi B.O,B.O,Delivery,Mettur,Salem
636303,Kannamoochi B.O,B.O,Delivery,Mettur,Salem
636303,Karungallur B.O,B.O,Delivery,Mettur,Salem
636303,Kaveripuram B.O,B.O,Delivery,Mettur,Salem
636303,Kolathur (Salem)S.O,S.O,Delivery,Mettur,Salem
636303,Kurumbarur B.O,B.O,Delivery,Mettur,Salem
636303,Palamalai Hills B.O,B.O,Delivery,Mettur,Salem
636303,Pannavadi B.O,B.O,Delivery,Mettur,Salem
636303,Savariyarpalayam B.O,B.O,Delivery,Mettur,Salem
636303,Settiyur B.O,B.O,Delivery,Mettur,Salem
636303,Singiripatti B.O,B.O,Delivery,Mettur,Salem
636303,Tharkadusundarapuram B.O,B.O,Delivery,Mettur,Salem
636304,Attukaranur B.O,B.O,Delivery,Salem,Salem
636304,Boominaickenpatti B.O,B.O,Delivery,Salem,Salem
636304,Chellapillaikuttai B.O,B.O,Delivery,Omalur,Salem
636304,Muthunaickenpatti S.O,S.O,Delivery,Omalur,Salem
636304,Nallagoundampatti B.O,B.O,Delivery,Salem,Salem
636304,Pakalpatti B.O,B.O,Delivery,Omalur,Salem
636304,Semmankudal B.O,B.O,Delivery,Salem,Salem
636305,Kanjanaickenpatti B.O,B.O,Delivery,Omalur,Salem
636305,Karuvalli B.O,B.O,Delivery,Salem,Salem
636305,Kongupatti B.O,B.O,Delivery,Omalur,Salem
636305,Mattukaranpudur B.O,B.O,Delivery,Salem,Salem
636305,Pannapatti S.O,S.O,Delivery,Omalur,Salem
636305,Poosaripatti B.O,B.O,Delivery,Omalur,Salem
636305,Sarkaraichettipatti B.O,B.O,Delivery,Omalur,Salem
636305,Sarkkapillaiyur B.O,B.O,Delivery,Salem,Salem
636305,Thinnapatti B.O,B.O,Delivery,Salem,Salem
636305,Thumbipadi B.O,B.O,Delivery,Omalur,Salem
636306,Dasavilakku B.O,B.O,Delivery,Edappadi,Salem
636306,Duddampatti B.O,B.O,Delivery,Salem,Salem
636306,Pappampadi B.O,B.O,Non-Delivery,Edappadi,Salem
636306,Pudupalayam B.O,B.O,Delivery,Edappadi,Salem
636306,Samudram B.O,B.O,Delivery,Edappadi,Salem
636306,Sinnappampatti S.O,S.O,Delivery,Salem,Salem
636307,Andipatti B.O,B.O,Delivery,Salem,Salem
636307,Bodinaickenpatti B.O,B.O,Non-Delivery,Salem,Salem
636307,Kandampatti B.O,B.O,Non-Delivery,Salem,Salem
636307,Murungapatti B.O,B.O,Delivery,Salem,Salem
636307,Naickenpatti B.O,B.O,Delivery,Salem,Salem
636307,Perumampatti B.O,B.O,Delivery,Salem,Salem
636307,Sivadapuram S.O,S.O,Delivery,Salem,Salem
636307,Thirumalagiri B.O,B.O,Delivery,Salem,Salem
636308,Akkarapalayam B.O,B.O,Delivery,Salem,Salem
636308,Ariyanur B.O,B.O,Delivery,Salem,Salem
636308,Bairoji Agraharam B.O,B.O,Delivery,Salem,Salem
636308,Chinnaseeragapadi B.O,B.O,Delivery,Salem,Salem
636308,Periaseeragapadi B.O,B.O,Delivery,Salem,Salem
636308,Veerapandi Salem S.O,S.O,Delivery,Salem,Salem
636309,Darapuram B.O,B.O,Delivery,Omalur,Salem
636309,Kamalapuram S.O (Salem),S.O,Delivery,Omalur,Salem
636309,Periapatti B.O,B.O,Delivery,Salem,Salem
636309,Pottipuram B.O,B.O,Delivery,Omalur,Salem
636309,Semmandapatti B.O,B.O,Delivery,Omalur,Salem
636309,Sikkanampatti B.O,B.O,Delivery,Omalur,Salem
636351,Bommiampatti B.O,B.O,Delivery,Omalur,Salem
636351,Deevattipatti B.O,B.O,Delivery,Omalur,Salem
636351,Jodukuli B.O,B.O,Delivery,Salem,Salem
636351,Kadayampatti S.O,S.O,Delivery,Omalur,Salem
636351,Konreddiyur B.O,B.O,Delivery,Salem,Salem
636351,Mukkanur B.O,B.O,Delivery,Omalur,Salem
636351,Nadupatti B.O,B.O,Delivery,Omalur,Salem
636351,Umbilickampatti B.O,B.O,Delivery,Salem,Salem
636351,V.Kongarapatti B.O,B.O,Delivery,Salem,Salem
636352,Kammampatti B.O,B.O,Delivery,Dharmapuri,Dharmapuri
636352,Moolakadu B.O,B.O,Delivery,Dharmapuri,Dharmapuri
636352,T.Ganigarahalli B.O,B.O,Delivery,Dharmapuri,Dharmapuri
636352,Thoppur S.O,S.O,Delivery,Nallampalli,Dharmapuri
636354,Danishpet S.O,S.O,Delivery,Omalur,Salem
636354,K.Morur B.O,B.O,Delivery,Omalur,Salem
636354,Kanavaipudur B.O,B.O,Delivery,Omalur,Salem
636354,Kannapadi B.O,B.O,Delivery,Mettur,Salem
636354,Kethunaickenpattipudur B.O,B.O,Delivery,Omalur,Salem
636354,Periavadugampatti B.O,B.O,Delivery,Salem,Salem
636354,Ramamurthinagar B.O,B.O,Delivery,Salem,Salem
636401,Metturdam S.O,S.O,Delivery,Mettur,Salem
636401,Metturdam South S.O,S.O,Non-Delivery,Mettur,Salem
636402,Metturdam RS S.O,S.O,Delivery,Mettur,Salem
636402,Nedunchalai Nagar S.O,S.O,Non-Delivery,Salem,Salem
636403,Karumalaikudal B.O,B.O,Non-Delivery,Mettur,Salem
636403,Pudusampalli B.O,B.O,Non-Delivery,Mettur,Salem
636403,Raman Nagar S.O,S.O,Delivery,Mettur,Salem
636404,Andikarai B.O,B.O,Delivery,Mettur,Salem
636404,Gonur S.O,S.O,Delivery,Mettur,Salem
636404,Karuppureddiyur B.O,B.O,Delivery,Mettur,Salem
636406,Mettur Thermal Project S.O,S.O,Delivery,Mettur,Salem
636451,Amaram B.O,B.O,Delivery,Mettur,Salem
636451,Aranganur B.O,B.O,Delivery,Mettur,Salem
636451,Banapuram B.O,B.O,Delivery,Mettur,Salem
636451,Bukkampatti B.O,B.O,Delivery,Mettur,Salem
636451,Chamrajpet S.O (Salem),S.O,Delivery,Mettur,Salem
636451,Erakondampatti B.O,B.O,Delivery,Mettur,Salem
636451,Marakottai B.O,B.O,Delivery,Mettur,Salem
636451,Periasathapadi B.O,B.O,Delivery,Mettur,Salem
636451,Thettigiripatti B.O,B.O,Delivery,Mettur,Salem
636451,Vellar B.O,B.O,Delivery,Mettur,Salem
636452,Kolanaickenpatti B.O,B.O,Delivery,Mettur,Salem
636452,Madayankuttai S.O,S.O,Delivery,Mettur,Salem
636452,Masilapalayam B.O,B.O,Delivery,Mettur,Salem
636452,Mulakadu B.O,B.O,Delivery,Mettur,Salem
636452,Navapatti B.O,B.O,Delivery,Mettur,Salem
636453,Guttapatti B.O,B.O,Delivery,Mettur,Salem
636453,Koppampudur B.O,B.O,Delivery,Mettur,Salem
636453,Kullamudayanur B.O,B.O,Delivery,Mettur,Salem
636453,M.Kalipatti B.O,B.O,Delivery,Mettur,Salem
636453,Mecheri S.O,S.O,Delivery,Mettur,Salem
636453,Pottaneri B.O,B.O,Delivery,Mettur,Salem
636453,Virudasampatti B.O,B.O,Delivery,Mettur,Salem
636454,Kanakkampatti B.O,B.O,Delivery,Mettur,Salem
636454,Nangavalli S.O,S.O,Delivery,Mettur,Salem
636454,Veerakkal B.O,B.O,Delivery,Mettur,Salem
636455,Chettipatti B.O,B.O,Delivery,Omalur,Salem
636455,Mettupatti B.O,B.O,Delivery,Salem,Salem
636455,Moongilerichettipatti B.O,B.O,Delivery,Omalur,Salem
636455,Olaipatti B.O,B.O,Delivery,Omalur,Salem
636455,Omalur Cutcherry S.O,S.O,Non-Delivery,Salem,Salem
636455,Omalur S.O,S.O,Delivery,Omalur,Salem
636455,Pachanampatti B.O,B.O,Delivery,Omalur,Salem
636455,Panankattur B.O,B.O,Delivery,Omalur,Salem
636456,Salem Camp S.O,S.O,Delivery,Mettur,Salem
636457,Periavanavasi B.O,B.O,Delivery,Mettur,Salem
636457,Sanarapatti B.O,B.O,Delivery,Mettur,Salem
636457,Vanavasi S.O,S.O,Delivery,Mettur,Salem
636458,Koonandiyur B.O,B.O,Delivery,Mettur,Salem
636458,M.Pallipatti B.O,B.O,Delivery,Mettur,Salem
636458,Mallikundam S.O,S.O,Delivery,Mettur,Salem
636458,Nariyanur B.O,B.O,Delivery,Mettur,Salem
636501,Adaiyur B.O,B.O,Delivery,Mettur,Salem
636501,Doramangalam B.O,B.O,Delivery,Mettur,Salem
636501,Ilavampatti B.O,B.O,Delivery,Mettur,Salem
636501,Jalakantapuram S.O,S.O,Delivery,Mettur,Salem
636501,Kuppampatti B.O,B.O,Delivery,Mettur,Salem
636501,Pakkanadu B.O,B.O,Delivery,Mettur,Salem
636501,Ramireddipatti B.O,B.O,Delivery,Mettur,Salem
636501,Savariyur B.O,B.O,Delivery,Mettur,Salem
636501,Selavadai B.O,B.O,Delivery,Mettur,Salem
636501,Surapalli B.O,B.O,Delivery,Mettur,Salem
636502,Arurpatti B.O,B.O,Delivery,Omalur,Salem
636502,Chinnasoragai B.O,B.O,Delivery,Omalur,Salem
636502,Pavalathanur B.O,B.O,Delivery,Salem,Salem
636502,Periakadampatti B.O,B.O,Delivery,Salem,Salem
636502,Periasoragai B.O,B.O,Delivery,Omalur,Salem
636502,T.Konagapadi B.O,B.O,Delivery,Omalur,Salem
636502,Tharamangalam S.O,S.O,Delivery,Salem,Salem
636503,Amaragundhi B.O,B.O,Delivery,Omalur,Salem
636503,Mallikuttai B.O,B.O,Delivery,Omalur,Salem
636503,Manathal B.O,B.O,Delivery,Omalur,Salem
636503,Manathal Nallagoundampatti B.O,B.O,Delivery,Omalur,Salem
636503,Maramangalam B.O,B.O,Delivery,Omalur,Salem
636503,Muthampatti B.O,B.O,Delivery,Salem,Salem
636503,Periyeripatti B.O,B.O,Delivery,Omalur,Salem
636503,Tholasampatti S.O,S.O,Delivery,Omalur,Salem
636601,Keeraikadu B.O,B.O,Delivery,Yercaud,Salem
636601,Kombuthooki B.O,B.O,Delivery,Yercaud,Salem
636601,Kottaichedu B.O,B.O,Delivery,Yercaud,Salem
636601,Maramangalam B.O,B.O,Delivery,Yercaud,Salem
636601,Palakadu B.O,B.O,Delivery,Yercaud,Salem
636601,Pattipadi B.O,B.O,Delivery,Yercaud,Salem
636601,Puthur B.O,B.O,Delivery,Yercaud,Salem
636601,Sengadu B.O,B.O,Delivery,Yercaud,Salem
636601,Thalaisolai B.O,B.O,Delivery,Yercaud,Salem
636601,Vazhavandhi B.O,B.O,Delivery,Yercaud,Salem
636601,Velur B.O,B.O,Delivery,Yercaud,Salem
636601,Yercaud S.O,S.O,Delivery,Yercaud,Salem
636602,Asambur B.O,B.O,Delivery,Yercaud,Salem
636602,Cauvery Peak B.O,B.O,Delivery,Yercaud,Salem
636602,Karadiyur B.O,B.O,Delivery,Yercaud,Salem
636602,Manjakuttai B.O,B.O,Delivery,Yercaud,Salem
636602,Muluvi B.O,B.O,Delivery,Yercaud,Salem
636602,Nagalur B.O,B.O,Delivery,Yercaud,Salem
636602,Ondikadai S.O,S.O,Delivery,Yercaud,Salem
636602,Piliyur B.O,B.O,Delivery,Yercaud,Salem
636602,Semmanatham B.O,B.O,Delivery,Yercaud,Salem
636602,Vellakadai B.O,B.O,Delivery,Yercaud,Salem
636701,Dharmapuri Fort S.O,S.O,Non-Delivery,Dharmapuri,Dharmapuri
636701,Dharmapuri H.O,H.O,Delivery,Dharmapuri,Dharmapuri
636701,Dharmapuri R.S S.O,S.O,Non-Delivery,Dharmapuri,Dharmapuri
636701,Dharmapuri South S.O,S.O,Non-Delivery,Dharmapuri,Dharmapuri
636701,Hale Dharmapuri B.O,B.O,Delivery,Dharmapuri,Dharmapuri
636701,Komarasamipatti S.O,S.O,Non-Delivery,Dharmapuri,Dharmapuri
636701,Mathikonpalayam B.O,B.O,Delivery,Dharmapuri,Dharmapuri
636704,A.Gollahalli B.O,B.O,Delivery,Dharmapuri,Dharmapuri
636704,Akkamanahalli B.O,B.O,Delivery,Dharmapuri,Dharmapuri
636704,Annasagaram S.O,S.O,Delivery,Dharmapuri,Dharmapuri
636704,Kuppur B.O,B.O,Delivery,Dharmapuri,Dharmapuri
636704,Mittanoolahalli B.O,B.O,Delivery,Dharmapuri,Dharmapuri
636704,Settikarai B.O,B.O,Delivery,Dharmapuri,Dharmapuri
636704,Solaikottai B.O,B.O,Delivery,Dharmapuri,Dharmapuri
636704,Ungaranahalli B.O,B.O,Delivery,Dharmapuri,Dharmapuri
636704,Venkatenahalli B.O,B.O,Delivery,Dharmapuri,Dharmapuri
636705,Dharmapuri Collectorate S.O,S.O,Delivery,Dharmapuri,Dharmapuri
636705,Thokkampatti B.O,B.O,Delivery,Dharmapuri,Dharmapuri
636705,Vennampatti S.O,S.O,Non-Delivery,Dharmapuri,Dharmapuri
636803,Adagapadi B.O,B.O,Delivery,Pennagaram,Dharmapuri
636803,Bedrahalli B.O,B.O,Delivery,Pennagaram,Dharmapuri
636803,Dalavaihalli B.O,B.O,Delivery,Pennagaram,Dharmapuri
636803,Indur S.O,S.O,Delivery,Palacode,Dharmapuri
636803,Makkanur B.O,B.O,Delivery,Dharmapuri,Dharmapuri
636803,Nagarkudal B.O,B.O,Delivery,Pennagaram,Dharmapuri
636803,Nettadahalli B.O,B.O,Delivery,Dharmapuri,Dharmapuri
636803,Pungunatham B.O,B.O,Delivery,Pennagaram,Dharmapuri
636803,Somenahalli B.O,B.O,Delivery,Pennagaram,Dharmapuri
636804,Boodanahalli B.O,B.O,Delivery,Dharmapuri,Dharmapuri
636804,Laligam S.O,S.O,Delivery,Nallampalli,Dharmapuri
636804,Mademangalam B.O,B.O,Delivery,Dharmapuri,Dharmapuri
636804,Mittadinnahalli B.O,B.O,Delivery,Dharmapuri,Dharmapuri
636804,Nallasenahalli B.O,B.O,Delivery,Dharmapuri,Dharmapuri
636804,Narthampatti B.O,B.O,Delivery,Dharmapuri,Dharmapuri
636804,Vathalmalai B.O,B.O,Delivery,Dharmapuri,Dharmapuri
636805,Attornahalli B.O,B.O,Delivery,Pennagaram,Dharmapuri
636805,Bommanur B.O,B.O,Delivery,Pennagaram,Dharmapuri
636805,Jakkasamudram B.O,B.O,Delivery,Palacode,Dharmapuri
636805,Jittandahalli B.O,B.O,Delivery,Palacode,Dharmapuri
636805,M.Maravadi B.O,B.O,Delivery,Palacode,Dharmapuri
636805,Mahendramangalam B.O,B.O,Delivery,Palacode,Dharmapuri
636805,Mallupatti S.O,S.O,Delivery,Palacode,Dharmapuri
636805,Veppalahalli B.O,B.O,Delivery,Pennagaram,Dharmapuri
636806,Ammanimallapuram B.O,B.O,Delivery,Palakkodu,Dharmapuri
636806,Bettamugulalam B.O,B.O,Delivery,Palacode,Dharmapuri
636806,Chikkadornabetta B.O,B.O,Delivery,Palacode,Dharmapuri
636806,Gujjarahalli B.O,B.O,Delivery,Palacode,Dharmapuri
636806,Kandenahalli B.O,B.O,Delivery,Palacode,Dharmapuri
636806,Marandahalli S.O,S.O,Delivery,Palacode,Dharmapuri
636806,Samanur B.O,B.O,Delivery,Palacode,Dharmapuri
636807,A.Jettihalli B.O,B.O,Delivery,Dharmapuri,Dharmapuri
636807,Adiyamankottai B.O,B.O,Delivery,Dharmapuri,Dharmapuri
636807,Balajangamanahalli B.O,B.O,Delivery,Dharmapuri,Dharmapuri
636807,Dokkubothanahalli B.O,B.O,Delivery,Dharmapuri,Dharmapuri
636807,Elagiri B.O,B.O,Delivery,Dharmapuri,Dharmapuri
636807,Esalpatti B.O,B.O,Delivery,Dharmapuri,Dharmapuri
636807,Ichampatti B.O,B.O,Delivery,Dharmapuri,Dharmapuri
636807,Maniyadahalli B.O,B.O,Delivery,Dharmapuri,Dharmapuri
636807,Nallampalli S.O,S.O,Delivery,Nallampalli,Dharmapuri
636807,Pagalahalli B.O,B.O,Delivery,Dharmapuri,Dharmapuri
636807,Palayam B.O,B.O,Delivery,Dharmapuri,Dharmapuri
636807,Samichettipatti B.O,B.O,Delivery,Dharmapuri,Dharmapuri
636808,Begarahalli B.O,B.O,Delivery,Palacode,Dharmapuri
636808,Belarahalli B.O,B.O,Delivery,Palakkodu,Dharmapuri
636808,Dandukaranahalli B.O,B.O,Delivery,Palacode,Dharmapuri
636808,Erranahalli B.O,B.O,Delivery,Palacode,Dharmapuri
636808,Hanumanthapuram B.O,B.O,Delivery,Palacode,Dharmapuri
636808,Jertalav B.O,B.O,Delivery,Palacode,Dharmapuri
636808,Kathanahalli B.O,B.O,Delivery,Palakkodu,Dharmapuri
636808,Kattampatti B.O,B.O,Delivery,Palacode,Dharmapuri
636808,P.Chettihalli B.O,B.O,Delivery,Palacode,Dharmapuri
636808,Palacode S.O,S.O,Delivery,Palacode,Dharmapuri
636808,Pappinaickenpatti B.O,B.O,Delivery,Palacode,Dharmapuri
636808,Poduthampatti B.O,B.O,Delivery,Palakkodu,Dharmapuri
636808,Pulikarai B.O,B.O,Delivery,Palacode,Dharmapuri
636808,Seeriyanahalli B.O,B.O,Delivery,Palacode,Dharmapuri
636808,Sunnampatti B.O,B.O,Delivery,Palacode,Dharmapuri
636808,Thirumalvadi B.O,B.O,Delivery,Palacode,Dharmapuri
636808,Yelangalpatti B.O,B.O,Delivery,Palacode,Dharmapuri
636809,Chetthalli B.O,B.O,Delivery,Pennagaram,Dharmapuri
636809,Giddanahalli B.O,B.O,Delivery,Paupparapatti,Dharmapuri
636809,Kadagathur B.O,B.O,Delivery,Pennagaram,Dharmapuri
636809,Onnappagoundanahalli B.O,B.O,Delivery,Pennagaram,Dharmapuri
636809,P.Agraharam B.O,B.O,Delivery,Pennagaram,Dharmapuri
636809,Padi B.O,B.O,Delivery,Pennagaram,Dharmapuri
636809,Palavadi B.O,B.O,Delivery,Pennagaram,Dharmapuri
636809,Paupparapatti S.O,S.O,Delivery,Pennagaram,Dharmapuri
636809,Pikkili B.O,B.O,Delivery,Pennagaram,Dharmapuri
636809,Selliampatti B.O,B.O,Delivery,Palakkodu,Dharmapuri
636809,Sogathur B.O,B.O,Delivery,Pennagaram,Dharmapuri
636810,Ajjanahalli B.O,B.O,Delivery,Pennagaram,Dharmapuri
636810,Badrahalli B.O,B.O,Delivery,Pennagaram,Dharmapuri
636810,Dinnabelur B.O,B.O,Delivery,NA,Dharmapuri
636810,Donnakuttahalli B.O,B.O,Delivery,Pennagaram,Dharmapuri
636810,Hogenakkal B.O,B.O,Delivery,Pennagaram,Dharmapuri
636810,Koothapadi B.O,B.O,Delivery,Pennagaram,Dharmapuri
636810,Manjarahalli B.O,B.O,Delivery,Pennagaram,Dharmapuri
636810,Nagamarai B.O,B.O,Delivery,Pennagaram,Dharmapuri
636810,Pennagaram S.O,S.O,Delivery,Pennagaram,Dharmapuri
636810,Ramagondahalli B.O,B.O,Delivery,Pennagaram,Dharmapuri
636810,Senganur B.O,B.O,Delivery,Pennagaram,Dharmapuri
636810,Sunchalnatham B.O,B.O,Delivery,Pennagaram,Dharmapuri
636810,Vattuvanahalli B.O,B.O,Delivery,Pennagaram,Dharmapuri
636811,Arakasanahalli B.O,B.O,Delivery,Pennagaram,Dharmapuri
636811,Chinnampalli B.O,B.O,Delivery,Pennagaram,Dharmapuri
636811,Gendenahalli B.O,B.O,Delivery,Pennagaram,Dharmapuri
636811,Kalappambadi B.O,B.O,Delivery,Pennagaram,Dharmapuri
636811,Perumbalai S.O,S.O,Delivery,Pennagaram,Dharmapuri
636812,Nammanadahalli B.O,B.O,Delivery,Palacode,Dharmapuri
636812,Panjapalli S.O,S.O,Delivery,Palacode,Dharmapuri
636812,Thumjepalli B.O,B.O,Delivery,Palacode,Dharmapuri
636813,Anjehalli B.O,B.O,Delivery,Pennagaram,Dharmapuri
636813,Bikkampatti B.O,B.O,Delivery,Pennagaram,Dharmapuri
636813,Biliyanur Agraharam S.O,S.O,Delivery,Pennagaram,Dharmapuri
636813,Errapayanahalli B.O,B.O,Delivery,Pennagaram,Dharmapuri
636813,Erupalli B.O,B.O,Delivery,Pennagaram,Dharmapuri
636813,Konangihalli B.O,B.O,Delivery,Pennagaram,Dharmapuri
636813,Manchinayakkanahalli B.O,B.O,Delivery,Pennagaram,Dharmapuri
636813,Mangarai B.O,B.O,Delivery,Pennagaram,Dharmapuri
636813,Noolahalli B.O,B.O,Delivery,Pennagaram,Dharmapuri
636813,Rajagollahalli B.O,B.O,Delivery,Pennagaram,Dharmapuri
636813,Sathiyanathapuram B.O,B.O,Delivery,Pennagaram,Dharmapuri
636902,Eachambadi S.O,S.O,Delivery,Harur,Dharmapuri
636902,Hanumantheertham B.O,B.O,Delivery,Harur,Dharmapuri
636902,K.Vetrapatti B.O,B.O,Delivery,Harur,Dharmapuri
636902,Katteri B.O,B.O,Delivery,Harur,Dharmapuri
636902,Keelkuppam B.O,B.O,Delivery,Harur,Dharmapuri
636902,Kongavembu B.O,B.O,Delivery,Harur,Dharmapuri
636902,Mampatti B.O,B.O,Delivery,Harur,Dharmapuri
636902,Mobiripatti B.O,B.O,Delivery,Harur,Dharmapuri
636903,Achalvadi B.O,B.O,Delivery,Harur,Dharmapuri
636903,Agraharam B.O,B.O,Delivery,Harur,Dharmapuri
636903,Batchapet B.O,B.O,Delivery,Harur,Dharmapuri
636903,Chellampatti B.O,B.O,Delivery,Harur,Dharmapuri
636903,Chinnankuppam B.O,B.O,Delivery,Harur,Dharmapuri
636903,Doddampatti B.O,B.O,Delivery,Harur,Dharmapuri
636903,Ellapudayampatti B.O,B.O,Delivery,Harur,Dharmapuri
636903,Harur S.O,S.O,Delivery,Harur,Dharmapuri
636903,Ittiampatti B.O,B.O,Delivery,Harur,Dharmapuri
636903,Kalasapadi B.O,B.O,Delivery,Harur,Dharmapuri
636903,Keeraipatti B.O,B.O,Delivery,Harur,Dharmapuri
636903,Kolagampatti B.O,B.O,Delivery,Harur,Dharmapuri
636903,Nochikuttai B.O,B.O,Delivery,Harur,Dharmapuri
636903,Parayapattipudur B.O,B.O,Delivery,Harur,Dharmapuri
636903,Pereripudur B.O,B.O,Delivery,Harur,Dharmapuri
636903,Petatampatti B.O,B.O,Delivery,Harur,Dharmapuri
636903,Sitteri B.O,B.O,Delivery,Harur,Dharmapuri
636903,Veppampatti B.O,B.O,Delivery,Harur,Dharmapuri
636904,Alapuram B.O,B.O,Delivery,Pappireddipatti,Dharmapuri
636904,Jammanahalli B.O,B.O,Delivery,Pappireddipatti,Dharmapuri
636904,Menisi S.O,S.O,Delivery,Pappireddipatti,Dharmapuri
636904,Molayanur B.O,B.O,Delivery,Pappireddipatti,Dharmapuri
636904,Tenkaraikottai B.O,B.O,Delivery,Pappireddipatti,Dharmapuri
636905,A.Pallipatti B.O,B.O,Delivery,Pappireddipatti,Dharmapuri
636905,Adikarapatti B.O,B.O,Delivery,Pappireddipatti,Dharmapuri
636905,Alamelupuram B.O,B.O,Delivery,Pappireddipatti,Dharmapuri
636905,Bairnatham B.O,B.O,Delivery,Pappireddipatti,Dharmapuri
636905,Kalipettai B.O,B.O,Delivery,Pappireddipatti,Dharmapuri
636905,Kokkarapatti B.O,B.O,Delivery,Pappireddipatti,Dharmapuri
636905,Kombur B.O,B.O,Delivery,Pappireddipatti,Dharmapuri
636905,Lakshmapuram B.O,B.O,Delivery,Pappireddipatti,Dharmapuri
636905,Mullikadu B.O,B.O,Delivery,Pappireddipatti,Dharmapuri
636905,Pappambadi B.O,B.O,Delivery,Pappireddipatti,Dharmapuri
636905,Pappireddipatti S.O,S.O,Delivery,Pappireddipatti,Dharmapuri
636905,Pattukonampatti B.O,B.O,Delivery,Pappireddipatti,Dharmapuri
636905,Pudupatti B.O,B.O,Delivery,Pappireddipatti,Dharmapuri
636905,Venkatasamudram B.O,B.O,Delivery,Pappireddipatti,Dharmapuri
636906,Ammapalayam B.O,B.O,Delivery,Atur,Salem
636906,Andiyur B.O,B.O,Delivery,Harur,Dharmapuri
636906,Bairnaickenpatti B.O,B.O,Delivery,Harur,Dharmapuri
636906,Gudalur B.O,B.O,Delivery,Harur,Dharmapuri
636906,Karungalpadi B.O,B.O,Delivery,Harur,Dharmapuri
636906,Kathiripatti B.O,B.O,Delivery,Harur,Dharmapuri
636906,Kottapatti B.O,B.O,Delivery,Harur,Dharmapuri
636906,Naripalli B.O,B.O,Delivery,Harur,Dharmapuri
636906,Periyapatti B.O,B.O,Delivery,Harur,Dharmapuri
636906,Poyyapatti B.O,B.O,Delivery,Harur,Dharmapuri
636906,Sikkalur B.O,B.O,Delivery,Harur,Dharmapuri
636906,Sittilingi B.O,B.O,Delivery,Harur,Dharmapuri
636906,Thumbalammaepettai B.O,B.O,Delivery,Harur,Dharmapuri
636906,Tirtamalai S.O,S.O,Delivery,Harur,Dharmapuri
636906,Vedakattumaduvu B.O,B.O,Delivery,Harur,Dharmapuri
636906,Veerappanaickenpatti B.O,B.O,Delivery,Harur,Dharmapuri
636906,Velanur B.O,B.O,Delivery,Harur,Dharmapuri
637001,Namakkal Bazaar S.O,S.O,Non-Delivery,Namakkal,Namakkal
637001,Namakkal Fort S.O,S.O,Non-Delivery,Namakkal,Namakkal
637001,Namakkal H.O,H.O,Delivery,Namakkal,Namakkal
637001,Natarajapuram S.O (Namakkal),S.O,Non-Delivery,Namakkal,Namakkal
637001,Ramapuram Pudur S.O,S.O,Non-Delivery,Namakkal,Namakkal
637001,Santhaipettaipudur S.O,S.O,Non-Delivery,Namakkal,Namakkal
637001,Thillaipuram S.O,S.O,Non-Delivery,Namakkal,Namakkal
637002,Bommasamudram B.O,B.O,Delivery,Namakkal,Namakkal
637002,Ganesapuram S.O,S.O,Delivery,Namakkal,Namakkal
637002,L.Kanavaipatti B.O,B.O,Delivery,Namakkal,Namakkal
637002,Laddivadi B.O,B.O,Delivery,Namakkal,Namakkal
637002,N.Kosavampatti B.O,B.O,Delivery,Namakkal,Namakkal
637002,Periyapatti B.O,B.O,Delivery,Namakkal,Namakkal
637002,Reddipatti B.O,B.O,Delivery,Namakkal,Namakkal
637002,Sanniyasikaradu B.O,B.O,Delivery,Namakkal,Namakkal
637002,Thusur B.O,B.O,Delivery,Namakkal,Namakkal
637002,Vasanthapuram B.O,B.O,Delivery,Namakkal,Namakkal
637003,Bodupatti B.O,B.O,Delivery,Namakkal,Namakkal
637003,Eranapuram B.O,B.O,Delivery,Namakkal,Namakkal
637003,Mudalaipatti B.O,B.O,Delivery,Namakkal,Namakkal
637003,Nallipalayam S.O,S.O,Delivery,Namakkal,Namakkal
637003,Pappinaickenpatti B.O,B.O,Delivery,Namakkal,Namakkal
637003,Siluvampatti B.O,B.O,Delivery,Namakkal,Namakkal
637003,Thummankurichi B.O,B.O,Delivery,Namakkal,Namakkal
637003,Vallipuram B.O,B.O,Delivery,Namakkal,Namakkal
637013,Alanganatham B.O,B.O,Delivery,Namakkal,Namakkal
637013,Erampatti S.O,S.O,Delivery,Namakkal,Namakkal
637013,Kavakarapatti B.O,B.O,Delivery,Namakkal,Namakkal
637013,Konangipatti B.O,B.O,Delivery,Namakkal,Namakkal
637013,Muttanchetti B.O,B.O,Non-Delivery,Namakkal,Namakkal
637013,Ponneri B.O,B.O,Delivery,Namakkal,Namakkal
637013,Pottireddipatti B.O,B.O,Delivery,Namakkal,Namakkal
637013,Pudukottai B.O,B.O,Delivery,Namakkal,Namakkal
637013,Vadavathur B.O,B.O,Delivery,Namakkal,Namakkal
637013,Varadarajapuram B.O,B.O,Delivery,Namakkal,Namakkal
637014,Kalangani B.O,B.O,Delivery,Namakkal,Namakkal
637014,Kannurpatti B.O,B.O,Delivery,Namakkal,Namakkal
637014,Karaikurichi S.O (Namakkal),S.O,Delivery,Namakkal,Namakkal
637014,Reddipudur B.O,B.O,Delivery,Namakkal,Namakkal
637014,Thathaiyangarpatti B.O,B.O,Delivery,Namakkal,Namakkal
637015,Ariyur B.O,B.O,Delivery,Namakkal,Namakkal
637015,Kumaripalyam B.O,B.O,Delivery,Namakkal,Namakkal
637015,Mohanur North S.O,S.O,Non-Delivery,Namakkal,Namakkal
637015,Mohanur S.O,S.O,Delivery,Namakkal,Namakkal
637015,Oruvandur B.O,B.O,Delivery,Namakkal,Namakkal
637015,Pettapalayam B.O,B.O,Non-Delivery,Namakkal,Namakkal
637015,Sevetturanganpatti B.O,B.O,Delivery,Namakkal,Namakkal
637017,Aniyapuram B.O,B.O,Delivery,Namakkal,Namakkal
637017,K.Pudupalayam B.O,B.O,Delivery,Namakkal,Namakkal
637017,Manappalli B.O,B.O,Delivery,Namakkal,Namakkal
637017,Palapatti S.O,S.O,Delivery,Namakkal,Namakkal
637017,S.Valavanthi B.O,B.O,Delivery,Namakkal,Namakkal
637017,Tholur B.O,B.O,Delivery,Namakkal,Namakkal
637018,Dadhadripuram B.O,B.O,Delivery,Namakkal,Namakkal
637018,E Pudupatti B.O,B.O,Delivery,Namakkal,Namakkal
637018,Elur B.O,B.O,Delivery,Namakkal,Namakkal
637018,Kalyanni B.O,B.O,Delivery,Namakkal,Namakkal
637018,Kavandampatti B.O,B.O,Delivery,Namakkal,Namakkal
637018,Musiri B.O,B.O,Delivery,Namakkal,Namakkal
637018,Navanipallipatti B.O,B.O,Delivery,Namakkal,Namakkal
637018,Pachal B.O,B.O,Delivery,Namakkal,Namakkal
637018,Puduchatram S.O,S.O,Delivery,Namakkal,Namakkal
637018,Veppanpattibudur B.O,B.O,Delivery,Namakkal,Namakkal
637019,Avalnaickenpatti B.O,B.O,Delivery,Namakkal,Namakkal
637019,Kadappalli B.O,B.O,Delivery,Namakkal,Namakkal
637019,Karadipatti B.O,B.O,Delivery,Namakkal,Namakkal
637019,Kolathupalayam B.O,B.O,Delivery,Namakkal,Namakkal
637019,Marurpatti B.O,B.O,Delivery,Namakkal,Namakkal
637019,Minnampalli B.O,B.O,Delivery,Namakkal,Namakkal
637019,S.Uduppam B.O,B.O,Delivery,Namakkal,Namakkal
637019,Sellappampatti S.O,S.O,Delivery,Namakkal,Namakkal
637019,Talambadi B.O,B.O,Delivery,Namakkal,Namakkal
637020,Alampatti B.O,B.O,Delivery,Namakkal,Namakkal
637020,Andapuram B.O,B.O,Delivery,Namakkal,Namakkal
637020,Arasanatham B.O,B.O,Delivery,Namakkal,Namakkal
637020,Arur B.O,B.O,Delivery,Namakkal,Namakkal
637020,Mettupatti B.O,B.O,Delivery,Namakkal,Namakkal
637020,N.Pudupatti B.O,B.O,Delivery,Namakkal,Namakkal
637020,Parali B.O,B.O,Delivery,Namakkal,Namakkal
637020,Valayapatti S.O (Namakkal),S.O,Delivery,Namakkal,Namakkal
637021,Devarayapuram B.O,B.O,Delivery,Namakkal,Namakkal
637021,Navaladipatti B.O,B.O,Delivery,Namakkal,Namakkal
637021,Pavithiram B.O,B.O,Delivery,Namakkal,Namakkal
637021,Pavthirampudur B.O,B.O,Delivery,Namakkal,Namakkal
637021,Varagur S.O,S.O,Delivery,Namakkal,Namakkal
637101,Alachampalayam B.O,B.O,Delivery,Tiruchengode,Namakkal
637101,Chettimankurichi B.O,B.O,Delivery,Idappadi,Salem
637101,Chettipatti B.O,B.O,Delivery,Tiruchengode,Namakkal
637101,Chittoor B.O,B.O,Delivery,Idappadi,Salem
637101,Idappadi S.O,S.O,Delivery,Idappadi,Salem
637101,Iruppali B.O,B.O,Delivery,Tiruchengode,Namakkal
637101,Kullampatti B.O,B.O,Delivery,Tiruchengode,Namakkal
637101,Kurukkapatti B.O,B.O,Delivery,Tiruchengode,Namakkal
637101,Morasapatti B.O,B.O,Delivery,Tiruchengode,Namakkal
637101,Vellarinaickenpalayam B.O,B.O,Delivery,Tiruchengode,Namakkal
637101,Vellarivalli B.O,B.O,Delivery,Idappadi,Salem
637102,Erumaipatti B.O,B.O,Non-Delivery,Idappadi,Salem
637102,K.Vadugapatti B.O,B.O,Delivery,Tiruchengode,Namakkal
637102,Kachuppalli B.O,B.O,Delivery,Idappadi,Salem
637102,Kannanderi B.O,B.O,Delivery,Idappadi,Salem
637102,Konasamudram B.O,B.O,Delivery,Idappadi,Salem
637102,Konganapuram S.O,S.O,Delivery,Tiruchengode,Namakkal
637102,Koothampalayam B.O,B.O,Delivery,Tiruchengode,Namakkal
637102,Koranampatti B.O,B.O,Delivery,Tiruchengode,Namakkal
637102,Olakkachinnanur B.O,B.O,Delivery,Idappadi,Salem
637102,Rangampalayam B.O,B.O,Non-Delivery,Tiruchengode,Namakkal
637102,Reddipatti B.O,B.O,Non-Delivery,Tiruchengode,Namakkal
637102,Sundamettupudur B.O,B.O,Delivery,Tiruchengode,Namakkal
637102,Thangayur B.O,B.O,Delivery,Idappadi,Salem
637103,A.Thalaiyur B.O,B.O,Delivery,Sankari,Salem
637103,Chinandipalayam B.O,B.O,Delivery,Tiruchengode,Namakkal
637103,Gudalur B.O,B.O,Delivery,Sankari,Salem
637103,Irugalur B.O,B.O,Delivery,Sankari,Salem
637103,Kaligoundampalayam B.O,B.O,Delivery,Sankari,Salem
637103,Mac Donalds Choultry S.O,S.O,Delivery,Tiruchengode,Namakkal
637103,Vaikuntham B.O,B.O,Delivery,Sankari,Salem
637103,Vellaiyampalayam B.O,B.O,Delivery,Tiruchengode,Namakkal
637104,Kaveripatti B.O,B.O,Delivery,Sankari,Salem
637104,Mettankadu B.O,B.O,Delivery,Tiruchengode,Namakkal
637104,Pullagoundampatti B.O,B.O,Delivery,Sankari,Namakkal
637104,Thevur S.O (Namakkal),S.O,Delivery,Tiruchengode,Namakkal
637105,Bodinaickenpatti B.O,B.O,Delivery,Tiruchengode,Namakkal
637105,Dadapuram B.O,B.O,Delivery,Idappadi,Salem
637105,Kurumbapatti B.O,B.O,Delivery,Idappadi,Salem
637105,Veerappampalayam B.O,B.O,Delivery,Tiruchengode,Namakkal
637105,Vellandivalasai S.O,S.O,Delivery,Tiruchengode,Namakkal
637105,Vembaneri B.O,B.O,Delivery,Idappadi,Salem
637107,Koneripatti B.O,B.O,Delivery,Tiruchengode,Namakkal
637107,Nedunkulam B.O,B.O,Delivery,Idappadi,Salem
637107,Okkilipaltti B.O,B.O,Delivery,Tiruchengode,Namakkal
637107,Poolampatti S.O,S.O,Delivery,Tiruchengode,Namakkal
637201,Chittalandur S.O,S.O,Delivery,Tiruchengodu,Namakkal
637201,Gandhiashram B.O,B.O,Delivery,Tiruchengode,Namakkal
637201,Karichipalayam B.O,B.O,Delivery,Tiruchengode,Namakkal
637201,Kolaram B.O,B.O,Delivery,Paramathi Velur,Namakkal
637201,Kosavampalayam B.O,B.O,Delivery,Tiruchengode,Namakkal
637201,Maniyanur B.O,B.O,Delivery,Paramathi Velur,Namakkal
637201,Molippalli B.O,B.O,Delivery,Tiruchengodu,Namakkal
637201,Uppupalayam B.O,B.O,Non-Delivery,Paramathi-Velur,Namakkal
637202,Agaram B.O,B.O,Delivery,Tiruchengodu,Namakkal
637202,Avanasipatti B.O,B.O,Delivery,Tiruchengodu,Namakkal
637202,Elachipalayam S.O,S.O,Delivery,Tiruchengode,Namakkal
637202,Iluppili B.O,B.O,Delivery,Tiruchengodu,Namakkal
637202,Kilapalayam B.O,B.O,Delivery,Tiruchengodu,Namakkal
637202,Konnaiyar B.O,B.O,Non-Delivery,Tiruchengodu,Namakkal
637202,Koothampoondi B.O,B.O,Delivery,Tiruchengodu,Namakkal
637202,Pullagoundampatti B.O,B.O,Delivery,Tiruchengodu,Namakkal
637202,Ramapuram B.O,B.O,Delivery,Tirchengodu,Namakkal
637203,Kandampalayam S.O,S.O,Delivery,Tiruchengode,Namakkal
637203,Kavundipalayam B.O,B.O,Delivery,Paramathi-Velur,Namakkal
637203,Kondarasampalayam B.O,B.O,Delivery,Tiruchengode,Namakkal
637203,Kunnamalai B.O,B.O,Delivery,Paramathi Velur,Namakkal
637203,Ramadevam B.O,B.O,Delivery,Paramathivelur,Namakkal
637203,Sithampoondi B.O,B.O,Delivery,Paramathi Velur,Namakkal
637203,Sullipalayam B.O,B.O,Delivery,Paramathi Velur,Namakkal
637204,Irukkur B.O,B.O,Delivery,Paramthi Velur,Namakkal
637204,Kapilamalai S.O,S.O,Delivery,Paramathi-Velur,Namakkal
637204,Periyasolipalayam B.O,B.O,Delivery,Paramathivelur,Namakkal
637204,Thidumal B.O,B.O,Delivery,Paramathivelur,Namakkal
637205,Elayampalayam B.O,B.O,Delivery,Tiruchengodu,Namakkal
637205,Kumaramangalam S.O,S.O,Delivery,Tiruchengode,Namakkal
637205,Kuppandapalayam B.O,B.O,Delivery,Tiruchengodu,Namakkal
637205,Pillanatham B.O,B.O,Delivery,Tiruchengodu,Namakkal
637205,Sathinaickenpalayam B.O,B.O,Delivery,Tiruchengodu,Namakkal
637205,Unjanai B.O,B.O,Delivery,Tiruchengodu,Namakkal
637205,Unjanaigoundampalayam B.O,B.O,Delivery,Tiruchengode,Namakkal
637205,Vattur B.O,B.O,Delivery,Tiruchengodu,Namakkal
637206,Koodachery B.O,B.O,Non-Delivery,Paramathi Velur,Namakkal
637206,Melsathampur B.O,B.O,Non-Delivery,Paramathi Velur,Namakkal
637206,N.Seerappali B.O,B.O,Delivery,Paramathi-Velur,Namakkal
637206,Nadandai S.O,S.O,Delivery,Tiruchengodu,Namakkal
637206,Pillur B.O,B.O,Non-Delivery,Tiruchengode,Namakkal
637206,Sungakaranpatti B.O,B.O,Delivery,Paramathi Velur,Namakkal
637207,Keerambur B.O,B.O,Delivery,Namakkal,Namakkal
637207,Kilsathampur B.O,B.O,Delivery,Namakkal,Namakkal
637207,Konur B.O,B.O,Delivery,Namakkal,Namakkal
637207,M.Rasampalayam B.O,B.O,Delivery,Paramathi-Velur,Namakkal
637207,Paramathi S.O,S.O,Delivery,Paramathi-Velur,Namakkal
637207,Thindamangalam B.O,B.O,Delivery,Namakkal,Namakkal
637207,Villipalayam B.O,B.O,Delivery,Paramthivelur,Namakkal
637208,Kolakattupudur B.O,B.O,Delivery,Paramathi-Velur,Namakkal
637208,Kondalam B.O,B.O,Delivery,Paramathi-Velur,Namakkal
637208,Paundamangalam S.O,S.O,Delivery,Paramathi-Velur,Namakkal
637208,Selur B.O,B.O,Delivery,Paramathi Velur,Namakkal
637208,Vengarai B.O,B.O,Delivery,Paramathi-Velur,Namakkal
637209,Chinnathambipalayam B.O,B.O,Delivery,Tiruchengodu,Namakkal
637209,Devanankurichi B.O,B.O,Delivery,Tiruchengode,Namakkal
637209,Kailasampalayam B.O,B.O,Delivery,Tiruchengodu,Namakkal
637209,Kumarapalayam B.O,B.O,Delivery,Tiruchengodu,Namakkal
637209,O.Rajapalayam B.O,B.O,Delivery,Tiruchengode,Namakkal
637209,Seetharamapalayam S.O,S.O,Delivery,Tiruchengode,Namakkal
637209,Sirumolasi B.O,B.O,Delivery,Tiruchengodu,Namakkal
637209,Suriyampalayam B.O,B.O,Delivery,Tiruchengode,Namakkal
637210,A.Erayamangalam B.O,B.O,Delivery,Tiruchengodu,Namakkal
637210,Kavundampalayam B.O,B.O,Delivery,Tiruchengodu,Namakkal
637210,Molasi B.O,B.O,Delivery,Tiruchengodu,Namakkal
637210,Patlur B.O,B.O,Delivery,Tiruchengodu,Namakkal
637210,Solasiramani S.O,S.O,Delivery,Paramthi Velur,Namakkal
637210,Zamin Elampalli B.O,B.O,Delivery,Paramathi-Velur,Namakkal
637211,Tiruchengodu H.O,H.O,Delivery,Tiruchengodu,Namakkal
637211,Tiruchengodu North S.O,S.O,Non-Delivery,Tiruchengode,Namakkal
637211,Tiruchengodu South S.O,S.O,Non-Delivery,Tiruchengode,Namakkal
637212,Akkalampatti B.O,B.O,Delivery,Namakkal,Namakkal
637212,Bommampatti B.O,B.O,Delivery,Namakkal,Namakkal
637212,Elanagar B.O,B.O,Delivery,Namakkal,Namakkal
637212,Kodurmitta B.O,B.O,Delivery,Namakkal,Namakkal
637212,Manathi B.O,B.O,Delivery,Tiruchengodu,Namakkal
637212,Mavureddipatti B.O,B.O,Delivery,Tiruchengodu,Namakkal
637212,Nallakumarampalayam B.O,B.O,Delivery,Namakkal,Namakkal
637212,Pirandagam B.O,B.O,Delivery,Namakkal,Namakkal
637212,Serukkalai B.O,B.O,Delivery,Namakkal,Namakkal
637212,Thaligai B.O,B.O,Delivery,Namakkal,Namakkal
637212,Velagoundampatti S.O,S.O,Delivery,Namakkal,Namakkal
637213,Jedarpalayam S.O,S.O,Delivery,Paramathi-Velur,Namakkal
637213,K.Ayyampalayam B.O,B.O,Delivery,Paramathi-Velur,Namakkal
637213,Kothamangalam B.O,B.O,Non-Delivery,Paramathi-Velur,Namakkal
637213,Kurumbalamahadevi B.O,B.O,Delivery,Paramathi Velur,Namakkal
637213,Pilikkalpalayam B.O,B.O,Delivery,Paramathi Velur,Namakkal
637213,Sirunallikoil B.O,B.O,Delivery,Paramathi Velur,Namakkal
637213,Vadakaraiatur B.O,B.O,Delivery,Paramathi Velur,Namakkal
637214,Andipalayam B.O,B.O,Delivery,Tiruchengodu,Namakkal
637214,Animoor B.O,B.O,Delivery,Tiruchengodu,Namakkal
637214,Emapalli B.O,B.O,Delivery,Tiruchengodu,Namakkal
637214,Koottapalli S.O,S.O,Delivery,Tiruchengode,Namakkal
637215,Kuchi Palayam S.O,S.O,Delivery,Tiruchengode,Namakkal
637215,Thokkavadi B.O,B.O,Delivery,Tiruchengodu,Namakkal
637301,Akkammapettai B.O,B.O,Delivery,Tiruchengode,Namakkal
637301,Devagoundanur B.O,B.O,Delivery,Sankari,Salem
637301,Kuppanur B.O,B.O,Non-Delivery,Tiruchengode,Namakkal
637301,Manjakkalpatti B.O,B.O,Delivery,Sankari,Salem
637301,Mavelipalayam B.O,B.O,Delivery,Tiruchengode,Namakkal
637301,Sankaridrug S.O,S.O,Delivery,Sankari,Salem
637301,Vadugapatti B.O,B.O,Delivery,Sankari,Salem
637302,Karumapuram B.O,B.O,Delivery,Sankari,Salem
637302,Kasthuripatti B.O,B.O,Delivery,Tiruchengode,Namakkal
637302,Kozhikalnatham B.O,B.O,Delivery,Tiruchengode,Namakkal
637302,Nagichettipatti B.O,B.O,Non-Delivery,Tiruchengode,Namakkal
637302,Sankaridrug RS S.O,S.O,Delivery,Tiruchengode,Namakkal
637302,Tirumangalam B.O,B.O,Delivery,Sankari,Salem
637303,Alathur B.O,B.O,Delivery,Sankari,Salem
637303,Chinnagoundanur B.O,B.O,Non-Delivery,Sanakari,Salem
637303,Mothaiyanur B.O,B.O,Delivery,Tiruchengode,Namakkal
637303,Padaiveedu B.O,B.O,Non-Delivery,Tiruchengode,Namakkal
637303,Pallakkapalayam B.O,B.O,Delivery,Tiruchengodu,Namakkal
637303,Sankari West S.O,S.O,Delivery,Tiruchengode,Namakkal
637303,Sanyasipatti Agraharam B.O,B.O,Non-Delivery,Sankari,Salem
637303,Veerachipalayam B.O,B.O,Delivery,Sankari,Salem
637304,Anangur B.O,B.O,Delivery,Tiruchengodu,Namakkal
637304,Karuveppampatti B.O,B.O,Delivery,Tiruchengodu,Namakkal
637304,Modamangalam B.O,B.O,Delivery,Tiruchengodu,Namakkal
637304,Morur B.O,B.O,Delivery,Sankari,Salem
637304,Thanneerpandalpalayam S.O,S.O,Delivery,Tiruchengode,Namakkal
637304,Vengipalayam B.O,B.O,Delivery,Tiruchengode,Namakkal
637401,Anaipalayam B.O,B.O,Delivery,Rasipuram,Namakkal
637401,Andagalur S.O,S.O,Delivery,Rasipuram,Namakkal
637401,Chandrasekarapuram B.O,B.O,Delivery,Rasipuram,Namakkal
637401,Kunavelampatti B.O,B.O,Delivery,Rasipuram,Namakkal
637401,Kurukkupuram B.O,B.O,Delivery,Rasipuram,Namakkal
637401,Masakalipatti B.O,B.O,Delivery,Rasipuram,Namakkal
637401,Muthukalipatti B.O,B.O,Delivery,Rasipuram,Namakkal
637402,Belukurichi S.O,S.O,Delivery,Namakkal,Namakkal
637402,Kalkurichi B.O,B.O,Delivery,Namakkal,Namakkal
637403,85 R.Komarapalayam B.O,B.O,Delivery,Rasipuram,Namakkal
637403,Agraharam B.O,B.O,Delivery,Rasipuram,Namakkal
637403,Gurusamipalayam S.O,S.O,Delivery,Rasipuram,Namakkal
637403,Melkallupalayam B.O,B.O,Delivery,Rasipuram,Namakkal
637403,Munjanur B.O,B.O,Delivery,Rasipuram,Namakkal
637403,Pillanallur B.O,B.O,Non-Delivery,Rasipuram,Namakkal
637403,Sarkar Nattamangalam B.O,B.O,Delivery,Rasipuram,Namakkal
637404,Kalappanaickenpatti S.O,S.O,Delivery,Namakkal,Namakkal
637404,Malaveepankuttai B.O,B.O,Delivery,Namakkal,Namakkal
637404,Nadukombai B.O,B.O,Delivery,Namakkal,Namakkal
637404,Pattathaiyankuttai B.O,B.O,Delivery,Namakkal,Namakkal
637404,Thethukadu B.O,B.O,Delivery,Namakkal,Namakkal
637404,Thuthikulam B.O,B.O,Delivery,Namakkal,Namakkal
637404,Tirumalaipatti B.O,B.O,Delivery,Namakkal,Namakkal
637404,Valavanthikombai B.O,B.O,Delivery,namakkal,Namakkal
637405,Bodinaickenpatti B.O,B.O,Delivery,Namakkal,Namakkal
637405,Chidambarapatti B.O,B.O,Delivery,Namakkal,Namakkal
637405,Kondamanaickenpatti B.O,B.O,Delivery,Namakkal,Namakkal
637405,Muthugapati S.O,S.O,Delivery,Namakkal,Namakkal
637405,Palayapalayam B.O,B.O,Delivery,Namakkal,Namakkal
637405,Vettamvbadi B.O,B.O,Delivery,Namakkal,Namakkal
637405,Visanam B.O,B.O,Delivery,Namakkal,Namakkal
637406,Ariyagoundampatti B.O,B.O,Delivery,Rasipuram,Namakkal
637406,Moolapallipatti B.O,B.O,Delivery,Rasipuram,Namakkal
637406,Namagiripettai S.O,S.O,Delivery,Rasipuram,Namakkal
637406,Oduvankurichi B.O,B.O,Delivery,Rasipuram,Namakkal
637406,Pachudayampalayam B.O,B.O,Delivery,Rasipuram,Namakkal
637406,Sirapalli B.O,B.O,Delivery,Rasipuram,Namakkal
637406,T.Jedarpalayam B.O,B.O,Delivery,Rasipuram,Namakkal
637406,Thoppapatti B.O,B.O,Delivery,Rasipuram,Namakkal
637406,Vellakkalpatti B.O,B.O,Delivery,Rasipuram,Namakkal
637407,Malayampatti B.O,B.O,Delivery,Rasipuram,Namakkal
637407,Melur B.O,B.O,Delivery,Rasipuram,Namakkal
637407,P.Muniappampalayam B.O,B.O,Delivery,Rasipuram,Namakkal
637407,Pudupatti S.O (Salem),S.O,Delivery,Rasipuram,Salem
637407,Vadugam B.O,B.O,Delivery,Rasipuram,Namakkal
637407,Vadugam Muniappampalayam B.O,B.O,Delivery,Rasipuram,Namakkal
637408,Kakkaveri B.O,B.O,Non-Delivery,Rasipuram,Namakkal
637408,Kattanachampatti B.O,B.O,Delivery,Rasipuram,Namakkal
637408,Kavundampalayam B.O,B.O,Non-Delivery,Rasipuram,Namakkal
637408,Pattanam B.O,B.O,Delivery,Rasipuram,Namakkal
637408,Pudupalayam B.O,B.O,Delivery,Rasipuram,Namakkal
637408,Rasipuram Bazaar S.O,S.O,Non-Delivery,Rasipuram,Namakkal
637408,Rasipuram East S.O,S.O,Non-Delivery,Salem,Namakkal
637408,Rasipuram S.O,S.O,Delivery,Rasipuram,Namakkal
637409,Akkiampatti B.O,B.O,Delivery,Namakkal,Namakkal
637409,Gandhipuram B.O,B.O,Non-Delivery,Namakkal,Namakkal
637409,Pachudaiyampattipudur B.O,B.O,Delivery,Namakkal,Namakkal
637409,Pottanam B.O,B.O,Delivery,Namakkal,Namakkal
637409,Ramanathapuram B.O,B.O,Delivery,Namakkal,Namakkal
637409,Sendamangalam S.O,S.O,Delivery,Namakkal,Namakkal
637410,Chinnamanali B.O,B.O,Delivery,Tiruchengode,Namakkal
637410,Karungalpatti B.O,B.O,Delivery,Tiruchengodu,Namakkal
637410,Kokkalai B.O,B.O,Delivery,Tiruchengodu,Namakkal
637410,Marapparai B.O,B.O,Delivery,Tiruchengodu,Salem
637410,Morangam B.O,B.O,Delivery,Tiruchengodu,Namakkal
637410,Periamanali B.O,B.O,Delivery,Tiruchengodu,Namakkal
637410,Thottiaptti B.O,B.O,Delivery,Tiruchengodu,Namakkal
637410,Vaiappamalai S.O,S.O,Delivery,Tiruchengode,Namakkal
637411,Adukkam B.O,B.O,Delivery,Namakkal,Namakkal
637411,Alathurnadu B.O,B.O,Delivery,Rasipuram,Namakkal
637411,Ariyurkashpa B.O,B.O,Delivery,Namakkal,Namakkal
637411,Ariyurnadu B.O,B.O,Delivery,Namakkal,Namakkal
637411,Bailnadu B.O,B.O,Delivery,Namakkal,Namakkal
637411,Chittoornadu B.O,B.O,Delivery,Rasipuram,Namakkal
637411,Devanurnadu B.O,B.O,Delivery,Namakkal,Namakkal
637411,Edappulinadu B.O,B.O,Delivery,Rasipuram,Namakkal
637411,Gunduninadu B.O,B.O,Delivery,Rasipuram,Namakkal
637411,Gundurnadu B.O,B.O,Delivery,Namakkal,Namakkal
637411,Kulivalavu B.O,B.O,Delivery,Namakkal,Namakkal
637411,Mekkinikadu B.O,B.O,Delivery,Namakkal,Namakkal
637411,Melkalingampatti B.O,B.O,Delivery,Namakkal,Namakkal
637411,Navakkadu B.O,B.O,Delivery,Namakkal,Namakkal
637411,Perakarainadu B.O,B.O,Delivery,Rasipuram,Namakkal
637411,Periyakovilur B.O,B.O,Delivery,Namakkal,Namakkal
637411,Selurnadu B.O,B.O,Delivery,Namakkal,Namakkal
637411,Semmedu S.O,S.O,Delivery,Namakkal,Namakkal
637411,Solakkadu B.O,B.O,Delivery,Namakkal,Namakkal
637411,Sundakattupatti B.O,B.O,Delivery,Namakkal,Namakkal
637411,Thinnanurnadu B.O,B.O,Delivery,Namakkal,Namakkal
637411,Thiruppulinadu B.O,B.O,Delivery,Rasipuram,Namakkal
637411,Thuvarapallam B.O,B.O,Delivery,Namakkal,Namakkal
637411,Valapurnadu B.O,B.O,Delivery,Namakkal,Namakkal
637411,Valavanthinadu B.O,B.O,Delivery,Namakkal,Namakkal
637411,Veeraganurpatti B.O,B.O,Delivery,Namakkal,Namakkal
637412,Bodinaickenpatti B.O,B.O,Delivery,Rasipuram,Namakkal
637412,Kadiranallur B.O,B.O,Delivery,Rasipuram,Namakkal
637412,Kullamanaickenpatti B.O,B.O,Delivery,Rasipuram,Namakkal
637412,Palaniappanur B.O,B.O,Delivery,Rasipuram,Namakkal
637412,Singalandapuram S.O,S.O,Delivery,Rasipuram,Namakkal
637501,Attayampatti S.O,S.O,Delivery,Salem,Salem
637501,Chennagiri B.O,B.O,Delivery,Salem,Salem
637501,Kalipatti B.O,B.O,Delivery,Salem,Salem
637501,Mangalam B.O,B.O,Delivery,Salem,Salem
637501,Papparapatti B.O,B.O,Delivery,Salem,Salem
637501,Rajapalayam B.O,B.O,Delivery,Salem,Salem
637501,Shenbagamadevi B.O,B.O,Delivery,Salem,Salem
637502,Edanganasalai B.O,B.O,Delivery,Salem,Salem
637502,Egapuram B.O,B.O,Delivery,Salem,Salem
637502,Elampillai S.O,S.O,Delivery,Salem,Salem
637502,Koneripatti B.O,B.O,Delivery,Salem,Salem
637502,Kosavapatti B.O,B.O,Delivery,Salem,Salem
637502,Perumagoudampatti B.O,B.O,Non-Delivery,Salem,Salem
637502,Teppakuttai B.O,B.O,Delivery,Salem,Salem
637503,Akkaraipatti B.O,B.O,Delivery,Rasipuram,Namakkal
637503,Karumanur B.O,B.O,Delivery,Tiruchengodu,Namakkal
637503,Kolankondai B.O,B.O,Delivery,Tiruchengodu,Namakkal
637503,Kottapalayam B.O,B.O,Delivery,Tiruchengodu,Namakkal
637503,Mallasamudram S.O,S.O,Delivery,Tiruchengode,Namakkal
637503,Mamundi B.O,B.O,Delivery,Tiruchengode,Namakkal
637503,Palamedu B.O,B.O,Delivery,Tiruchengodu,Namakkal
637503,Paruthipalli B.O,B.O,Delivery,Tiruchengodu,Namakkal
637503,Thuthipalayam B.O,B.O,Delivery,Tiruchengode,Namakkal
637503,Vadugapalayam B.O,B.O,Delivery,Tiruchengode,Namakkal
637504,Kakkapalayam B.O,B.O,Delivery,Salem,Salem
637504,Kalparapatti B.O,B.O,Delivery,Salem,Salem
637504,Kandarkulamanickam B.O,B.O,Delivery,Salem,Salem
637504,Naduvaneri B.O,B.O,Delivery,Salem,Salem
637504,Rakkipatti B.O,B.O,Delivery,Salem,Salem
637504,Vembadithalam S.O,S.O,Delivery,Salem,Salem
637505,Alavaipatti B.O,B.O,Delivery,Rasipuram,Namakkal
637505,Kalkattanur B.O,B.O,Delivery,Rasipuram,Namakkal
637505,Minnakkal Agraharam B.O,B.O,Delivery,Rasipuram,Namakkal
637505,Olaipatti Sowdapuram B.O,B.O,Delivery,Rasipuram,Namakkal
637505,Palanthinnipatti B.O,B.O,Delivery,Rasipuram,Namakkal
637505,Sappayapuram B.O,B.O,Delivery,Rasipuram,Namakkal
637505,Vennandur S.O,S.O,Delivery,Rasipuram,Namakkal
638001,Erode East S.O,S.O,Non-Delivery,Erode,Erode
638001,Erode Fort S.O,S.O,Non-Delivery,Erode,Erode
638001,Erode H.O,H.O,Delivery,Erode,Erode
638001,Erode Market S.O,S.O,Non-Delivery,Erode,Erode
638001,Erode North S.O,S.O,Non-Delivery,Erode,Erode
638001,Erode South S.O,S.O,Non-Delivery,Erode,Erode
638002,Erode Railway Colony S.O,S.O,Delivery,Erode,Erode
638002,Kollampalayam B.O,B.O,Non-Delivery,Erode,Erode
638002,Lakkapuram B.O,B.O,Delivery,Erode,Erode
638002,Mulapalayam B.O,B.O,Non-Delivery,Erode,Erode
638002,Pudur B.O,B.O,Delivery,Erode,Erode
638003,Karungalpalayam S.O,S.O,Delivery,Erode,Erode
638003,Vairapalayam B.O,B.O,Non-Delivery,Erode,Erode
638004,Chikkaiah Naicker College B.O,B.O,Non-Delivery,Erode,Erode
638004,Peria Semur B.O,B.O,Delivery,Erode,Erode
638004,Veerappanchatram S.O,S.O,Delivery,Erode,Erode
638005,Peria Agraharam S.O,S.O,Delivery,Erode,Erode
638005,Ramanathapuram Pudur B.O,B.O,Delivery,Erode,Erode
638006,Pallipalayam S.O,S.O,Delivery,Namakkal,Namakkal
638007,Cauvery Railway Station S.O,S.O,Delivery,NA,Erode
638007,Kokkarayanpettai B.O,B.O,Delivery,Namakkal,Namakkal
638007,Pappampalayam B.O,B.O,Delivery,Erode,Namakkal
638008,Alampalayam B.O,B.O,Delivery,Tiruchengode,Namakkal
638008,Elandakuttai B.O,B.O,Delivery,Tiruchengodu,Namakkal
638008,Kadachanallur B.O,B.O,Delivery,Tiruchengodu,Namakkal
638008,Kaliyanur B.O,B.O,Delivery,Tiruchengodu,Namakkal
638008,Pallipalayamagraharam S.O,S.O,Delivery,Tiruchengodu,Namakkal
638008,Samayasangiliagraharam B.O,B.O,Delivery,Tiruchengodu,Namakkal
638008,Seerampalayam B.O,B.O,Delivery,Tiruchengode,Namakkal
638008,Sowdapuram B.O,B.O,Delivery,Tiruchengodu,Namakkal
638009,Edayankattuvalsu S.O,S.O,Non-Delivery,Erode,Erode
638009,Kasipalayam B.O,B.O,Non-Delivery,Erode,Erode
638009,Rangampalayam B.O,B.O,Delivery,Erode,Erode
638009,Surampatti S.O,S.O,Delivery,Erode,Erode
638010,SPB Colony S.O,S.O,Delivery,NA,Erode
638011,Erode Collectorate S.O,S.O,Delivery,Erode,Erode
638012,Thindal S.O,S.O,Delivery,Erode,Erode
638051,Basuvapatti B.O,B.O,Delivery,Erode,Erode
638051,Chennimalai S.O,S.O,Delivery,Erode,Erode
638051,Kandappagoundenvalasu B.O,B.O,Delivery,Erode,Erode
638051,Maravapalayam B.O,B.O,Delivery,Erode,Erode
638051,Melapalayam S.O (Erode),S.O,Non-Delivery,Erode,Erode
638051,Mukasipidariyur B.O,B.O,Delivery,Erode,Erode
638051,Murungatholuvu B.O,B.O,Delivery,Erode,Erode
638051,Ramalingapuram B.O,B.O,Delivery,Erode,Erode
638051,Ramalingapuram South B.O,B.O,Delivery,Erode,Erode
638051,Sanarpalayam B.O,B.O,Delivery,Erode,Erode
638051,Thoppupalayam B.O,B.O,Delivery,Erode,Erode
638052,Ingur B.O,B.O,Delivery,Erode,Erode
638052,Karumandisellipalayam B.O,B.O,Delivery,Perundurai,Erode
638052,Olapalayam B.O,B.O,Delivery,Erode,Erode
638052,Periyavettuvapalayam B.O,B.O,Delivery,Perundurai,Erode
638052,Perundurai R.S. B.O,B.O,Delivery,Erode,Erode
638052,Perundurai S.O,S.O,Delivery,Erode,Erode
638052,Perundurai West S.O,S.O,Non-Delivery,Perundurai,Erode
638052,Pichandampalayam B.O,B.O,Delivery,Erode,Erode
638052,Thoppupalayam S.O,S.O,Non-Delivery,Perundurai,Erode
638053,Perundurai Sanitorium S.O,S.O,Delivery,Perundurai,Erode
638054,Siruvalur S.O,S.O,Delivery,Erode,Erode
638054,Vellankoil B.O,B.O,Delivery,Erode,Erode
638055,Kuthambi B.O,B.O,Delivery,Perundurai,Erode
638055,Nichampalayam B.O,B.O,Delivery,Erode,Erode
638055,Pappampalayam B.O,B.O,Delivery,Erode,Erode
638055,Tingalur S.O,S.O,Delivery,Erode,Erode
638055,Vettayankinar B.O,B.O,Delivery,Erode,Erode
638056,Greynagar B.O,B.O,Delivery,Perundurai,Erode
638056,Kaikolapalayam B.O,B.O,Delivery,Perundurai,Erode
638056,Kambiliyampatti B.O,B.O,Delivery,Erode,Erode
638056,Nadupatti B.O,B.O,Delivery,Erode,Erode
638056,Pallagoundenpalayam B.O,B.O,Delivery,Perundurai,Erode
638056,Periaveerasangli B.O,B.O,Delivery,Erode,Erode
638056,Ponmudi B.O,B.O,Delivery,Erode,Erode
638056,Vijayamangalam S.O,S.O,Delivery,Erode,Erode
638056,Voipodi B.O,B.O,Delivery,Perundurai,Erode
638057,Nallampatti B.O,B.O,Delivery,Perundurai,Erode
638057,Palakarai B.O,B.O,Delivery,Erode,Erode
638057,Pattakaranpalayam B.O,B.O,Delivery,Erode,Erode
638057,Seenapuram B.O,B.O,Delivery,Erode,Erode
638057,Sullipalayam B.O,B.O,Delivery,Erode,Erode
638057,Tudupathi S.O,S.O,Delivery,Perundurai,Erode
638101,Arachalur S.O,S.O,Delivery,Erode,Erode
638101,Attavanai Hanumanpalli B.O,B.O,Delivery,Erode,Erode
638101,Elavanatham B.O,B.O,Delivery,Erode,Erode
638101,Kasthurbagarm B.O,B.O,Delivery,Erode,Erode
638101,Koothampatti B.O,B.O,Delivery,Erode,Erode
638101,Mukasi Hanumanpalli B.O,B.O,Delivery,Erode,Erode
638101,Palliyuthu B.O,B.O,Delivery,Erode,Erode
638101,Vadugapatti B.O,B.O,Delivery,Erode,Erode
638101,Veerappampalayam B.O,B.O,Delivery,Erode,Erode
638102,Chittode S.O,S.O,Delivery,Erode,Erode
638102,Gangapuram B.O,B.O,Delivery,Erode,Erode
638102,Perode B.O,B.O,Delivery,Erode,Erode
638102,Vadakuthaiyurpalayam B.O,B.O,Delivery,Erode,Erode
638103,Athiyur B.O,B.O,Delivery,Erode,Erode
638103,Chinniampalayam (Kunnathur) B.O,B.O,Delivery,Perundurai,Erode
638103,Kavuthampalayam B.O,B.O,Delivery,Erode,Erode
638103,Kunnathur S.O (Erode),S.O,Delivery,Erode,Erode
638103,Merkupathi B.O,B.O,Delivery,Coimbatore,Coimbatore
638103,Sokkanur B.O,B.O,Delivery,Erode,Coimbatore
638103,Sundakkampalayam B.O,B.O,Delivery,Erode,Erode
638103,Vallipuram B.O,B.O,Delivery,Coimbatore,Coimbatore
638103,Velampalayam(Kunnathur) B.O,B.O,Delivery,Erode,Erode
638103,Vellaraveli B.O,B.O,Delivery,Erode,Erode
638104,Elumathur B.O,B.O,Delivery,Erode,Erode
638104,Injampalli B.O,B.O,Delivery,Erode,Erode
638104,Komarayeevalasu B.O,B.O,Delivery,Erode,Erode
638104,Modakurichi S.O,S.O,Delivery,Erode,Erode
638104,Nanjai Uttukuli B.O,B.O,Delivery,Erode,Erode
638104,Purappalikattuvalasu B.O,B.O,Delivery,Erode,Erode
638104,Sinniampalayam B.O,B.O,Delivery,Erode,Erode
638104,Swaminathapuram B.O,B.O,Delivery,Erode,Erode
638104,Velampalayam B.O,B.O,Delivery,Erode,Erode
638105,Alampalayam B.O,B.O,Delivery,Dharapuram,Erode
638105,Mangalapatti B.O,B.O,Delivery,NA,Erode
638105,Muthur S.O,S.O,Delivery,NA,Erode
638105,Vellierichal B.O,B.O,Delivery,NA,Erode
638106,Chinnamarudur B.O,B.O,Delivery,Dharapuram,Erode
638106,Erasinampalayam B.O,B.O,Delivery,Dharapuram,Erode
638106,Kilankundal B.O,B.O,Delivery,Dharapram,Erode
638106,Komarapalayam B.O,B.O,Delivery,Dharapuram,Erode
638106,Kottaimulanur B.O,B.O,Delivery,Dharapuram,Erode
638106,Mambadi B.O,B.O,Delivery,Dharapuram,Erode
638106,Mulanur S.O,S.O,Delivery,Dharapuram,Erode
638106,Nathachennigoundenvalasu B.O,B.O,Delivery,Dharapuram,Erode
638106,Nathapalayam B.O,B.O,Delivery,Dharapuram,Erode
638106,Orathupalyaam B.O,B.O,Delivery,Dharapuram,Erode
638106,Pattuthurai B.O,B.O,Delivery,Dharapuram,Erode
638106,Pichakalpatti B.O,B.O,Delivery,Dharapuram,Erode
638106,Puliampatti B.O,B.O,Delivery,Dharapuram,Erode
638106,Rakkiavalasu B.O,B.O,Delivery,Dharapuram,Erode
638106,Semmangarai B.O,B.O,Delivery,Dharapuram,Erode
638106,Thurambadi B.O,B.O,Delivery,Dharapuram,Erode
638106,Vadugapatti B.O,B.O,Delivery,Dharapuram,Erode
638107,Kadirampatti B.O,B.O,Delivery,Erode,Erode
638107,Mullampatti B.O,B.O,Delivery,Erode,Erode
638107,Nasiyanur S.O,S.O,Delivery,Erode,Erode
638107,Vilarasampatti B.O,B.O,Delivery,Erode,Erode
638108,Komarapalayam B.O,B.O,Delivery,Kangayam,Erode
638108,Kuttapalayam B.O,B.O,Delivery,Kangayam,Erode
638108,Marudurai B.O,B.O,Delivery,Kangayam,Erode
638108,Mullipuram B.O,B.O,Delivery,Kangayam,Erode
638108,Nathakadaiyur S.O,S.O,Delivery,Kangayam,Erode
638108,Palayakottai B.O,B.O,Delivery,Kangayam,Erode
638109,Ammankoil B.O,B.O,Delivery,Erode,Erode
638109,Kagam B.O,B.O,Delivery,Erode,Erode
638109,Kandasamipalayam B.O,B.O,Delivery,Erode,Erode
638109,Karukkampalayam B.O,B.O,Delivery,Erode,Erode
638109,Minnapalayam B.O,B.O,Delivery,Erode,Erode
638109,Sivagiri S.O (Erode),S.O,Delivery,Erode,Erode
638109,Thandampalayam B.O,B.O,Delivery,Erode,Erode
638109,Thattampalayam B.O,B.O,Delivery,Erode,Erode
638109,Vazhaithottam B.O,B.O,Delivery,Erode,Erode
638109,Vilakethi B.O,B.O,Delivery,Erode,Erode
638110,Getticheyur S.O,S.O,Delivery,Gobichettipalayam,Erode
638110,Kaliappampalayam B.O,B.O,Delivery,Perundurai,Erode
638110,Kurichi-kunnathur B.O,B.O,Delivery,Erode,Erode
638110,Sokkumaripalayam B.O,B.O,Delivery,Gobichettipalayam,Erode
638110,Thoranavavi B.O,B.O,Delivery,Erode,Erode
638111,Agalaraipalayam B.O,B.O,Delivery,Kangeyam,Erode
638111,Dasavanaickenpatti B.O,B.O,Delivery,Kangeyam,Erode
638111,Karattupalayam B.O,B.O,Delivery,Kangeyam,Erode
638111,Karuppanvalasu B.O,B.O,Delivery,Kangeyam,Erode
638111,Lakkamanaickenpatti B.O,B.O,Delivery,Kangayam,Erode
638111,Mettupalayam B.O,B.O,Delivery,Kangeyam,Erode
638111,Mulayampoondi B.O,B.O,Delivery,Kangayam,Erode
638111,Mylrangam B.O,B.O,Delivery,Kangeyam,Erode
638111,Nagamanaickenpatti B.O,B.O,Delivery,Kangeyam,Erode
638111,Puduppai B.O,B.O,Delivery,Kangayam,Erode
638111,Senapathipalayam B.O,B.O,Delivery,Kangayam,Erode
638111,Theethampalayam B.O,B.O,Non-Delivery,Kangeyam,Erode
638111,Uppupalayam B.O,B.O,Delivery,Dharapuram,Erode
638111,Velappanaickenvalasu B.O,B.O,Delivery,Kangeyam,Erode
638111,Vellakoil Bazaar S.O,S.O,Non-Delivery,Kangeyam,Erode
638111,Vellakoil S.O,S.O,Delivery,Kangeyam,Erode
638112,Gnanipalayam B.O,B.O,Delivery,Perundurai,Erode
638112,Kanagapuram B.O,B.O,Delivery,Erode,Erode
638112,Kavundichipalayam B.O,B.O,Delivery,Erode,Erode
638112,Pungambadi B.O,B.O,Delivery,Erode,Erode
638112,T.Mettupalayam B.O,B.O,Delivery,Perundurai,Erode
638112,Vadamugam Vellodu S.O,S.O,Delivery,Erode,Erode
638112,Vallipurathanpalayam B.O,B.O,Delivery,Erode,Erode
638115,Avalpundurai S.O,S.O,Delivery,Erode,Erode
638115,Kandikattuvalasu B.O,B.O,Delivery,Erode,Erode
638115,Kasbapettai B.O,B.O,Delivery,Erode,Erode
638115,Nathagoundenpalayam B.O,B.O,Delivery,Erode,Erode
638115,Pundurai Semur B.O,B.O,Delivery,Erode,Erode
638115,Solipalayam B.O,B.O,Delivery,Erode,Erode
638115,Thuyyampundurai B.O,B.O,Delivery,Erode,Erode
638115,Velankattuvalasu B.O,B.O,Delivery,Erode,Erode
638116,Kanjikovil S.O,S.O,Delivery,Perundurai,Erode
638116,Kovilpalayam B.O,B.O,Delivery,Perundurai,Erode
638116,Pallapalayam B.O,B.O,Delivery,Perundurai,Erode
638116,Pethampalayam B.O,B.O,Delivery,Perundurai,Erode
638116,Thaneerpandalpalayam B.O,B.O,Delivery,Perundurai,Erode
638151,Anjur B.O,B.O,Delivery,Erode,Erode
638151,Avudayarparai B.O,B.O,Delivery,Erode,Erode
638151,Ayyampalayam B.O,B.O,Delivery,Erode,Erode
638151,Ichipalayam B.O,B.O,Delivery,Erode,Erode
638151,Karvazhi B.O,B.O,Delivery,Karur,Karur
638151,Kodumudi S.O,S.O,Delivery,Erode,Erode
638151,Periavattam B.O,B.O,Delivery,Erode,Erode
638151,Pondilingapuram B.O,B.O,Delivery,Erode,Erode
638151,Rasampalayam B.O,B.O,Delivery,Erode,Erode
638151,Salaipudur B.O,B.O,Delivery,Erode,Erode
638151,Thukkachi B.O,B.O,Delivery,Erode,Karur
638152,Kolathupalayam B.O,B.O,Delivery,Erode,Erode
638152,Thamaraipalayam B.O,B.O,Delivery,Erode,Erode
638152,Unjalur S.O,S.O,Delivery,Erode,Erode
638152,Vadakkupudupalayam B.O,B.O,Delivery,Erode,Erode
638152,Vengampur B.O,B.O,Non-Delivery,Erode,Erode
638153,Ganapathipalayam S.O,S.O,Delivery,Erode,Erode
638153,Mannathampalayam B.O,B.O,Delivery,Erode,Erode
638153,Muthayeepalayam B.O,B.O,Delivery,Erode,Erode
638154,Kolanalli B.O,B.O,Delivery,Erode,Erode
638154,Malayampalayam B.O,B.O,Delivery,Erode,Erode
638154,Pasur S.O,S.O,Delivery,Erode,Erode
638154,Vellottamparappu B.O,B.O,Delivery,Erode,Erode
638181,Pothanur S.O,S.O,Delivery,Paramathi-Velur,Namakkal
638181,Veeranampalayam B.O,B.O,Delivery,Paramathi Velur,Namakkal
638182,Anichampalayam B.O,B.O,Delivery,Paramathi-Velur,Namakkal
638182,Kuppuchipalayam B.O,B.O,Delivery,Paramathi-Velur,Namakkal
638182,Nanjai Edaiyar B.O,B.O,Delivery,Namakkal,Namakkal
638182,Punjaiedayarkilmugam B.O,B.O,Delivery,Paramathi Velur,Namakkal
638182,Sultanpet B.O,B.O,Non-Delivery,Paramathi-Velur,Namakkal
638182,Unjapalayam B.O,B.O,Delivery,Paramathi-Velur,Namakkal
638182,Velur (Namakkal) S.O,S.O,Delivery,Paramathi-Velur,Namakkal
638182,Velur Bazaar SL S.O,S.O,Non-Delivery,Paramathi-Velur,Namakkal
638183,Kallankattuvalasu B.O,B.O,Delivery,Tiruchengode,Namakkal
638183,Komarapalayam East S.O,S.O,Non-Delivery,Tiruchengode,Namakkal
638183,Komarapalayam S.O,S.O,Delivery,Tiruchengodu,Namakkal
638183,Kullanaickenpalayam B.O,B.O,Non-Delivery,Tiruchengode,Namakkal
638183,Natarajanagar S.O,S.O,Non-Delivery,Tiruchengode,Namakkal
638183,Samiyampalayam B.O,B.O,Delivery,Tiruchengode,Namakkal
638183,Valayakaranur B.O,B.O,Delivery,Tiruchengode,Namakkal
638301,Bhavani Cutcherry S.O,S.O,Non-Delivery,Erode,Erode
638301,Bhavani H.O,H.O,Delivery,Erode,Erode
638301,Bhavani Kudal S.O,S.O,Non-Delivery,Bhavani,Erode
638301,Kalingarayanpalayam Pudur B.O,B.O,Non-Delivery,Bhavani,Erode
638301,Kurupanaickenpalayam B.O,B.O,Non-Delivery,Bhavani,Erode
638301,Varnapuram B.O,B.O,Non-Delivery,Bhavani,Erode
638311,Ammapettai S.O,S.O,Delivery,Bhavani,Erode
638311,Budapadi B.O,B.O,Delivery,Erode,Erode
638311,Chinnapallam B.O,B.O,Delivery,Bhavani,Erode
638311,Kadappanalur B.O,B.O,Delivery,Erode,Erode
638311,Kesarimangalam B.O,B.O,Delivery,Erode,Erode
638311,Nerinjipettai B.O,B.O,Delivery,Bhavani,Erode
638311,Sanyasipatti B.O,B.O,Delivery,Erode,Erode
638311,Singampettai B.O,B.O,Delivery,Erode,Erode
638311,Umareddiyur B.O,B.O,Delivery,Bhavani,Erode
638311,Varadhanallur B.O,B.O,Delivery,Erode,Erode
638312,Dalavoipettai B.O,B.O,Delivery,Bhavani,Erode
638312,Jambai S.O,S.O,Delivery,Bhavani,Erode
638312,Kadayampatti B.O,B.O,Delivery,Bhavani,Erode
638312,Kuttipalayam B.O,B.O,Delivery,Bhavani,Erode
638312,Paruvachi B.O,B.O,Delivery,Erode,Erode
638312,Punnam B.O,B.O,Delivery,Erode,Erode
638312,Thottipalayam B.O,B.O,Delivery,Bhavani,Erode
638312,Vairamangalam B.O,B.O,Delivery,Erode,Erode
638313,Kugalur S.O,S.O,Delivery,Erode,Erode
638313,Mevani B.O,B.O,Delivery,Erode,Erode
638313,Pudukkaraipudur B.O,B.O,Delivery,Gobichettipalayam,Erode
638314,Kalbhavi B.O,B.O,Delivery,Erode,Erode
638314,Kannadipalayam B.O,B.O,Delivery,Bhavani,Erode
638314,Kurichi B.O,B.O,Delivery,Erode,Erode
638314,Mathur B.O,B.O,Delivery,Erode,Erode
638314,Mukasipudur B.O,B.O,Delivery,Erode,Erode
638314,Mylambadi B.O,B.O,Delivery,Erode,Erode
638314,Olagadam S.O,S.O,Delivery,Bhavani,Erode
638314,Pachampalayam B.O,B.O,Delivery,Erode,Erode
638314,Patlur B.O,B.O,Delivery,Erode,Erode
638314,Sembadapalayam B.O,B.O,Delivery,Bhavani,Erode
638314,Vellitirupur B.O,B.O,Delivery,Erode,Erode
638315,Appakudal B.O,B.O,Non-Delivery,Bhavani,Erode
638315,Brahmadesam B.O,B.O,Delivery,Erode,Erode
638315,Koothampoondi B.O,B.O,Delivery,Erode,Erode
638315,Mettupalayam B.O,B.O,Delivery,Bhavani,Erode
638315,Oricheri B.O,B.O,Delivery,Erode,Erode
638315,Perundalaiyur B.O,B.O,Delivery,Erode,Erode
638315,Sakthinagar S.O,S.O,Delivery,Gobichettipalayam,Erode
638315,Sinthagoundenpalayam B.O,B.O,Delivery,Bhavani,Erode
638315,Vellalapalayam B.O,B.O,Delivery,Erode,Erode
638316,Elavamalai B.O,B.O,Delivery,Erode,Erode
638316,Vasavi College S.O,S.O,Delivery,Bhavani,Erode
638401,Araipalayam B.O,B.O,Delivery,Sathyamangalam,Erode
638401,Bannari B.O,B.O,Delivery,Sathyamangalam,Erode
638401,Chikkarasampalayam B.O,B.O,Delivery,Sathy,Erode
638401,Dhimbam B.O,B.O,Delivery,Sathyamangalam,Erode
638401,Germalam B.O,B.O,Delivery,Sathyamangalam,Erode
638401,Hassanur B.O,B.O,Delivery,Sathy,Erode
638401,Ikkarainegamam B.O,B.O,Delivery,Sathy,Erode
638401,Komarapalayam-sathy B.O,B.O,Delivery,Sathyamangalam,Erode
638401,Kottuveerampalayam B.O,B.O,Non-Delivery,Sathyamangalam,Erode
638401,Puduvadavalli B.O,B.O,Delivery,Sathyamangalam,Erode
638401,Sathy Bazaar S.O,S.O,Non-Delivery,Sathyamangalam,Erode
638401,Sathyamangalam S.O,S.O,Delivery,Sathyamangalam,Erode
638401,Thingalur B.O,B.O,Delivery,Sathyamangalam,Erode
638401,Varadampalayam B.O,B.O,Non-Delivery,Sathy,Erode
638402,Ariyappampalayam B.O,B.O,Delivery,Sathyamangalam,Erode
638402,Kavilipalayam B.O,B.O,Delivery,Sathy,Erode
638402,Konamoolai B.O,B.O,Delivery,Sathy,Erode
638402,Periyur B.O,B.O,Delivery,Sathyamangalam,Erode
638402,Rangasamudram S.O,S.O,Delivery,Sathyamangalam,Erode
638402,Shenbagapudur B.O,B.O,Delivery,Sathy,Erode
638402,Sundakkampalayam B.O,B.O,Delivery,NA,Coimbatore
638402,Uthandiyur B.O,B.O,Delivery,Sathy,Erode
638402,Valipalayam B.O,B.O,Delivery,Sathy,Erode
638402,Vinnapalli B.O,B.O,Delivery,Sathy,Erode
638451,Bhavanisagar S.O,S.O,Delivery,Sathyamangalam,Erode
638451,Doddampalayam B.O,B.O,Delivery,Sathy,Erode
638451,Ikkaraithathapalli B.O,B.O,Delivery,Sathy,Erode
638451,Kothamangalam B.O,B.O,Delivery,Sathy,Erode
638451,Pudupeerkadavu` B.O,B.O,Delivery,Sathy,Erode
638451,Rajannagar B.O,B.O,Delivery,Sathy,Erode
638451,Thengumarahada B.O,B.O,Delivery,Sathy,Erode
638451,Thoppampalayam B.O,B.O,Delivery,Sathy,Erode
638452,Gobichettipalayam East S.O,S.O,Non-Delivery,Gobichettipalayam,Erode
638452,Gobichettipalayam H.O,H.O,Delivery,Erode,Erode
638453,Alukuli B.O,B.O,Delivery,Erode,Erode
638453,Ayalur B.O,B.O,Delivery,Erode,Erode
638453,Kalingiam B.O,B.O,Delivery,Erode,Erode
638453,Karattadipalayam S.O,S.O,Delivery,Gobichettipalayam,Erode
638453,Kottupullampalayam B.O,B.O,Delivery,Erode,Erode
638454,Akkaraikodiveri B.O,B.O,Delivery,Erode,Erode
638454,Arasur B.O,B.O,Delivery,Erode,Erode
638454,Gudakkarai B.O,B.O,Delivery,Erode,Erode
638454,Kadathur (Gobi) B.O,B.O,Delivery,Erode,Erode
638454,Kasipalayam S.O (Erode),S.O,Delivery,Gobichettipalayam,Erode
638454,Odayagoundenpalayam B.O,B.O,Delivery,Erode,Erode
638455,Alathur B.O,B.O,Delivery,Erode,Erode
638455,Ayyampalayam B.O,B.O,Delivery,Bhavani,Erode
638455,Kalichettipalayam. Mettupalayam B.O,B.O,Delivery,Bhavani,Erode
638455,Kavindapadi S.O,S.O,Delivery,Erode,Erode
638455,L.M.Palapalayam B.O,B.O,Delivery,Bhavani,Erode
638455,Odathurai B.O,B.O,Delivery,Erode,Erode
638455,Pandiampalayam B.O,B.O,Delivery,Erode,Erode
638455,Periapuliyur B.O,B.O,Delivery,Erode,Erode
638455,Salangapalayam B.O,B.O,Delivery,Bhavani,Erode
638455,Singanallur KVP B.O,B.O,Delivery,Erode,Erode
638456,Kolappalur S.O (Erode),S.O,Delivery,Gobichettipalayam,Erode
638456,Talguni B.O,B.O,Delivery,Erode,Erode
638456,Theethampalayam B.O,B.O,Delivery,Gobichettipalayam,Erode
638457,Alingiam(Gobi) B.O,B.O,Delivery,Gobichettipalayam,Erode
638457,Karattupalayam B.O,B.O,Delivery,Erode,Erode
638457,Kummakalipalayam B.O,B.O,Delivery,Gobichettipalayam,Erode
638457,Kurumandur S.O,S.O,Delivery,Erode,Erode
638458,Elathur Chettipalayam B.O,B.O,Delivery,Gobichettipalayam,Erode
638458,Kidarai B.O,B.O,Delivery,Gobichettipalayam,Erode
638458,Koshanam B.O,B.O,Delivery,Erode,Erode
638458,Nambiyur S.O,S.O,Delivery,Gobichettipalayam,Erode
638458,Pattampalayam B.O,B.O,Delivery,Erode,Coimbatore
638458,Polavapalayam B.O,B.O,Delivery,Erode,Erode
638458,Suriappampalayam B.O,B.O,Delivery,Gobichettipalayam,Erode
638459,Ambodi B.O,B.O,Delivery,Sathy,Erode
638459,Desipalayam B.O,B.O,Delivery,Sathyamangalam,Erode
638459,Irumborai B.O,B.O,Delivery,Sathy,Erode
638459,Kanuvakarai B.O,B.O,Delivery,Sathy,Erode
638459,Karapadi B.O,B.O,Delivery,Sathyamangalam,Erode
638459,Madampalayam B.O,B.O,Delivery,Sathy,Erode
638459,Muduthurai B.O,B.O,Delivery,Sathy,Erode
638459,Nallur B.O,B.O,Delivery,Sathy,Erode
638459,Nochikuttai B.O,B.O,Delivery,Sathyamangalam,Erode
638459,Panayampalli B.O,B.O,Delivery,Sathy,Erode
638459,Pethikuttai B.O,B.O,Delivery,Sathy,Erode
638459,Pongalur-avanashi B.O,B.O,Delivery,Sathy,Erode
638459,Punjai Puliampatti S.O,S.O,Delivery,Sathyamangalam,Erode
638459,Sellappampalayam B.O,B.O,Delivery,Sathy,Erode
638460,Emmammpoondi B.O,B.O,Delivery,NA,Erode
638460,Olalakoil B.O,B.O,Delivery,NA,Erode
638460,Pothampalayam B.O,B.O,Delivery,NA,Erode
638460,Pulipar B.O,B.O,Delivery,NA,Erode
638460,Punjaithamaraikulam B.O,B.O,Delivery,NA,Erode
638460,Savakattupalayam S.O,S.O,Delivery,Sathyamangalam,Erode
638461,Aralavadi B.O,B.O,Delivery,Sathy,Erode
638461,Chikkahalli B.O,B.O,Delivery,Sathyamangalam,Erode
638461,Chimtahalli B.O,B.O,Delivery,Sathy,Erode
638461,Doddagajanur B.O,B.O,Delivery,Sathy,Erode
638461,Doddapura B.O,B.O,Delivery,Sathyamangalam,Erode
638461,Erahanahalli B.O,B.O,Delivery,Sathy,Erode
638461,Gettavadi B.O,B.O,Delivery,Sathy,Erode
638461,Gumtapuram B.O,B.O,Delivery,Sathyamangalam,Erode
638461,Mallanguli B.O,B.O,Delivery,Sathy,Erode
638461,Neithalapuram B.O,B.O,Delivery,Sathy,Erode
638461,Panakkahalli B.O,B.O,Delivery,Sathy,Erode
638461,Soosaipuram B.O,B.O,Delivery,Sathyamangalam,Erode
638461,Talamalai B.O,B.O,Delivery,Sathy,Erode
638461,Talavadi S.O,S.O,Delivery,Sathyamangalam,Erode
638461,Tegnarai B.O,B.O,Delivery,Sathy,Erode
638462,Anjanur(Vemandampalayam) B.O,B.O,Delivery,Erode,Erode
638462,Irugalur B.O,B.O,Delivery,Erode,Erode
638462,Kuttagam B.O,B.O,Delivery,Coimbatore,Coimbatore
638462,Pattimaniakaranpalayam B.O,B.O,Delivery,Gobichettipalayam,Erode
638462,Thirumalaigoundenpalayam B.O,B.O,Delivery,Erode,Coimbatore
638462,Varapalayam B.O,B.O,Delivery,Erode,Erode
638462,Vemandampalayam S.O,S.O,Delivery,Erode,Erode
638476,Gobichettipalayam South S.O,S.O,Delivery,Gobichettipalayam,Erode
638476,Kadukkampalayam B.O,B.O,Delivery,Erode,Erode
638476,Kullampalayam B.O,B.O,Delivery,Erode,Erode
638476,Nagadevampalayam B.O,B.O,Delivery,Erode,Erode
638476,Nanjagoundenpalayam B.O,B.O,Delivery,Gobichettipalayam,Erode
638476,Pariyur Vellalapalayam B.O,B.O,Delivery,Gobichettipalayam,Erode
638476,Polavakalipalayam B.O,B.O,Delivery,Erode,Erode
638476,Pudupalayam S.O (Erode),S.O,Non-Delivery,Gobichettipalayam,Erode
638501,Alampalayam B.O,B.O,Delivery,Bhavani,Erode
638501,Anthiyur S.O,S.O,Delivery,Erode,Erode
638501,Bargur-Anthiyur B.O,B.O,Delivery,Erode,Erode
638501,Ennamangalam B.O,B.O,Delivery,Erode,Erode
638501,Gettisamudram B.O,B.O,Delivery,Erode,Erode
638501,Gettisamudram Colony B.O,B.O,Delivery,Bhavani,Erode
638501,Michaelpalayam B.O,B.O,Delivery,Bhavani,Erode
638501,Sankarapalayam B.O,B.O,Delivery,Erode,Erode
638501,Sembulichampalayam B.O,B.O,Delivery,Bhavani,Erode
638501,Thamaraikarai B.O,B.O,Delivery,Bhavani,Erode
638501,Thavittupalayam B.O,B.O,Non-Delivery,Bhavani,Erode
638502,A.Sembulichampalayam B.O,B.O,Delivery,Bhavani,Erode
638502,Athani S.O (Erode),S.O,Delivery,Bhavani,Erode
638502,Kilwani B.O,B.O,Delivery,Erode,Erode
638502,Kuppandampalayam B.O,B.O,Delivery,Erode,Erode
638502,Nagalur B.O,B.O,Delivery,Erode,Erode
638502,Savandapur B.O,B.O,Delivery,Erode,Erode
638503,Basuvanapuram B.O,B.O,Delivery,Gobichettipalayam,Erode
638503,Dasappagoundanpudur S.O,S.O,Delivery,Sathyamangalam,Erode
638503,Guthialathur B.O,B.O,Delivery,Erode,Erode
638503,Kalkadambur B.O,B.O,Delivery,Sathyamangalam,Erode
638503,Karalayam B.O,B.O,Delivery,Sathyamangalam,Erode
638503,Kembanaickenpalayam B.O,B.O,Delivery,Sathyamangalam,Erode
638503,Kodiveri B.O,B.O,Delivery,Gobichettipalayam,Erode
638503,Kondapanaickenpalayam B.O,B.O,Delivery,Sathyamangalam,Erode
638503,Satamugai B.O,B.O,Delivery,Erode,Erode
638504,Chennampatti B.O,B.O,Delivery,Erode,Erode
638504,Guruvareddiyur S.O,S.O,Delivery,Bhavani,Erode
638504,Komarayanur B.O,B.O,Delivery,Erode,Erode
638504,Murali B.O,B.O,Delivery,Bhavani,Erode
638504,Palakuttaipattipudur B.O,B.O,Delivery,Bhavani,Erode
638504,Reddipalayam B.O,B.O,Delivery,Erode,Erode
638505,Erangattur B.O,B.O,Delivery,Gobichettipalayam,Erode
638505,Kallipatti S.O,S.O,Delivery,Gobichettipalayam,Erode
638505,Kanakkampalayam B.O,B.O,Delivery,Erode,Erode
638505,Kondayampalayam(Bhavani) B.O,B.O,Delivery,Erode,Erode
638505,Perumugaipudur B.O,B.O,Delivery,Gobichettipalayam,Erode
638506,Arakkankottai B.O,B.O,Delivery,Erode,Erode
638506,Kongarpalayam B.O,B.O,Delivery,Erode,Erode
638506,Nanjai Puliampatti B.O,B.O,Delivery,Erode,Erode
638506,Pullappanaickenpalayam B.O,B.O,Delivery,Erode,Erode
638506,Punjaithuraiyampalayam B.O,B.O,Delivery,Erode,Erode
638506,Thuckanaickenpalayam S.O,S.O,Delivery,Gobichettipalayam,Erode
638656,Cholakkadai Street S.O,S.O,Non-Delivery,Dharapuram,Erode
638656,Dharapuram H.O,H.O,Delivery,Dharapuram,Erode
638656,Dharapuram South B.O,B.O,Non-Delivery,Dharapuram,Erode
638656,Hanumanthapuram B.O,B.O,Non-Delivery,Dharapuram,Erode
638657,Alangiam B.O,B.O,Delivery,Dharapuram,Erode
638657,Chinnaickampalayam B.O,B.O,Delivery,Dharapuram,Erode
638657,Chinnaputhur B.O,B.O,Delivery,Dharapuram,Erode
638657,Chitravuthampalayam B.O,B.O,Delivery,Dharapuram,Erode
638657,Dasarapatti B.O,B.O,Delivery,Dharapuram,Erode
638657,Ellisnagar S.O,S.O,Delivery,Dharapuram,Erode
638657,Gethalrev B.O,B.O,Delivery,Dharapuram,Erode
638657,Govindapuram B.O,B.O,Delivery,Dharapuram,Erode
638657,Kallivalasu B.O,B.O,Delivery,Dharapuram,Erode
638657,Kullaipalayam B.O,B.O,Delivery,Dharapuram,Erode
638657,Nanjiampalayam B.O,B.O,Delivery,Dharapuram,Erode
638657,Nanjundapuram B.O,B.O,Delivery,Dharapuram,Erode
638657,Ponnapuram B.O,B.O,Delivery,Dharapuram,Erode
638657,Thoppampatti B.O,B.O,Delivery,Dharapuram,Erode
638660,Avanashipalyaam B.O,B.O,Delivery,Kangayam,Erode
638660,Koduvoi S.O,S.O,Delivery,Dharapuram,Erode
638660,Kurukkapalayam B.O,B.O,Delivery,Kangayam,Erode
638660,Nagalingapuram B.O,B.O,Non-Delivery,Dharapuram,Erode
638660,Nelali B.O,B.O,Delivery,Dharaupram,Erode
638661,Alampalayam B.O,B.O,Delivery,Dharapuram,Erode
638661,Kalipalayam B.O,B.O,Delivery,NA,Erode
638661,Karaiyur B.O,B.O,Delivery,Dharapuram,Erode
638661,Kolathupalayam S.O,S.O,Delivery,Dharapuram,Erode
638661,Mettuvalasu B.O,B.O,Delivery,Dharapuram,Erode
638661,Nallampalayam B.O,B.O,Delivery,Dharapuram,Erode
638661,Peramium B.O,B.O,Delivery,Dharapuram,Erode
638661,Rettalavalasu B.O,B.O,Delivery,Dharapuram,Erode
638661,Thottiapalayam B.O,B.O,Delivery,Dharapuram,Erode
638661,Vellavavipudur B.O,B.O,Delivery,Dharapuram,Erode
638672,Dalavoipattinam S.O,S.O,Delivery,Dharapuram,Erode
638672,Selampalayam B.O,B.O,Delivery,Dharapuram,Erode
638673,Achur B.O,B.O,Delivery,Dharapuram,Erode
638673,Bagavankoil B.O,B.O,Delivery,Dharapuram,Erode
638673,Bommanallur B.O,B.O,Delivery,Dharapuram,Erode
638673,Kolinjivadi S.O,S.O,Delivery,Dharapuram,Erode
638673,Koneripatti B.O,B.O,Delivery,Dharapuram,Erode
638673,Manakadavu B.O,B.O,Delivery,Dharapuram,Erode
638673,Ponnivadi B.O,B.O,Delivery,Dharapram,Erode
638673,Therpatti B.O,B.O,Delivery,Dharapuram,Erode
638673,Undarapatti B.O,B.O,Delivery,Dharapuram,Erode
638673,Veerajimangalam B.O,B.O,Delivery,Dharapuram,Erode
638701,Alampadi B.O,B.O,Delivery,Kangayam,Erode
638701,Aratholuvu B.O,B.O,Delivery,Kangayam,Erode
638701,Avanashipalayampudur B.O,B.O,Delivery,Dharapuram,Erode
638701,Kadayur B.O,B.O,Delivery,Kangayam,Erode
638701,Kangayam East B.O,B.O,Non-Delivery,Kangeyam,Erode
638701,Kangayam North S.O,S.O,Non-Delivery,Kangeyam,Erode
638701,Kangayam S.O,S.O,Delivery,Kangayam,Erode
638701,Keeranur B.O,B.O,Delivery,Kangayam,Erode
638701,Kosavampalayam B.O,B.O,Delivery,Kangeyam,Erode
638701,Mudianerichal B.O,B.O,Delivery,Kangeyam,Erode
638701,Nathakattuvalasu B.O,B.O,Delivery,Dharapuram,Erode
638701,Olapalayam B.O,B.O,Delivery,Kangeyam,Erode
638701,Padiyur B.O,B.O,Delivery,Kangayam,Erode
638701,Pappinipachapalayam B.O,B.O,Delivery,Kangayam,Erode
638701,Paranjervali B.O,B.O,Delivery,Kangayam,Erode
638701,Pothiapalayam B.O,B.O,Delivery,Kangeyam,Erode
638701,Sivanmalai B.O,B.O,Delivery,Kangayam,Erode
638701,Thambureddipalayam B.O,B.O,Delivery,Kangayam,Erode
638701,Veeracholapuram B.O,B.O,Delivery,Kangayam,Erode
638701,Veeranampalayam B.O,B.O,Delivery,Kangayam,Erode
638702,Bellampatti B.O,B.O,Delivery,NA,Erode
638702,Devarajapattinam B.O,B.O,Delivery,Dharapuram,Erode
638702,Kokkampalayam B.O,B.O,Delivery,NA,Erode
638702,Kundadam S.O,S.O,Delivery,NA,Erode
638702,Muthugoundenpalayam B.O,B.O,Delivery,Dharapuram,Erode
638702,Nandavanampalayam B.O,B.O,Delivery,NA,Erode
638702,Rudravathi B.O,B.O,Delivery,Dharapuram,Erode
638702,Sadayapalayam B.O,B.O,Delivery,Dharapuram,Erode
638702,Surianallur B.O,B.O,Delivery,NA,Erode
638703,Kungarupalayam B.O,B.O,Delivery,Dharapuram,Erode
638703,Mudalipalayam B.O,B.O,Delivery,Kangayam,Erode
638703,Sengodampalayam B.O,B.O,Delivery,Dharapuram,Erode
638703,Thayamapalayam B.O,B.O,Delivery,NA,Erode
638703,Udhiyur S.O,S.O,Delivery,Kangayam,Erode
638703,Vengipalayam B.O,B.O,Delivery,Dharapuram,Erode
638706,Kambiliampatti B.O,B.O,Delivery,NA,Erode
638706,Nallimadam B.O,B.O,Delivery,Dharapuram,Erode
638706,Nochipalayam B.O,B.O,Delivery,Dharapuram,Erode
638706,Punganthurai B.O,B.O,Delivery,NA,Erode
638706,Sankarandampalayam S.O,S.O,Delivery,Dharapuram,Erode
638706,Sirukinar B.O,B.O,Delivery,Dharapuram,Erode
638751,Dalavoipalayam B.O,B.O,Delivery,Perundurai,Erode
638751,Kasthuripalayam B.O,B.O,Delivery,Perundurai,Erode
638751,Koothampalayam B.O,B.O,Delivery,Erode,Erode
638751,Punjaipalatholuvu B.O,B.O,Delivery,Erode,Erode
638751,Sirukalanji B.O,B.O,Delivery,Erode,Erode
638751,Thippampalayam B.O,B.O,Delivery,Perundurai,Erode
638751,Uttukuli S.O,S.O,Delivery,Perundurai,Erode
638752,Anaipalayam B.O,B.O,Delivery,Erode,Erode
638752,Morattupalayam B.O,B.O,Delivery,Erode,Erode
638752,Senapathichettipalayam B.O,B.O,Delivery,Perundurai,Erode
638752,Sircarkathankanni B.O,B.O,Delivery,Erode,Erode
638752,Uttukuli Rs S.O,S.O,Delivery,Perundurai,Erode
638812,Chengapalli S.O,S.O,Delivery,Perundurai,Erode
638812,Virumandampalayam B.O,B.O,Delivery,Perundurai,Erode
639001,Karur H.O,H.O,Delivery,Karur,Karur
639001,Karur West S.O,S.O,Non-Delivery,Karur,Karur
639001,Ramakrishnapuram S.O,S.O,Non-Delivery,Karur,Karur
639002,Mudiganam B.O,B.O,Delivery,Aravakurichi,Karur
639002,Pallamarudapatti B.O,B.O,Delivery,Aravakurichi,Karur
639002,Pallapalayam B.O,B.O,Delivery,Karur,Karur
639002,Pavithram B.O,B.O,Delivery,Aravakurichi,Karur
639002,Sengunthapuram S.O,S.O,Delivery,Karur,Karur
639002,Thumbivadi B.O,B.O,Delivery,Aravakurichi,Karur
639002,Viswanathapuri B.O,B.O,Delivery,Aravakurichi,Karur
639003,Appipalayam B.O,B.O,Delivery,Karur,Karur
639003,Kakkavadi B.O,B.O,Delivery,Karur,Karur
639003,Puthambur B.O,B.O,Delivery,Karur,Karur
639003,Sukkaliyur B.O,B.O,Delivery,Karur,Karur
639003,Thalapatti B.O,B.O,Delivery,Karur,Karur
639003,Thoranakkalpatti B.O,B.O,Delivery,Karur,Karur
639003,Tirumanilaiyur S.O,S.O,Delivery,Karur,Karur
639004,Gandhigramam S.O,S.O,Non-Delivery,Karur,Karur
639004,Nerur B.O,B.O,Delivery,Karur,Karur
639004,Palaiyur B.O,B.O,Delivery,Karur,Karur
639004,Panjamadevi B.O,B.O,Delivery,Karur,Karur
639004,Pasupathipalayam S.O,S.O,Delivery,Karur,Karur
639004,Renganathampettai B.O,B.O,Delivery,Karur,Karur
639004,S.Vellalapatti B.O,B.O,Delivery,Karur,Karur
639004,Senapiratti B.O,B.O,Delivery,Karur,Karur
639005,Kodangipatti B.O,B.O,Delivery,Karur,Karur
639005,Manavadi B.O,B.O,Delivery,Karur,Karur
639005,Mookanankurichi B.O,B.O,Delivery,Karur,Karur
639005,Paganatham B.O,B.O,Delivery,Karur,Karur
639005,Thanthonimalai S.O,S.O,Delivery,Karur,Karur
639006,Kadaparai B.O,B.O,Non-Delivery,Karur,Karur
639006,Manmangalam B.O,B.O,Delivery,Karur,Karur
639006,Vengamedu S.O,S.O,Delivery,Karur,Karur
639006,Vennamalai B.O,B.O,Delivery,Karur,Karur
639007,Emur B.O,B.O,Delivery,Karur,Karur
639007,Karur Collectorate S.O,S.O,Delivery,Karur,Karur
639007,Kathalapatti B.O,B.O,Delivery,Karur,Karur
639008,Andankoil S.O,S.O,Delivery,Karur,Karur
639008,Athur B.O,B.O,Delivery,Karur,Karur
639008,L.N.Samudram B.O,B.O,Non-Delivery,Karur,Karur
639008,Poolampalayam B.O,B.O,Delivery,Karur,Karur
639101,Andanallur S.O,S.O,Delivery,Tiruchirappalli,Tiruchirappalli
639101,Jiyapuram B.O,B.O,Non-Delivery,Srirangam,Tiruchirappalli
639101,Mekkudi B.O,B.O,Delivery,Tiruchirappalli,Tiruchirappalli
639102,Kovakulam B.O,B.O,Delivery,Krishnarayapuram,Karur
639102,Krishnarayapuram S.O,S.O,Delivery,Krishnarayapuram,Karur
639102,Mahadhanapuram B.O,B.O,Delivery,Krishnarayapuram,Karur
639102,Manickapuram B.O,B.O,Delivery,Krishnarayapuram,Karur
639102,Munayanur B.O,B.O,Delivery,Krishnarayapuram,Karur
639102,Palayajeyankondam B.O,B.O,Delivery,Krishnarayapuram,Karur
639102,Sengal B.O,B.O,Delivery,Krishnarayapuram,Karur
639102,Tirukkampuliyur B.O,B.O,Delivery,Krishnarayapuram,Karur
639103,Ettarai B.O,B.O,Delivery,Srirangam,Tiruchirappalli
639103,Inampuliyur B.O,B.O,Delivery,Srirangam,Tiruchirappalli
639103,Koppu B.O,B.O,Delivery,Srirangam,Tiruchirappalli
639103,Kulumani S.O,S.O,Delivery,Tiruchirappalli,Tiruchirappalli
639104,Kulittalai Bazaar S.O,S.O,Non-Delivery,Kulittalai,Karur
639104,Kulittalai H.O,H.O,Delivery,Kulittalai,Karur
639104,Kulittalai Periyapalam B.O,B.O,Non-Delivery,Kulithalai,Karur
639104,Manathattai B.O,B.O,Non-Delivery,Kulittalai,Karur
639105,Chinthalavadi B.O,B.O,Delivery,Krishnarayapuram,Karur
639105,K.Pudupatti B.O,B.O,Delivery,Krishnarayapuram,Karur
639105,Karuppathur B.O,B.O,Delivery,Krishnarayapuram,Karur
639105,Karuveppanaikenpettai B.O,B.O,Delivery,Kulithalai,Karur
639105,Kuppureddipatti B.O,B.O,Delivery,Krishnarayapuram,Karur
639105,Lalapet S.O,S.O,Delivery,Krishnarayapuram,Karur
639105,Mettumahadhanapuram B.O,B.O,Delivery,Krishnarayapuram,Karur
639105,Punavasipatti B.O,B.O,Delivery,Krishnarayapuram,Karur
639105,Timmachipuram B.O,B.O,Delivery,Kulithalai,Karur
639105,Vadiyam B.O,B.O,Delivery,Kulittalai,Karur
639107,Ganesapuram B.O,B.O,Delivery,Kulithalai,Karur
639107,Hiranyamangalam B.O,B.O,Delivery,Kulithalai,Karur
639107,Marudur S.O,S.O,Delivery,Kulithalai,Karur
639107,Mettumarudur B.O,B.O,Delivery,Kulithalai,Karur
639107,Panickampatti B.O,B.O,Delivery,Kulithalai,Karur
639107,Parali B.O,B.O,Delivery,Kulithalai,Karur
639107,Thannirpalli B.O,B.O,Delivery,Kulithalai,Karur
639108,Karuppur B.O,B.O,Delivery,Karur,Karur
639108,Kattalai B.O,B.O,Delivery,Krishnarayapuram,Karur
639108,Manavasi B.O,B.O,Delivery,Kulittalai,Karur
639108,Mayanur S.O,S.O,Delivery,Kirishnarayapuram,Karur
639108,Renganathapuram B.O,B.O,Delivery,Kulittalai,Karur
639108,Valayalkaranpudur B.O,B.O,Delivery,Krishnarayapuram,Karur
639109,Moolapatti S.O,S.O,Delivery,Aravakurichi,Karur
639109,Nagampalli B.O,B.O,Delivery,Karur,Karur
639109,Varikkapatti B.O,B.O,Delivery,Aravakurichi,Karur
639109,Venjamangudalur B.O,B.O,Delivery,Karur,Karur
639110,Innungur B.O,B.O,Delivery,Kulittalai,Karur
639110,Kallai B.O,B.O,Delivery,Kulittalai,Karur
639110,Kurichi B.O,B.O,Delivery,Kulithalai,Karur
639110,Nachalur B.O,B.O,Delivery,Kulithalai,Karur
639110,Nallur B.O,B.O,Delivery,Kulittalai,Karur
639110,Neidalur B.O,B.O,Delivery,Kulittalai,Karur
639110,Neidalur South B.O,B.O,Delivery,Kulittalai,Karur
639110,Nungavaram S.O,S.O,Delivery,Kulithalai,Karur
639110,Poyyamani B.O,B.O,Delivery,Kulittalai,Karur
639110,Rengachipatti B.O,B.O,Delivery,Kulithalai,Karur
639110,Savarimedu B.O,B.O,Delivery,Kulithalai,Karur
639111,Ariyur B.O,B.O,Delivery,Aravakurichi,Karur
639111,Athipalayam B.O,B.O,Delivery,Aravakurichi,Karur
639111,Karudayampalayam B.O,B.O,Delivery,Aravakurichi,Karur
639111,Kattumunnur B.O,B.O,Delivery,Aravakurichi,Karur
639111,Kuppam B.O,B.O,Delivery,Aravakurichi,Karur
639111,Munnur B.O,B.O,Delivery,Aravakurichi,Karur
639111,Nadanthai North B.O,B.O,Delivery,Aravakurichi,Karur
639111,Nedungur B.O,B.O,Delivery,Aravakurichi,Karur
639111,Paramathi (Karur) S.O,S.O,Delivery,Aravakurichi,Karur
639112,Pettavaithalai S.O,S.O,Delivery,Tiruchirappalli,Tiruchirappalli
639112,Pudukottai B.O,B.O,Delivery,Srirangam,Tiruchirappalli
639113,Dalavapalayam B.O,B.O,Delivery,Karur,Karur
639113,East Thavittupalayam B.O,B.O,Delivery,Karur,Karur
639113,Kadambankurichi B.O,B.O,Delivery,Karur,Karur
639113,Nanjaipugalur B.O,B.O,Delivery,Karur,Karur
639113,Nanniyur B.O,B.O,Delivery,Karur,Karur
639113,Pugalur Sugar Factory S.O,S.O,Delivery,Karur,Karur
639113,Punjaipugalur B.O,B.O,Delivery,Karur,Karur
639113,Punjaithottakurichi B.O,B.O,Delivery,Karur,Karur
639113,West Orathai B.O,B.O,Delivery,Karur,Karur
639114,Koyampalli B.O,B.O,Delivery,Karur,Karur
639114,Melapalayam B.O,B.O,Delivery,Karur,Karur
639114,Puliyur B.O,B.O,Delivery,Karur,Karur
639114,Puliyur Cement Factory S.O,S.O,Delivery,Karur,Karur
639114,Somur B.O,B.O,Delivery,Karur,Karur
639114,Uppidamangalam B.O,B.O,Delivery,Karur,Karur
639114,Vedichipalayam B.O,B.O,Delivery,Karur,Karur
639114,Veerarakkiam B.O,B.O,Delivery,Karur,Karur
639115,Kodiyalam B.O,B.O,Delivery,Tiruchirappalli,Tiruchirappalli
639115,Perugamani B.O,B.O,Delivery,Tiruchirappalli,Tiruchirappalli
639115,Sirugamani B.O,B.O,Delivery,Srirangam,Tiruchirappalli
639115,Tirupparaithurai S.O,S.O,Delivery,Tiruchirappalli,Tiruchirappalli
639116,Kuppachipalayam B.O,B.O,Delivery,Karur,Karur
639116,Minnampalli B.O,B.O,Delivery,Karur,Karur
639116,Vangal East B.O,B.O,Delivery,Karur,Karur
639116,Vangal S.O,S.O,Delivery,Karur,Karur
639117,Nadayanur B.O,B.O,Delivery,Karur,Karur
639117,Noyyal B.O,B.O,Delivery,Karur,Karur
639117,Semangi B.O,B.O,Delivery,Karur,Karur
639117,Velayuthampalayam S.O,S.O,Delivery,Karur,Karur
639117,Vettamangalam B.O,B.O,Delivery,Karur,Karur
639118,Chellandipatti B.O,B.O,Delivery,Karur,Karur
639118,Chinnamookkanankuppam B.O,B.O,Delivery,Karur,Karur
639118,Jegadabi B.O,B.O,Delivery,Karur,Karur
639118,K.Pitchampatti B.O,B.O,Delivery,Karur,Karur
639118,Mushtakinathupatti B.O,B.O,Delivery,Karur,Karur
639118,Porani B.O,B.O,Delivery,Karur,Karur
639118,Velliyanai S.O,S.O,Delivery,Karur,Karur
639119,Keeranur B.O,B.O,Delivery,Kulittalai,Karur
639119,Muthurengampatti B.O,B.O,Delivery,Krishnarayapuram,Karur
639119,P.Udayapatti B.O,B.O,Delivery,Kulithalai,Karur
639119,Panjapatti S.O,S.O,Delivery,Krishnarayapuram,Karur
639119,Pappakkapatti B.O,B.O,Delivery,Krishnarayapuram,Karur
639119,Potharavuthanpatti B.O,B.O,Delivery,Krishnarayapuram,Karur
639119,Vayalur B.O,B.O,Delivery,Krishnarayapuram,Karur
639119,Veeriyapalayam B.O,B.O,Delivery,Krishnarayapuram,Karur
639119,Vellapatti Zamin B.O,B.O,Delivery,Kulittalai,Karur
639120,Chinniyampalayam B.O,B.O,Delivery,Kulittalai,Karur
639120,Kazhugur B.O,B.O,Delivery,Kulittalai,Karur
639120,Kosur B.O,B.O,Delivery,Kulittalai,Karur
639120,Kunnagoundanpatti B.O,B.O,Delivery,Kulithalai,Karur
639120,Kuppachipatti B.O,B.O,Delivery,Krishnarayapuram,Karur
639120,Naganur B.O,B.O,Delivery,Kulittalai,Karur
639120,Rakkampatti B.O,B.O,Delivery,Kulithalai,Karur
639120,Sathiyamangalam B.O,B.O,Delivery,Kulittalai,Karur
639120,Sivayam B.O,B.O,Delivery,Krishnarayapuram,Karur
639120,Thaliyampatti B.O,B.O,Delivery,Kulithalai,Karur
639120,Vaiganallur S.O,S.O,Delivery,Kulittalai,Karur
639136,Kagtithapuram S.O,S.O,Delivery,Karur,Karur
639136,Moolimangalam B.O,B.O,Delivery,Karur,Karur
639136,Punnam B.O,B.O,Delivery,Karur,Karur
639136,Punnamchatram B.O,B.O,Delivery,Aravakurichi,Karur
639201,Aravakurichi S.O,S.O,Delivery,Aravakurichi,Karur
639201,Arikkaranvalasu B.O,B.O,Delivery,Dharapuram,Erode
639201,Chinnakariyampatti B.O,B.O,Delivery,Aravakurichi,Karur
639201,Kanakkuvelampatti B.O,B.O,Delivery,Aravakurichi,Karur
639201,Malamedu B.O,B.O,Delivery,Dharapuram,Erode
639201,Nambagoundanur B.O,B.O,Delivery,Aravakurichi,Karur
639201,Nanjaikalakurichi B.O,B.O,Delivery,Aravakurichi,Karur
639201,Pungambadi B.O,B.O,Delivery,Aravakurichi,Karur
639201,Punjaikalakurichi B.O,B.O,Delivery,Aravakurichi,Karur
639201,Rajapuram B.O,B.O,Delivery,Aravakurichi,Karur
639201,Velampundi B.O,B.O,Delivery,Dharapuram,Erode
639202,Anangur B.O,B.O,Delivery,Dharapuram,Erode
639202,Chinnadharapuram S.O,S.O,Delivery,Aravakurichi,Karur
639202,Edakkalpadi B.O,B.O,Delivery,Dharapuram,Erode
639202,Elavanur B.O,B.O,Delivery,Aravakurichi,Karur
639202,Erachapadi B.O,B.O,Delivery,Dharapuram,Erode
639202,Kannivadi B.O,B.O,Delivery,Dharapuram,Erode
639202,Nanjaithalaiyur B.O,B.O,Delivery,Dharapuram,Erode
639202,Periyamathiagudalur B.O,B.O,Delivery,Aravakurichi,Karur
639202,Rengapalayam B.O,B.O,Delivery,Aravakurichi,Karur
639202,Thokkupattipudur B.O,B.O,Delivery,Aravakurichi,Karur
639202,Uttupatti B.O,B.O,Delivery,Aravakurichi,Karur
639203,Ammapatti B.O,B.O,Delivery,Aravakurichi,Karur
639203,Isanatham S.O,S.O,Delivery,Aravakurichi,Karur
639203,Pethachinagar B.O,B.O,Delivery,Aravakurichi,Karur
639203,Soolapuram B.O,B.O,Delivery,Vedasandur,Dindigul
639203,Zamin Athur B.O,B.O,Delivery,Aravakurichi,Karur
639205,Inunganur B.O,B.O,Delivery,Aravakurichi,Karur
639205,Karuppapillaipudur B.O,B.O,Delivery,Aravakurichi,Karur
639205,Kottapatti B.O,B.O,Delivery,Aravakurichi,Karur
639205,Kurikkaranvalasu B.O,B.O,Delivery,Aravakurichi,Karur
639205,Pallapatti S.O (Karur),S.O,Delivery,Aravakurichi,Karur
639205,Pappanaickenpatti B.O,B.O,Delivery,Aravakurichi,Karur
639205,Rengamalaipudupatti B.O,B.O,Delivery,Aravakurichi,Karur
639205,Sellivalasu B.O,B.O,Delivery,Aravakurichi,Karur
639205,Sendamangalam B.O,B.O,Delivery,Aravakurichi,Karur
639205,Velampadi B.O,B.O,Delivery,Aravakurichi,Karur
639206,Chinnavangalampalayam B.O,B.O,Delivery,Aravakurichi,Karur
639206,Gudalur B.O,B.O,Delivery,Aravakurichi,Karur
639206,Karunellivalasu B.O,B.O,Delivery,Aravakurichi,Karur
639206,Kodanthur B.O,B.O,Delivery,Aravakurichi,Karur
639206,Koonampatti B.O,B.O,Delivery,Aravakurichi,Karur
639206,Malaikovil B.O,B.O,Delivery,Aravakurichi,Karur
639206,Monjanur B.O,B.O,Delivery,Aravakurichi,Karur
639206,Muthanampalayam B.O,B.O,Delivery,Aravakurichi,Karur
639206,Periyathirumangalam B.O,B.O,Delivery,Aravakurichi,Karur
639206,Tennilai S.O,S.O,Delivery,Aravakurichi,Karur
639207,A.Meenakshivalasu B.O,B.O,Delivery,Aravakurichi,Karur
639207,Alamarathupatti B.O,B.O,Delivery,Aravakurichi,Karur
639207,Kovilur B.O,B.O,Delivery,Aravakurichi,Karur
639207,Lingamanaickenpatti B.O,B.O,Delivery,Aravakurichi,Karur
639207,Modakkur B.O,B.O,Delivery,Aravakurichi,Karur
639207,Pallapatti Bazaar S.O,S.O,Delivery,Aravakurichi,Karur
639207,Perityamanjuveli B.O,B.O,Delivery,Aravakurichi,Karur
639207,Ponnagoundanur B.O,B.O,Delivery,Aravakurichi,Karur
639207,Sandapadi B.O,B.O,Delivery,Aravakurichi,Karur
639207,Velanchettiyur B.O,B.O,Delivery,Aravakurichi,Karur
639207,Verisinampatti B.O,B.O,Delivery,Aravakurichi,Karur
641001,Coimbatore Bazaar S.O,S.O,Non-Delivery,Coimbatore South,Coimbatore
641001,Coimbatore Fort S.O,S.O,Non-Delivery,Coimbatore South,Coimbatore
641001,Coimbatore H.O,H.O,Delivery,Coimbatore South,Coimbatore
641001,Coimbatore West S.O,S.O,Non-Delivery,Coimbatore South,Coimbatore
641001,Sukrawarpettai S.O,S.O,Non-Delivery,Coimbatore South,Coimbatore
641002,R.S.Puram East S.O,S.O,Non-Delivery,Coimbatore South,Coimbatore
641002,R.S.Puram South S.O,S.O,Non-Delivery,Coimbatore South,Coimbatore
641002,R.S.Puram West S.O,S.O,Non-Delivery,Coimbatore South,Coimbatore
641002,Rathinasabapathy Puram H.O,H.O,Delivery,Coimbatore South,Coimbatore
641003,Lawley Road S.O,S.O,Delivery,Coimbatore South,Coimbatore
641004,Gandhimaanagar S.O,S.O,Non-Delivery,Coimbatore South,Coimbatore
641004,Peelamedu East S.O,S.O,Non-Delivery,Coimbatore South,Coimbatore
641004,Peelamedu S.O,S.O,Delivery,Coimbatore South,Coimbatore
641005,Singanallur S.O,S.O,Delivery,Coimbatore South,Coimbatore
641006,Ganapathy S.O,S.O,Delivery,Coimbatore North,Coimbatore
641006,Krishnarayapuram B.O,B.O,Non-Delivery,Coimbatore North,Coimbatore
641006,Maniakarampalayam B.O,B.O,Non-Delivery,Coimbatore North,Coimbatore
641007,S.B.Institute S.O,S.O,Delivery,Coimbatore South,Coimbatore
641007,Seeranaickenpalayam B.O,B.O,Non-Delivery,Coimbatore North,Coimbatore
641007,Sundapalayam B.O,B.O,Delivery,Coimbatore North,Coimbatore
641007,Vedapatti B.O,B.O,Delivery,Coimbatore South,Coimbatore
641007,Veerakeralam B.O,B.O,Non-Delivery,Coimbatore South,Coimbatore
641008,Coimbatore Ukkadam S.O,S.O,Non-Delivery,Coimbatore South,Coimbatore
641008,Kuniamuthur S.O,S.O,Delivery,Coimbatore South,Coimbatore
641008,Sugunapuram B.O,B.O,Non-Delivery,Coimbatore South,Coimbatore
641009,Ramnagar Coimbatore S.O,S.O,Delivery,Coimbatore South,Coimbatore
641010,Kalampalayam B.O,B.O,Delivery,Coimbatore South,Coimbatore
641010,Kuppanur B.O,B.O,Delivery,Coimbatore South,Coimbatore
641010,Madampatti B.O,B.O,Delivery,Coimbatore South,Coimbatore
641010,Perur Chettipalayam B.O,B.O,Non-Delivery,Coimbatore South,Coimbatore
641010,Perur S.O (Coimbatore),S.O,Delivery,Coimbatore South,Coimbatore
641010,Sundakkamuthur B.O,B.O,Delivery,Coimbatore North,Coimbatore
641010,Titipalayam B.O,B.O,Delivery,Coimbatore South,Coimbatore
641011,P&t Staff Quarters B.O,B.O,Non-Delivery,Coimbatore North,Coimbatore
641011,Saibaba Mission S.O,S.O,Delivery,Coimbatore North,Coimbatore
641012,Gandhipuram S.O (Coimbatore),S.O,Non-Delivery,Coimbatore South,Coimbatore
641012,Tatabad S.O,S.O,Delivery,Coimbatore South,Coimbatore
641013,Govt.College Of Technology S.O,S.O,Delivery,Coimbatore South,Coimbatore
641014,Coimbatore Aerodrome S.O,S.O,Delivery,Coimbatore South,Coimbatore
641014,Coimbatore Tidel Park S.O,S.O,Non-Delivery,Coimbatore,Coimbatore
641015,Uppilipalayam S.O,S.O,Delivery,Coimbatore South,Coimbatore
641016,Edayapalayam B.O,B.O,Delivery,Coimbatore South,Coimbatore
641016,Ondipudur S.O,S.O,Delivery,Coimbatore South,Coimbatore
641016,Pappampatti B.O,B.O,Delivery,Coimbatore South,Coimbatore
641016,Pattanam B.O,B.O,Delivery,Palladam,Coimbatore
641016,Peedampalli B.O,B.O,Delivery,Coimbatore South,Coimbatore
641017,Pannimadai B.O,B.O,Delivery,Coimbatore North,Coimbatore
641017,Thoppampatti B.O,B.O,Delivery,Coimbatore North,Coimbatore
641017,Vadamadurai Kurudampalayam S.O,S.O,Delivery,Coimbatore North,Coimbatore
641018,CBE Mpl.Central Busstand S.O,S.O,Non-Delivery,Coimbatore South,Coimbatore
641018,Coimbatore Central S.O,S.O,Delivery,Coimbatore South,Coimbatore
641018,Coimbatore Collectorate S.O,S.O,Non-Delivery,Coimbatore South,Coimbatore
641018,Coimbatore Courts S.O,S.O,Non-Delivery,Coimbatore South,Coimbatore
641018,Coimbatore Racecourse S.O,S.O,Non-Delivery,Coimbatore South,Coimbatore
641018,Commercial Tax Office Building S.O,S.O,Non-Delivery,Coimbatore South,Coimbatore
641018,Redfields S.O,S.O,Non-Delivery,Coimbatore South,Coimbatore
641019,Bilichi B.O,B.O,Delivery,Coimbatore North,Coimbatore
641019,Coimbatore Press Colony S.O,S.O,Delivery,Coimbatore North,Coimbatore
641019,Veerapandi Periyanaickenpalaya B.O,B.O,Delivery,Coimbatore North,Coimbatore
641020,Naickenpalayam B.O,B.O,Delivery,Coimbatore North,Coimbatore
641020,Periyanaickenpalayam S.O,S.O,Non-Delivery,Coimbatore North,Coimbatore
641020,Sri Ramakrishna Vidyalaya S.O,S.O,Delivery,Coimbatore North,Coimbatore
641020,Tekkupalayam B.O,B.O,Delivery,Coimbatore North,Coimbatore
641021,Coimbatore Industrial Estate S.O,S.O,Delivery,Coimbatore South,Coimbatore
641021,Eachanari B.O,B.O,Delivery,Coimbatore South,Coimbatore
641022,Idigarai B.O,B.O,Delivery,Coimbatore North,Coimbatore
641022,N.G.G.O Colony S.O,S.O,Delivery,Coimbatore North,Coimbatore
641022,Sengalipalayam B.O,B.O,Delivery,Coimbatore North,Coimbatore
641023,Konavaikalpalayam B.O,B.O,Non-Delivery,Coimbatore South,Coimbatore
641023,Podanur Newtown S.O,S.O,Non-Delivery,Coimbatore South,Coimbatore
641023,Podanur S.O,S.O,Delivery,Coimbatore South,Coimbatore
641024,Sundarapuram S.O,S.O,Delivery,Coimbatore South,Coimbatore
641025,Edayarpalayam B.O,B.O,Non-Delivery,Coimbatore North,Coimbatore
641025,Velandipalayam S.O,S.O,Delivery,Coimbatore North,Coimbatore
641026,Komarapalayam Coimbatore S.O,S.O,Delivery,Coimbatore South,Coimbatore
641026,Selvapuram B.O,B.O,Non-Delivery,Coimbatore North,Coimbatore
641027,Rathinapuri S.O,S.O,Delivery,Coimbatore North,Coimbatore
641028,Odayampalayam B.O,B.O,Non-Delivery,Coimbatore South,Coimbatore
641028,Sowripalayam S.O,S.O,Delivery,Coimbatore South,Coimbatore
641029,Cherannagar S.O,S.O,Non-Delivery,Coimbatore North,Coimbatore
641029,Gnanambika Mills S.O,S.O,Delivery,Coimbatore North,Coimbatore
641029,Vellakinar B.O,B.O,Delivery,Coimbatore North,Coimbatore
641030,Kavundampalayam B.O,B.O,Non-Delivery,Coimbatore North,Coimbatore
641030,Kavundampalayam Colony S.O,S.O,Delivery,Coimbatore North,Coimbatore
641031,Narasimhanaickenpalayam S.O,S.O,Delivery,Coimbatore North,Coimbatore
641031,Rakkipalayam B.O,B.O,Delivery,Coimbatore North,Coimbatore
641032,Arisipalayam B.O,B.O,Delivery,Coimbatore South,Coimbatore
641032,Elur B.O,B.O,Delivery,Coimbatore South,Coimbatore
641032,Kumittipathi B.O,B.O,Delivery,Coimbatore South,Coimbatore
641032,Masthigoundenpathi B.O,B.O,Delivery,Coimbatore South,Coimbatore
641032,Meenakshipuram B.O,B.O,Delivery,Coimbatore South,Coimbatore
641032,Myleripalayam B.O,B.O,Delivery,Coimbatore South,Coimbatore
641032,Othakkalmandapam S.O,S.O,Delivery,Coimbatore South,Coimbatore
641032,Valukkuparai B.O,B.O,Delivery,Coimbatore South,Coimbatore
641033,Neelikonampalayam S.O,S.O,Delivery,Coimbatore South,Coimbatore
641034,Tudiyalur S.O,S.O,Delivery,Coimbatore North,Coimbatore
641035,Keeranatham B.O,B.O,Delivery,Coimbatore North,Coimbatore
641035,Saravanampatti S.O,S.O,Delivery,Coimbatore South,Coimbatore
641035,Vilankurichi B.O,B.O,Delivery,Coimbatore North,Coimbatore
641036,Nanjundapuram S.O,S.O,Delivery,Coimbatore South,Coimbatore
641037,Pappanaickenpalayam S.O,S.O,Delivery,Coimbatore South,Coimbatore
641037,Pappanaickenpalayam West S.O,S.O,Non-Delivery,Coimbatore South,Coimbatore
641038,Kuppakonanpudur S.O,S.O,Delivery,Coimbatore North,Coimbatore
641039,Telungupalayam S.O,S.O,Delivery,Coimbatore South,Coimbatore
641041,Pappanaickenpudur S.O,S.O,Delivery,Coimbatore North,Coimbatore
641041,Vadavalli S.O,S.O,Non-Delivery,Coimbatore,Coimbatore
641042,Kovaipudur S.O,S.O,Delivery,Coimbatore South,Coimbatore
641043,Sahs College S.O,S.O,Delivery,Coimbatore North,Coimbatore
641044,Siddhapudur S.O,S.O,Delivery,Coimbatore South,Coimbatore
641045,Krishnaswamy Nagar S.O,S.O,Non-Delivery,Coimbatore South,Coimbatore
641045,Puliyakulam S.O,S.O,Non-Delivery,Coimbatore South,Coimbatore
641045,Ramanathapuram Coimbatore S.O,S.O,Delivery,Coimbatore South,Coimbatore
641046,Bharathiyar University S.O,S.O,Delivery,Coimbatore North,Coimbatore
641046,Marudamalai B.O,B.O,Non-Delivery,Coimbatore North,Coimbatore
641047,Gudalur-coimbatore B.O,B.O,Delivery,Coimbatore North,Coimbatore
641047,Jothipuram S.O,S.O,Delivery,Coimbatore North,Coimbatore
641047,Samichettipalayam B.O,B.O,Delivery,Coimbatore North,Coimbatore
641048,Kalapatti S.O,S.O,Delivery,Coimbatore South,Coimbatore
641048,Vellanaipatti B.O,B.O,Delivery,Coimbatore North,Coimbatore
641049,Chinnavedampatti S.O,S.O,Delivery,Coimbatore North,Coimbatore
641050,Malumichampatti S.O,S.O,Delivery,Coimbatore,Coimbatore
641062,Mylampatti B.O,B.O,Delivery,Coimbatore South,Coimbatore
641062,Nilambur B.O,B.O,Delivery,Coimbatore South,Coimbatore
641062,Sinniampalayam S.O,S.O,Delivery,Coimbatore South,Coimbatore
641062,Venkitapuram B.O,B.O,Delivery,Coimbatore South,Coimbatore
641101,Alandurai S.O,S.O,Delivery,Coimbatore North,Coimbatore
641101,Madhvarayapuram B.O,B.O,Non-Delivery,Coimbatore South,Coimbatore
641101,Mathipalayam B.O,B.O,Delivery,Coimbatore North,Coimbatore
641101,Nathegoundenpudur B.O,B.O,Non-Delivery,Coimbatore North,Coimbatore
641101,Puluvapatti B.O,B.O,Delivery,Coimbatore North,Coimbatore
641101,Tenkarai B.O,B.O,Delivery,Coimbatore North,Coimbatore
641103,Athappagoundenpudur B.O,B.O,Delivery,Mettupalayam,Coimbatore
641103,Chinthamanipudur B.O,B.O,Delivery,Mettupalayam,Coimbatore
641103,Irugur S.O,S.O,Delivery,Palladam,Coimbatore
641103,Kamatchipuram B.O,B.O,Non-Delivery,Mettupalayam,Coimbatore
641103,Oddarpalayam B.O,B.O,Delivery,Mettupalayam,Coimbatore
641103,Ravathur B.O,B.O,Delivery,Mettupalayam,Coimbatore
641104,Belladi B.O,B.O,Delivery,Mettupalayam,Coimbatore
641104,Chikkarampalayam B.O,B.O,Delivery,Mettupalayam,Coimbatore
641104,Karamadai S.O,S.O,Delivery,Mettupalayam,Coimbatore
641104,Mangalakaraipudur B.O,B.O,Delivery,Mettupalayam,Coimbatore
641104,Marudur B.O,B.O,Delivery,Mettupalayam,Coimbatore
641104,Paralipower House B.O,B.O,Delivery,Mettupalayam,Coimbatore
641104,Pillurdam B.O,B.O,Delivery,Mettupalayam,Coimbatore
641104,Velliankadu B.O,B.O,Delivery,Mettupalayam,Coimbatore
641105,Bodipalayam B.O,B.O,Non-Delivery,Coimbatore South,Coimbatore
641105,Kandegounden Salai B.O,B.O,Delivery,Coimbatore South,Coimbatore
641105,Madukkarai Cusba B.O,B.O,Non-Delivery,Coimbatore South,Coimbatore
641105,Madukkarai S.O,S.O,Delivery,Coimbatore South,Coimbatore
641105,Palathurai B.O,B.O,Delivery,Coimbatore South,Coimbatore
641105,Pichanur B.O,B.O,Delivery,Coimbatore South,Coimbatore
641105,Sinnanavakkarai B.O,B.O,Delivery,Coimbatore South,Coimbatore
641105,Thirumalayampalayam B.O,B.O,Delivery,Coimbatore South,Coimbatore
641107,Ganesapuram B.O,B.O,Delivery,Coimbatore South,Coimbatore
641107,Kallipalayam B.O,B.O,Delivery,Coimbatore North,Coimbatore
641107,Kattampatti-coimbatore B.O,B.O,Non-Delivery,Avanashi,Coimbatore
641107,Kunnathurpudur B.O,B.O,Delivery,Coimbatore North,Coimbatore
641107,Kuppaipalayam B.O,B.O,Delivery,Coimbatore North,Coimbatore
641107,Kurumbapalayam B.O,B.O,Delivery,Coimbatore South,Coimbatore
641107,Masagoundenchettipalayam B.O,B.O,Delivery,Coimbatore North,Coimbatore
641107,Pachapalayam B.O,B.O,Delivery,Coimbatore North,Coimbatore
641107,Ponnegoundenpudur B.O,B.O,Delivery,Coimbatore South,Coimbatore
641107,Sarkarsamakulam S.O,S.O,Delivery,Coimbatore South,Coimbatore
641107,Vadugapalayam B.O,B.O,Non-Delivery,Coimbatore North,Coimbatore
641108,Anaikatti B.O,B.O,Delivery,Coimbatore North,Coimbatore
641108,Nanjundapuram-tadagam B.O,B.O,Delivery,Coimbatore North,Coimbatore
641108,Pathanjalipuri B.O,B.O,Delivery,Coimbatore North,Coimbatore
641108,Somayampalayam B.O,B.O,Delivery,Coimbatore North,Coimbatore
641108,Tadagam S.O,S.O,Delivery,Coimbatore North,Coimbatore
641108,Veerapandi-tadagam B.O,B.O,Delivery,Coimabtore North,Coimbatore
641109,Deenampalayam B.O,B.O,Delivery,Coimbatore North,Coimbatore
641109,Devarayapuram B.O,B.O,Delivery,Coimbatore South,Coimbatore
641109,Dhaliyur B.O,B.O,Delivery,Coimbatore North,Coimbatore
641109,Ikkarai Boluvampatti B.O,B.O,Delivery,Coimbatore South,Coimbatore
641109,Jakkirnaickenpalayam B.O,B.O,Delivery,Coimbatore South,Coimbatore
641109,Narasipuram B.O,B.O,Delivery,Coimbatore South,Coimbatore
641109,Thennamanallur B.O,B.O,Delivery,Coimbatore South,Coimbatore
641109,Thondamuthur S.O,S.O,Delivery,Coimbatore South,Coimbatore
641109,Viraliyur B.O,B.O,Delivery,Coimbatore North,Coimbatore
641110,Agraharasamakulam B.O,B.O,Delivery,Coimbatore North,Coimbatore
641110,Athipalayam B.O,B.O,Delivery,Coimbatore North,Coimbatore
641110,Kondayampalayam B.O,B.O,Non-Delivery,Coimbatore North,Coimbatore
641110,Kottaipalayam B.O,B.O,Delivery,Coimbatore North,Coimbatore
641110,Vaiyampalayam S.O,S.O,Delivery,Coimbatore South,Coimbatore
641110,Vellamadai B.O,B.O,Delivery,Coimbatore North,Coimbatore
641111,Vellalapalayam Podanur B.O,B.O,Non-Delivery,Coimbatore South,Coimbatore
641111,Vellalore S.O,S.O,Delivery,Coimbatore South,Coimbatore
641112,Amritanagar S.O,S.O,Delivery,Coimbatore South,Coimbatore
641112,Ettimadai B.O,B.O,Non-Delivery,Coimbatore South,Coimbatore
641113,Bhujanganur B.O,B.O,Delivery,Mettupalayam,Coimbatore
641113,Medur B.O,B.O,Delivery,Mettupalayam,Coimbatore
641113,Seeliyur S.O,S.O,Delivery,NA,Coimbatore
641113,Thekkampatti B.O,B.O,Delivery,NA,Coimbatore
641113,Tholampalayam B.O,B.O,Delivery,NA,Coimbatore
641113,Vivekanandapuram B.O,B.O,Delivery,Mettupalayam,Coimbatore
641114,Ishana Vihar B.O,B.O,Delivery,Madhavapuram,Coimbatore
641114,Karunyanagar S.O,S.O,Delivery,Coimbatore North,Coimbatore
641114,Semmedu B.O,B.O,Delivery,Coimbatore North,Coimbatore
641114,Siruvani Adivaram B.O,B.O,Delivery,Coimbatore North,Coimbatore
641201,Chettipalayam S.O,S.O,Delivery,Coimbatore South,Coimbatore
641201,Kallapalayam B.O,B.O,Delivery,Coimbatore South,Coimbatore
641201,Panapatti B.O,B.O,Delivery,Coimbatore South,Coimbatore
641201,Periyakuyilai B.O,B.O,Delivery,Coimbatore South,Coimbatore
641202,Kondampatti B.O,B.O,Delivery,Pollachi,Coimbatore
641202,Kurunallipalayam B.O,B.O,Delivery,Pollachi,Coimbatore
641202,Mettubavi B.O,B.O,Delivery,Pollachi,Coimbatore
641202,Vadasithur S.O,S.O,Delivery,Pollachi,Coimbatore
641301,Mettupalayam Bazaar S.O,S.O,Non-Delivery,Mettupalayam,Coimbatore
641301,Mettupalayam H.O,H.O,Delivery,Mettupalayam,Coimbatore
641302,Akkaraisengapalli B.O,B.O,Delivery,Mettupalayam,Coimbatore
641302,Alancombu B.O,B.O,Delivery,Mettupalayam,Coimbatore
641302,Bellaipalayam B.O,B.O,Delivery,Mettupalayam,Coimbatore
641302,Illuppapalayam B.O,B.O,Delivery,Mettupalayam,Coimbatore
641302,Jadayampalayam B.O,B.O,Delivery,Mettupalyaam,Coimbatore
641302,Periakallipatti B.O,B.O,Delivery,Mettupalayam,Coimbatore
641302,Sinnakallipatti B.O,B.O,Delivery,Mettupalayam,Coimbatore
641302,Sirumugai S.O,S.O,Delivery,Mettupalayam,Coimbatore
641302,Thimmanur B.O,B.O,Delivery,Mettupalayam,Coimbatore
641305,Dasanur B.O,B.O,Delivery,Mettupalayam,Coimbatore
641305,Kallar B.O,B.O,Delivery,Mettupalayam,Coimbatore
641305,Mahadevapuram S.O,S.O,Delivery,Mettupalayam,Coimbatore
641305,Nellithurai B.O,B.O,Delivery,Mettupalayam,Coimbatore
641305,Palapatti B.O,B.O,Delivery,Mettupalayam,Coimbatore
641401,Golenpet B.O,B.O,Delivery,Palladam,Coimbatore
641401,Kadampadi B.O,B.O,Delivery,Palladam,Coimbatore
641401,Kangayampalayam S.O,S.O,Delivery,Palladam,Coimbatore
641402,Appanaickenpatti B.O,B.O,Delivery,Palladam,Coimbatore
641402,Kalingal B.O,B.O,Delivery,Palladam,Coimbatore
641402,Kannampalayam B.O,B.O,Delivery,Mettupalayam,Coimbatore
641402,Muthugoundenpudur B.O,B.O,Delivery,Mettupalayam,Coimbatore
641402,Rasipalayam B.O,B.O,Delivery,Palladam,Coimbatore
641402,Sulur S.O,S.O,Delivery,Mettupalayam,Coimbatore
641407,Arasur S.O,S.O,Delivery,Palladam,Coimbatore
641601,Karukkankattupudur B.O,B.O directly a/w Head Office,Delivery,Avanashi,Coimbatore
641601,Tirupur H.O,H.O,Delivery,Tirupur,Coimbatore
641602,Kallampalayam Road B.O,B.O,Non-Delivery,Tiruppur,Coimbatore
641602,Pn Road S.O,S.O,Non-Delivery,Tiruppur,Coimbatore
641602,Puluvapatti B.O,B.O,Delivery,Tiruppur,Coimbatore
641602,Tirupur North S.O,S.O,Delivery,Tiruppur,Coimbatore
641603,Ayyankalipalayam B.O,B.O,Delivery,Tiruppur,Coimbatore
641603,Gandhinagar S.O (Coimbatore),S.O,Delivery,Tiruppur,Coimbatore
641603,Kumarnagar S.O,S.O,Non-Delivery,Tiruppur,Coimbatore
641603,Pichampalayampudur B.O,B.O,Delivery,Tiruppur,Coimbatore
641603,Sirupuluvapatti B.O,B.O,Delivery,Tiruppur,Coimbatore
641604,Arasampalayam B.O,B.O,Delivery,Tiruppur,Coimbatore
641604,Karuvampalayam B.O,B.O,Non-Delivery,Tiruppur,Coimbatore
641604,Kathankanni B.O,B.O,Delivery,Tirupur,Coimbatore
641604,Maruduraiyanvalasu B.O,B.O,Delivery,Tiruppur,Coimbatore
641604,T.C.Market S.O,S.O,Delivery,Tiruppur,Coimbatore
641604,Tirupur Bazaar S.O,S.O,Non-Delivery,Tiruppur,Coimbatore
641605,Ganapathipalayam B.O,B.O,Delivery,Kangayam,Erode
641605,Karaipudur B.O,B.O,Delivery,Palladam,Erode
641605,Ugayanur B.O,B.O,Delivery,Tirupur,Erode
641605,Veerapandi S.O (Coimbatore),S.O,Delivery,Tiruppur,Coimbatore
641606,Manur B.O,B.O,Delivery,Tiruppur,Coimbatore
641606,Mudalipalayam B.O,B.O,Delivery,Tirupur,Coimbatore
641606,Muthanampalayam B.O,B.O,Delivery,Tirupur,Coimbatore
641606,Nachipalayam B.O,B.O,Delivery,Tirupur,Coimbatore
641606,Nallur B.O,B.O,Delivery,Tiruppur,Coimbatore
641606,Tea Nagar B.O,B.O,Delivery,Tiruppur,Coimbatore
641606,Vijayapuram S.O (Coimbatore),S.O,Delivery,Tiruppur,Coimbatore
641607,Mannarai B.O,B.O,Delivery,Tirupur,Coimbatore
641607,Sarkarperiapalayam B.O,B.O,Delivery,Perundurai,Erode
641607,Tiruneelakandapuram B.O,B.O,Non-Delivery,Tiruppur,Coimbatore
641607,Tirupur East S.O,S.O,Delivery,Tiruppur,Coimbatore
641652,15 Velampalayam B.O,B.O,Delivery,Tiruppur,Coimbatore
641652,Anuppapalayam S.O,S.O,Delivery,Tiruppur,Coimbatore
641652,Tirumuruganpoondi B.O,B.O,Delivery,Tiruppur,Coimbatore
641653,Allapalayam B.O,B.O,Delivery,Avanashi,Coimbatore
641653,Annur S.O,S.O,Delivery,Avanashi,Coimbatore
641653,Annur-mettupalayam B.O,B.O,Delivery,Avanashi,Coimbatore
641653,Kanjapalli B.O,B.O,Delivery,Avanashi,Coimbatore
641653,Komarapalayam B.O,B.O,Delivery,Mettupalayam,Coimbatore
641653,Kuppanur B.O,B.O,Delivery,Avanashi,Coimbatore
641653,Nagammapudur B.O,B.O,Delivery,Mettupalayam,Coimbatore
641653,Nallichettipalayam B.O,B.O,Delivery,Mettupalayam,Coimbatore
641653,Odderpalayam B.O,B.O,Delivery,Avanashi,Coimbatore
641653,Pasur-avanashi B.O,B.O,Delivery,Avanashi,Coimbatore
641653,Pilliappampalayam B.O,B.O,Delivery,Avanashi,Coimbatore
641653,Sokkampalayam B.O,B.O,Delivery,Mettupalayam,Coimbatore
641653,Vadakkalur B.O,B.O,Delivery,Avanashi,Coimbatore
641654,Avanash S.O,S.O,Delivery,NA,Coimbatore
641654,Karukkampalayam B.O,B.O,Delivery,Avanashi,Coimbatore
641654,Karukkankattupudur B.O,B.O,Delivery,Mettupalayam,Coimbatore
641654,Kuppandampalayam B.O,B.O,Delivery,NA,Coimbatore
641654,Periyayipalayam B.O,B.O,Delivery,Avanashi,Coimbatore
641654,Pudupalayam B.O,B.O,Delivery,NA,Coimbatore
641654,Rakkiapalayam B.O,B.O,Delivery,Avanashi,Coimbatore
641654,Ranganathapuram S.O,S.O,Non-Delivery,Avanashi,Coimbatore
641654,Sembianallur B.O,B.O,Delivery,NA,Coimbatore
641654,Thekkalur B.O,B.O,Delivery,NA,Coimbatore
641654,Thomaspuram B.O,B.O,Non-Delivery,Avanashi,Coimbatore
641654,Thulukkamuthur B.O,B.O,Delivery,NA,Coimbatore
641654,Vadugapalayam B.O,B.O,Delivery,NA,Coimbatore
641654,Velayuthampalayam B.O,B.O,Delivery,NA,Coimbatore
641655,Alathur B.O,B.O,Delivery,Avanashi,Coimbatore
641655,Cheyur S.O (Coimbatore),S.O,Delivery,Avanashi,Coimbatore
641655,Kanur B.O,B.O,Delivery,Avanashi,Coimbatore
641655,Mangarasavalayapalayam B.O,B.O,Delivery,Avanashi,Coimbatore
641655,Muriandampalayam B.O,B.O,Delivery,Avanashi,Coimbatore
641655,Pappankulam B.O,B.O,Delivery,Avanashi,Coimbatore
641655,Thandukaranpalayam B.O,B.O,Delivery,Avanashi,Coimbatore
641658,Bogampatti B.O,B.O,Delivery,Palladam,Coimbatore
641658,Jalakarichal B.O,B.O,Delivery,Palladam,Coimbatore
641658,Kamanaickenpalayam B.O,B.O,Delivery,Palladam,Coimbatore
641658,Karadibavi S.O,S.O,Delivery,Palladam,Coimbatore
641658,Lakshminaickenpalayam B.O,B.O,Delivery,Palladam,Coimbatore
641658,Paruvoi B.O,B.O,Delivery,Palladam,Coimbatore
641658,Puliampatti B.O,B.O,Delivery,Palladam,Coimbatore
641658,Siddanaickenpalayam B.O,B.O,Delivery,Palladam,Coimbatore
641659,Chennappachettipudur B.O,B.O,Delivery,Mettupalayam,Coimbatore
641659,Giddampalayam B.O,B.O,Delivery,Palladam,Coimbatore
641659,Kaduvettipalayam B.O,B.O,Delivery,Palladam,Coimbatore
641659,Kaniyur-palladam B.O,B.O,Delivery,Palladam,Coimbatore
641659,Karumathampatti S.O,S.O,Delivery,Avanashi,Coimbatore
641659,Moperipalayam B.O,B.O,Delivery,Mettupalayam,Coimbatore
641659,Paduvampalli B.O,B.O,Delivery,Palladam,Coimbatore
641659,Vaharayampalayam B.O,B.O,Delivery,Mettupalayam,Coimbatore
641662,K.Ayyampalayam B.O,B.O,Delivery,Palladam,Coimbatore
641662,Kallivelampatti B.O,B.O,Delivery,Palladam,Coimbatore
641662,Kodangipalayam B.O,B.O,Delivery,Palladam,Coimbatore
641662,Ksn Puram S.O,S.O,Delivery,Palladam,Coimbatore
641662,Sukkampalayam B.O,B.O,Delivery,Palladam,Coimbatore
641663,63 Velampalayam B.O,B.O,Delivery,Palladam,Coimbatore
641663,Agraharapudur B.O,B.O,Delivery,Tiruppur,Coimbatore
641663,Mangalam S.O (Coimbatore),S.O,Delivery,Tiruppur,Coimbatore
641663,Pallapalayam B.O,B.O,Delivery,Tiruppur,Coimbatore
641663,Poomalur B.O,B.O,Delivery,Palladam,Coimbatore
641663,Samalapuram B.O,B.O,Delivery,Tiruppur,Coimbatore
641663,Vadugankallipalayam B.O,B.O,Delivery,Tiruppur,Coimbatore
641663,Vanjipalayam B.O,B.O,Delivery,Tiruppur,Coimbatore
641664,Annupapatti B.O,B.O,Delivery,Palladam,Coimbatore
641664,Chittambalam B.O,B.O,Delivery,Palladam,Coimbatore
641664,Elavanthi B.O,B.O,Delivery,Tirupur,Coimbatore
641664,Madapur B.O,B.O,Delivery,Palladam,Coimbatore
641664,Naranapuram B.O,B.O,Delivery,Palladam,Coimbatore
641664,Nathagoundenpalayam B.O,B.O,Delivery,Palladam,Coimbatore
641664,Ngr Road S.O,S.O,Non-Delivery,Palladam,Coimbatore
641664,P.Vadugapalayam B.O,B.O,Delivery,Palladam,Coimbatore
641664,Palladam S.O,S.O,Delivery,Palladam,Coimbatore
641664,Panickampatti B.O,B.O,Delivery,Palladam,Coimbatore
641664,V.Kallipalayam B.O,B.O,Delivery,Palladam,Coimbatore
641664,V.Vadamalaipalayam B.O,B.O,Delivery,Palladam,Coimbatore
641664,Vengitapuram B.O,B.O,Delivery,Palladam,Coimbatore
641665,Alagumalai B.O,B.O,Delivery,NA,Coimbatore
641665,Kandiankoil B.O,B.O,Delivery,NA,Coimbatore
641665,Pallikalipalayam S.O,S.O,Delivery,Tiruppur,Coimbatore
641665,Peruntholuvu B.O,B.O,Delivery,NA,Coimbatore
641665,Thonguttipalayam B.O,B.O,Delivery,NA,Coimbatore
641666,Ittiveerampalayam B.O,B.O,Delivery,Tirupur,Coimbatore
641666,Kannakkampalayam B.O,B.O,Delivery,Tirupur,Coimbatore
641666,Karunampathi B.O,B.O,Delivery,Tiruppur,Coimbatore
641666,Perumanallur S.O,S.O,Delivery,Tirupur,Coimbatore
641666,Pongupalayam B.O,B.O,Delivery,Tirupur,Coimbatore
641666,Vavipalayam B.O,B.O,Delivery,Tirupur,Coimbatore
641667,Devanampalayam B.O,B.O,Delivery,Palladam,Coimbatore
641667,Doddampatti B.O,B.O,Delivery,Palladam,Coimbatore
641667,Ganganaickenpalayam B.O,B.O,Delivery,Palladam,Coimbatore
641667,Katturpalldam B.O,B.O,Delivery,Tirupur,Coimbatore
641667,Pongalur S.O,S.O,Delivery,Palladam,Coimbatore
641668,Ichipatti B.O,B.O,Delivery,Palladam,Coimbatore
641668,Karavalimadapur B.O,B.O,Delivery,Palladam,Coimbatore
641668,Semmandampalayam B.O,B.O,Delivery,Palladam,Coimbatore
641668,Somanur S.O,S.O,Delivery,Mettupalayam,Coimbatore
641668,Subarayanpudur B.O,B.O,Delivery,Mettupalayam,Coimbatore
641669,Chandrapuram B.O,B.O,Delivery,Palladam,Coimbatore
641669,Komarapalayam B.O,B.O,Delivery,Palladam,Coimbatore
641669,Malayadipalayam B.O,B.O,Delivery,Palladam,Coimbatore
641669,Puliamarathupalayam B.O,B.O,Delivery,Mettupalayam,Coimbatore
641669,Purandampalayam B.O,B.O,Delivery,Mettupalayam,Coimbatore
641669,Senjeri B.O,B.O,Delivery,Palladam,Coimbatore
641669,Sultanpet S.O,S.O,Delivery,Palladam,Coimbatore
641669,Vadambacherry B.O,B.O,Delivery,Palladam,Coimbatore
641669,Velappanaickenpalayam B.O,B.O,Delivery,Palladam,Coimbatore
641670,Karavalur S.O,S.O,Delivery,NA,Coimbatore
641670,Nambiampalayam B.O,B.O,Delivery,NA,Coimbatore
641670,Ramanathapuram B.O,B.O,Delivery,NA,Coimbatore
641670,Uppilipalayam B.O,B.O,Delivery,NA,Coimbatore
641670,Vettuvapalayam B.O,B.O,Delivery,NA,Coimbatore
641671,J.Krishnapuram B.O,B.O,Delivery,Palladam,Coimbatore
641671,Jallipatti B.O,B.O,Delivery,Palladam,Coimbatore
641671,Kammalapatti B.O,B.O,Delivery,Palladam,Coimbatore
641671,Kariampalayam B.O,B.O,Delivery,Mettupalayam,Coimbatore
641671,Kettanur S.O,S.O,Delivery,Palladam,Coimbatore
641671,Mandiripalayam B.O,B.O,Delivery,Palladam,Coimbatore
641671,S.Ayyampalayam B.O,B.O,Delivery,Palladam,Coimbatore
641671,Senjeriputhur B.O,B.O,Delivery,Palladam,Coimbatore
641671,Talakarai B.O,B.O,Delivery,Palladam,Coimbatore
641671,Vadavedampatti B.O,B.O,Delivery,Palladam,Coimbatore
641671,Vavipalayamkettanur B.O,B.O,Delivery,Palladam,Coimbatore
641687,Andipalayam B.O,B.O,Delivery,Tiruppur,Coimbatore
641687,Iduvampalayam S.O,S.O,Delivery,Tiruppur,Coimbatore
641687,Iduvoi B.O,B.O,Delivery,Tirupur,Coimbatore
641697,Ellapalayam B.O,B.O,Delivery,Mettupalayam,Coimbatore
641697,Karegoundenpalayam B.O,B.O,Delivery,Avanashi,Coimbatore
641697,Periaputhur B.O,B.O,Delivery,Mettupalayam,Coimbatore
641697,Pogalur S.O,S.O,Delivery,Avanashi,Coimbatore
641697,Therampalayam B.O,B.O,Delivery,Mettupalayam,Coimbatore
641697,Vadavalli-karamadai B.O,B.O,Delivery,Avanashi,Coimbatore
642001,Gandhi Market S.O (Coimbatore),S.O,Non-Delivery,Pollachi,Coimbatore
642001,Marapettai S.O,S.O,Non-Delivery,Pollachi,Coimbatore
642001,N.G.M College S.O,S.O,Non-Delivery,Pollachi,Coimbatore
642001,Pollachi Bazaar S.O,S.O,Non-Delivery,Pollachi,Coimbatore
642001,Pollachi H.O,H.O,Delivery,Pollachi,Coimbatore
642001,Pollachi RS S.O,S.O,Non-Delivery,Pollachi,Coimbatore
642001,Pollachi West B.O,B.O,Delivery,Pollachi,Coimbatore
642001,Vadugapalayam B.O,B.O,Non-Delivery,Pollachi,Coimbatore
642002,Achipatti B.O,B.O,Delivery,Pollachi,Coimbatore
642002,Kurumbapalayam B.O,B.O,Delivery,Pollachi,Coimbatore
642002,Mahalinga Puram S.O,S.O,Delivery,Pollachi,Coimbatore
642002,Palanigoundenpudur B.O,B.O,Delivery,Pollachi,Coimbatore
642002,Puliampatti B.O,B.O,Delivery,Pollachi,Coimbatore
642002,R.Ponnapuram B.O,B.O,Delivery,Pollachi,Coimbatore
642002,T.Kottampatti B.O,B.O,Non-Delivery,Pollachi,Coimbatore
642003,Kanjampatti B.O,B.O,Delivery,Pollachi,Coimbatore
642003,Makkinaicken Patti S.O,S.O,Delivery,Pollachi,Coimbatore
642003,Unjavelampatti B.O,B.O,Delivery,Pollachi,Coimbatore
642004,Akilandapuram B.O,B.O,Delivery,Pollachi,Coimbatore
642004,Karuppampalayam B.O,B.O,Delivery,Pollachi,Coimbatore
642004,Uthukuli Zamin S.O,S.O,Delivery,NA,Coimbatore
642005,Devambadi B.O,B.O,Delivery,Pollachi,Coimbatore
642005,Mannur B.O,B.O,Delivery,Pollachi,Coimbatore
642005,Mappillaigoundenpudur B.O,B.O,Delivery,Pollachi,Coimbatore
642005,Nalluthukuli B.O,B.O,Delivery,Pollachi,Coimbatore
642005,Ramapattinam B.O,B.O,Delivery,Pollachi,Coimbatore
642005,Thalakarai B.O,B.O,Delivery,Pollachi,Coimbatore
642005,Thimmankothu B.O,B.O,Delivery,Pollachi,Coimbatore
642005,Zamin Muthur S.O,S.O,Delivery,Pollachi,Coimbatore
642006,Suleeswaran Patti S.O,S.O,Delivery,Pollachi,Coimbatore
642007,Angalakurichi S.O,S.O,Delivery,Pollachi,Coimbatore
642007,Kambalapatti B.O,B.O,Delivery,Pollachi,Coimbatore
642007,Reddiarur B.O,B.O,Delivery,Pollachi,Coimbatore
642007,Vedasanthur B.O,B.O,Delivery,Pollachi,Coimbatore
642101,Aliyar Nagar S.O,S.O,Delivery,Pollachi,Coimbatore
642101,Kadamparai Power House B.O,B.O,Delivery,Valparai,Coimbatore
642101,Minparai B.O,B.O,Delivery,Valparai,Coimbatore
642101,Navamalai Camp B.O,B.O,Delivery,Pollachi,Coimbatore
642101,Upper Aliyar Dam B.O,B.O,Delivery,Pollachi,Coimbatore
642102,Amaravathi Nagar S.O,S.O,Delivery,Udamalpet,Coimbatore
642102,Kallapuram B.O,B.O,Delivery,Udamalpet,Coimbatore
642103,Ambarampalayam S.O,S.O,Delivery,Pollachi,Coimbatore
642103,Athu Pollachi B.O,B.O,Delivery,Pollachi,Coimbatore
642103,Divansapudur B.O,B.O,Delivery,Pollachi,Coimbatore
642103,Ganapathipalayam B.O,B.O,Delivery,Pollachi,Coimbatore
642103,Marappagoundenpudur B.O,B.O,Delivery,Pollachi,Coimbatore
642103,Periapodu B.O,B.O,Delivery,Pollachi,Coimbatore
642103,Subbegoundenpudur B.O,B.O,Delivery,Pollachi,Coimbatore
642104,Anaimalai S.O,S.O,Delivery,Pollachi,Coimbatore
642104,Chinnappampalayam B.O,B.O,Delivery,Pollachi,Coimbatore
642104,Thathur B.O,B.O,Delivery,Pollachi,Coimbatore
642105,Mount Stuart B.O,B.O,Delivery,Valparai,Coimbatore
642105,Thalanar B.O,B.O,Delivery,Valparai,Coimbatore
642105,Water Falls Estate S.O,S.O,Delivery,Valparai,Coimbatore
642105,Waverly B.O,B.O,Delivery,Valparai,Coimbatore
642106,Chinnakallar B.O,B.O,Delivery,Valparai,Coimbatore
642106,Cinchona East B.O,B.O,Delivery,Valparai,Coimbatore
642106,Cinchona S.O,S.O,Delivery,Valparai,Coimbatore
642106,Periya Kallar B.O,B.O,Delivery,Valparai,Coimbatore
642107,Gomangalam S.O,S.O,Delivery,Udamalpet,Coimbatore
642107,Kolarpatti B.O,B.O,Delivery,Udamalpet,Coimbatore
642107,Lakshmapuram B.O,B.O,Delivery,Pollachi,Coimbatore
642107,Thenkumarapalayam B.O,B.O,Delivery,Udamalpet,Coimbatore
642107,Thippampatti B.O,B.O,Delivery,Udamalpet,Coimbatore
642108,Iyerpadi S.O,S.O,Delivery,Valparai,Coimbatore
642108,Paralai B.O,B.O,Delivery,Valparai,Coimbatore
642109,Arasampalayam B.O,B.O,Delivery,Pollachi,Coimbatore
642109,Kinathukadavoo S.O,S.O,Delivery,Pollachi,Coimbatore
642109,Kothavadi B.O,B.O,Delivery,Pollachi,Coimbatore
642109,Muthur B.O,B.O,Delivery,Pollachi,Coimbatore
642109,Nallattipalayam B.O,B.O,Delivery,Pollachi,Coimbatore
642109,Palarpathy B.O,B.O,Delivery,Pollachi,Coimbatore
642109,Singarampalayam B.O,B.O,Delivery,Pollachi,Coimbatore
642109,Sokkanur B.O,B.O,Delivery,Pollachi,Coimbatore
642109,Solvampalayam B.O,B.O,Delivery,Pollachi,Coimbatore
642109,Thamaraikulam B.O,B.O,Delivery,Pollachi,Coimbatore
642110,Alagirichettipalayam B.O,B.O,Delivery,Pollachi,Coimbatore
642110,Devarayapuram B.O,B.O,Delivery,Pollachi,Coimbatore
642110,Kaliapuram B.O,B.O,Delivery,Pollachi,Coimbatore
642110,Kovilpalayam S.O,S.O,Delivery,Pollachi,Coimbatore
642110,Mettupalayam B.O,B.O,Delivery,Pollachi,Coimbatore
642110,Poravipalayam B.O,B.O,Delivery,Pollachi,Coimbatore
642110,Sulakkal B.O,B.O,Delivery,Pollachi,Coimbatore
642110,Vadakkipalayam B.O,B.O,Delivery,Pollachi,Coimbatore
642111,Agrahara Kannadiputhur B.O,B.O,Delivery,Udumalaipettai,Coimbatore
642111,Krishnapuram S.O (Coimbatore),S.O,Delivery,Udamalpet,Coimbatore
642112,Dhully B.O,B.O,Delivery,Udamalpet,Coimbatore
642112,Jallipatti B.O,B.O,Delivery,Udamalpet,Coimbatore
642112,Kurichikottai S.O,S.O,Delivery,Udamalpet,Coimbatore
642112,Manupatti B.O,B.O,Delivery,Udamalpet,Coimbatore
642112,Pallapalayam B.O,B.O,Delivery,Udamalpet,Coimbatore
642112,Thirumurthi Nagar B.O,B.O,Delivery,Udumalaipettai,Coimbatore
642113,Madathukulam S.O,S.O,Delivery,Udamalpet,Coimbatore
642113,Saminathapuram B.O,B.O,Delivery,Palani,Dindigul
642113,Sarkarkannadipudur B.O,B.O,Delivery,Udumalaipettai,Coimbatore
642113,Solamadevi B.O,B.O,Delivery,Udamalpet,Coimbatore
642114,Malayandipattinam S.O,S.O,Delivery,Pollachi,Coimbatore
642117,Mudis S.O,S.O,Delivery,Valparai,Coimbatore
642117,Nallamudi B.O,B.O,Delivery,Valparai,Coimbatore
642120,Andipalayam B.O,B.O,Delivery,Pollachi,Coimbatore
642120,Chinna Negamam B.O,B.O,Delivery,Pollachi,Coimbatore
642120,Devenampalayam B.O,B.O,Delivery,Pollachi,Coimbatore
642120,Kakkadavoo B.O,B.O,Delivery,Pollachi,Coimbatore
642120,Kappalankarai B.O,B.O,Delivery,Pollachi,Coimbatore
642120,Kondegoundenpalayam B.O,B.O,Delivery,Pollachi,Coimbatore
642120,Negamam S.O,S.O,Delivery,Pollachi,Coimbatore
642120,Ramachandrapuram B.O,B.O,Delivery,Udumalaipettai,Coimbatore
642120,Senguttaipalayam B.O,B.O,Delivery,Pollachi,Coimbatore
642120,Settiakkapalayam B.O,B.O,Delivery,Pollachi,Coimbatore
642120,Vellalapalayam B.O,B.O,Delivery,Pollachi,Coimbatore
642120,Virugalpatti B.O,B.O,Delivery,Pollachi,Coimbatore
642122,Ganapathipalayam B.O,B.O,Delivery,Udamalpet,Coimbatore
642122,Kodingium B.O,B.O,Delivery,Udamalpet,Coimbatore
642122,Pulankinar S.O,S.O,Delivery,Udamalpet,Coimbatore
642122,Senjellappagoundenpudur B.O,B.O,Delivery,Udumalaipettai,Coimbatore
642123,Samathur S.O,S.O,Delivery,Pollachi,Coimbatore
642123,Thondamuthur B.O,B.O,Delivery,Pollachi,Coimbatore
642123,Zamin Kottampatti B.O,B.O,Delivery,Pollachi,Coimbatore
642125,Murugali Bazaar B.O,B.O,Delivery,Valparai,Coimbatore
642125,Sheikalmudi B.O,B.O,Delivery,Valparai,Coimbatore
642125,Sholayar Nagar S.O,S.O,Delivery,Valparai,Coimbatore
642126,Eripalayam S.O,S.O,Non-Delivery,Udumalaipettai,Coimbatore
642126,Udamalpet Bazaar S.O,S.O,Non-Delivery,Udamalpet,Coimbatore
642126,Udamalpet East S.O,S.O,Non-Delivery,Udumalaipettai,Coimbatore
642126,Udamalpet H.O,H.O,Delivery,Udamalpet,Coimbatore
642126,Udamalpet South S.O,S.O,Non-Delivery,Udumalaipettai,Coimbatore
642127,Akkamalai B.O,B.O,Delivery,Valparai,Coimbatore
642127,High Forest B.O,B.O,Delivery,Valparai,Coimbatore
642127,Korangumudi B.O,B.O,Delivery,Valparai,Coimbatore
642127,Manamboli B.O,B.O,Delivery,Valparai,Coimbatore
642127,Nirar Dam B.O,B.O,Delivery,Valparai,Coimbatore
642127,Old Valparai B.O,B.O,Delivery,Valparai,Coimbatore
642127,Pannimade B.O,B.O,Delivery,Valparai,Coimbatore
642127,Sholayar B.O,B.O,Delivery,Valparai,Coimbatore
642127,Sirukundra B.O,B.O,Delivery,Valparai,Coimbatore
642127,Urulikkal B.O,B.O,Delivery,Valparai,Coimbatore
642127,Valparai S.O,S.O,Delivery,Pollachi,Coimbatore
642127,Vazhai Thottam S.O,S.O,Non-Delivery,Pollachi,Coimbatore
642127,Vellonie B.O,B.O,Delivery,Valparai,Coimbatore
642128,Venkatesa Mills S.O,S.O,Delivery,Udumalaipettai,Coimbatore
642129,Kaliapuram B.O,B.O,Delivery,Pollachi,Coimbatore
642129,Odayakulam B.O,B.O,Delivery,Pollachi,Coimbatore
642129,Vettaikaran Pudur S.O,S.O,Delivery,Pollachi,Coimbatore
642130,Karamalai Bazaar S.O,S.O,Delivery,Valparai,Coimbatore
642130,Vellamalai B.O,B.O,Delivery,Valparai,Coimbatore
642132,Deepalapatti B.O,B.O,Delivery,Udamalpet,Coimbatore
642132,Sundakkampalayam B.O,B.O,Delivery,Udumalaipettai,Coimbatore
642132,Valavadi S.O,S.O,Delivery,Udumalaipettai,Coimbatore
642133,Sarkarpathi B.O,B.O,Delivery,Udumalaipettai,Coimbatore
642133,Sethumadai S.O,S.O,Delivery,Udumalaipettai,Coimbatore
642133,Topslip B.O,B.O,Delivery,Pollachi,Coimbatore
642134,Pethanaickanur B.O,B.O,Delivery,Pollachi,Coimbatore
642134,Ramanamudali Pudur B.O,B.O,Delivery,Pollachi,Coimbatore
642134,Somandurai S.O,S.O,Delivery,Pollachi,Coimbatore
642154,Andigoundanur B.O,B.O,Delivery,Udamalpet,Coimbatore
642154,Bodipatti B.O,B.O,Delivery,Udamalpet Ho,Coimbatore
642154,Elayamuthur B.O,B.O,Delivery,Udamalpet,Coimbatore
642154,Gandhinagar S.O (Pollachi),S.O,Delivery,Udumalaipettai,Coimbatore
642154,Kannamanaickanur B.O,B.O,Delivery,Udamalpet,Coimbatore
642154,Kuralkuttai B.O,B.O,Delivery,Udamalpet,Coimbatore
642154,Pukkulam B.O,B.O,Delivery,Udamalpet,Coimbatore
642154,Thumbalapatti B.O,B.O,Delivery,Udamalpet,Coimbatore
642201,Amandakadavoo B.O,B.O,Delivery,Udamalpet,Coimbatore
642201,Gudimangalam S.O,S.O,Delivery,Udamalpet,Coimbatore
642201,Kondampatti B.O,B.O,Delivery,Udamalpet,Coimbatore
642201,Kottamangalam B.O,B.O,Delivery,Udamalpet,Coimbatore
642201,Periakomarapalayam B.O,B.O,Delivery,Udamalpet,Coimbatore
642201,Periapatti B.O,B.O,Delivery,Udamalpet,Coimbatore
642202,Dasanaicken Palayam B.O,B.O,Delivery,Pollachi,Coimbatore
642202,Jakkarpalayam S.O,S.O,Delivery,Pollachi,Coimbatore
642202,Kattampatti B.O,B.O,Delivery,Pollachi,Coimbatore
642202,Mohavanur B.O,B.O,Delivery,Udumalaipettai,Coimbatore
642202,Moongiltholuvu B.O,B.O,Delivery,Pollachi,Coimbatore
642202,Sirukalandai B.O,B.O,Delivery,Pollachi,Coimbatore
642202,Vagatholuvu B.O,B.O,Delivery,Pollachi,Coimbatore
642203,Jothampatti B.O,B.O,Delivery,Udamalpet,Coimbatore
642203,Kadathur B.O,B.O,Delivery,Udamalpet,Coimbatore
642203,Kaniyur S.O,S.O,Delivery,Udamalpet,Coimbatore
642203,Karatholuvu B.O,B.O,Delivery,Udamalpet,Coimbatore
642203,Metrathi B.O,B.O,Delivery,Udamalpet,Coimbatore
642203,Myvadi B.O,B.O,Delivery,Udamalpet,Coimbatore
642203,Thungavi B.O,B.O,Delivery,Udamalpet,Coimbatore
642203,Vedapatti B.O,B.O,Delivery,Udamalpet,Coimbatore
642204,Kolumam B.O,B.O,Delivery,Udamalpet,Coimbatore
642204,Komaralingam S.O,S.O,Delivery,Udamalpet,Coimbatore
642204,Nallannagoundanpudur B.O,B.O,Delivery,Udumalaipettai,Coimbatore
642204,Pappankulam B.O,B.O,Delivery,Udamalpet,Coimbatore
642204,Rudrapalayam B.O,B.O,Delivery,Udumalaipettai,Coimbatore
642204,Samarayapatti B.O,B.O,Delivery,Udumalaipettai,Coimbatore
642204,Uralpatti B.O,B.O,Delivery,Udumalaipettai,Coimbatore
642205,A.Nagore B.O,B.O,Delivery,Udamalpet,Coimbatore
642205,Ammapatti B.O,B.O,Delivery,Udumalaipettai,Coimbatore
642205,Doddampatti B.O,B.O,Delivery,Udamalpet,Coimbatore
642205,Eripatti B.O,B.O,Delivery,Udamalpet,Coimbatore
642205,Kongalnagaram B.O,B.O,Delivery,Udamalpet,Coimbatore
642205,Pedappampatti S.O,S.O,Delivery,Udumalaipettai,Coimbatore
642205,Poosaripatti B.O,B.O,Delivery,Udamalpet,Coimbatore
642205,Pudupalayam B.O,B.O,Delivery,Udamalpet,Coimbatore
642205,Seelakkampatti B.O,B.O,Delivery,Pollachi,Coimbatore
642205,Vadugapalayam B.O,B.O,Delivery,Udamalpet,Coimbatore
642206,Athukinathupatti B.O,B.O,Delivery,Udamalpet,Coimbatore
642206,Munduvelampatti B.O,B.O,Delivery,Udamalpet,Coimbatore
642206,Pottikkampalayam B.O,B.O,Delivery,Dharapuram,Erode
642206,Pulavadi S.O,S.O,Delivery,Udamalpet,Coimbatore
642206,Sengattupalayam B.O,B.O,Delivery,Dharapuram,Erode
642207,Chellappampalayam B.O,B.O,Delivery,Udaamalpet,Coimbatore
642207,Devanurpudur B.O,B.O,Delivery,Udamalpet,Coimbatore
642207,Erisinampatti B.O,B.O,Delivery,Udamalpet,Coimbatore
642207,Pungamuthur S.O,S.O,Delivery,Udamalpet,Coimbatore
642207,Ravanapuram B.O,B.O,Delivery,Udamalpet,Coimbatore
642207,Udukkampalayam B.O,B.O,Delivery,Udamalpet,Coimbatore
642207,Vallakondapuram B.O,B.O,Delivery,Udumalaipettai,Coimbatore
642207,Vilamarathupatti B.O,B.O,Delivery,Udumalaipettai,Coimbatore
643001,Charing Cross S.O,S.O,Non-Delivery,Udhagamandalam,Nilgiris
643001,St Marys Hill S.O,S.O,Non-Delivery,Udhagamandalam,Nilgiris
643001,Udagamandalam H.O,H.O,Delivery,Udagamandalam,Nilgiris
643001,Udagamandalam Market S.O,S.O,Non-Delivery,Udhagamandalam,Nilgiris
643001,Udagamandalam Race Course S.O,S.O,Non-Delivery,Udhagamandalam,Nilgiris
643002,Doddabetta B.O,B.O,Delivery,Udhagamandalam,Nilgiris
643002,Iduhatti B.O,B.O,Delivery,Udhagamandalam,Nilgiris
643002,Kenthorai B.O,B.O,Delivery,Udhagamandalam,Nilgiris
643002,Stone House Hill S.O,S.O,Delivery,Udhagamandalam,Nilgiris
643002,T Mynalai B.O,B.O,Delivery,Udhagamandalam,Nilgiris
643002,Thummanatti B.O,B.O,Delivery,Udagamandalam,Nilgiris
643002,Thuneri B.O,B.O,Delivery,Udagamandalam,Nilgiris
643003,Lovedale S.O,S.O,Delivery,Udhagamandalam,Nilgiris
643003,Manihatti B.O,B.O,Delivery,Udhagamandalam,Nilgiris
643003,Mudugula B.O,B.O,Delivery,Kundah,Nilgiris
643003,Nunthala B.O,B.O,Delivery,Udhagamandalam,Nilgiris
643003,Thangadu Oranali B.O,B.O,Delivery,Udhagamandalam,Nilgiris
643003,Welbeck Estate B.O,B.O,Delivery,Udhagamandalam,Nilgiris
643004,Fernhill S.O,S.O,Delivery,Udhagamandalam,Nilgiris
643004,Ithalar B.O,B.O,Delivery,Udagamandalam,Nilgiris
643004,Kuruthukuli B.O,B.O,Delivery,Udhagamandalam,Nilgiris
643004,M.Palada B.O,B.O,Delivery,Udhagamandalam,Nilgiris
643004,Mullikorai B.O,B.O,Delivery,Udhagamandalam,Nilgiris
643004,Muthorai B.O,B.O,Delivery,Udhagamandalam,Nilgiris
643004,Nanjanad B.O,B.O,Delivery,Udagamandalam,Nilgiris
643004,Parsons Valley B.O,B.O,Delivery,Udhagamandalam,Nilgiris
643005,Dunsandle B.O,B.O,Delivery,Udhagamandalam,Nilgiris
643005,Indunagar S.O,S.O,Delivery,Udhagamandalam,Nilgiris
643005,Kalhatti B.O,B.O,Delivery,Udhagamandalam,Nilgiris
643005,Kokkal B.O,B.O,Delivery,Udhagamandalam,Nilgiris
643005,Sholur B.O,B.O,Delivery,Udhagamandalam,Nilgiris
643005,Thalakundah B.O,B.O,Delivery,Udhagamandalam,Nilgiris
643006,Finger Post S.O,S.O,Delivery,Udhagamandalam,Nilgiris
643007,Dhavani B.O,B.O,Delivery,Udhagamandalam,Nilgiris
643007,Dr. Basuviah Nagar S.O,S.O,Delivery,Udhagamandalam,Nilgiris
643007,Hullathi B.O,B.O,Delivery,Udagamandalam,Nilgiris
643101,Coonoor H.O,H.O,Delivery,Coonoor,Nilgiris
643102,Adderly B.O,B.O,Delivery,Coonoor,Nilgiris
643102,Burliar B.O,B.O,Delivery,Coonoor,Nilgiris
643102,Coonoor Bazaar S.O,S.O,Non-Delivery,Coonoor,Nilgiris
643102,Coonoor RS S.O,S.O,Delivery,Coonoor,Nilgiris
643102,Gurrency B.O,B.O,Delivery,Coonoor,Nilgiris
643102,Hillgrove B.O,B.O,Delivery,Coonoor,Nilgiris
643102,Hulical B.O,B.O,Delivery,Coonoor,Nilgiris
643102,Karumbalam B.O,B.O,Delivery,Coonoor,Nilgiris
643102,Katary  R.S. B.O,B.O,Non-Delivery,Coonoor,Nilgiris
643102,Sogathorai B.O,B.O,Delivery,Coonoor,Nilgiris
643102,St Josephs College B.O,B.O,Non-Delivery,Coonoor,Nilgiris
643102,Vannarpet B.O,B.O,Non-Delivery,Coonoor,Nilgiris
643103,Halakkarai B.O,B.O,Delivery,Kotagiri,Nilgiris
643103,Pasteur Institute S.O,S.O,Delivery,Coonoor,Nilgiris
643103,Yedappalli B.O,B.O,Delivery,Coonoor,Nilgiris
643105,Ottupattarai S.O,S.O,Delivery,Coonoor,Nilgiris
643201,Aravenu S.O,S.O,Delivery,Kotagiri,Nilgiris
643202,Aruvankadu S.O,S.O,Delivery,Coonoor,Nilgiris
643202,Hubbathalai B.O,B.O,Delivery,Coonoor,Nilgiris
643202,Jegathala B.O,B.O,Delivery,Coonoor,Nilgiris
643203,Athigaratti B.O,B.O,Delivery,Coonoor,Nilgiris
643203,Balacola S.O,S.O,Delivery,Kundah,Nilgiris
643204,Bengalmattam B.O,B.O,Delivery,Udhagamandalam,Nilgiris
643204,Chamraj Estate S.O,S.O,Delivery,Coonoor,Nilgiris
643205,Cherambadi S.O,S.O,Delivery,Gudalur,Nilgiris
643205,Kayyunni B.O,B.O,Delivery,Gudalur,Nilgiris
643206,Anikorai B.O,B.O,Delivery,Udhagamandalam,Nilgiris
643206,Chinna Coonoor B.O,B.O,Delivery,Udhagamandalam,Nilgiris
643206,Denaducombai S.O,S.O,Delivery,Udhagamandalam,Nilgiris
643206,Ebbanad B.O,B.O,Delivery,Udagamandalam,Nilgiris
643206,Kadanad B.O,B.O,Delivery,Udagamandalam,Nilgiris
643206,Thoraihatty B.O,B.O,Delivery,Udhagamandalam,Nilgiris
643207,Devarshola S.O,S.O,Delivery,Gudalur,Nilgiris
643207,Mayfield B.O,B.O,Delivery,Panthalur,Nilgiris
643209,Avalanchi Power House B.O,B.O,Delivery,Kundah,Nilgiris
643209,Bickatti B.O,B.O,Delivery,Kundah,Nilgiris
643209,Emerald S.O,S.O,Delivery,Kundah,Nilgiris
643209,Mulligoor B.O,B.O,Delivery,Kundah,Nilgiris
643209,Yedakadu B.O,B.O,Delivery,Kundah,Nilgiris
643211,Cherumulli B.O,B.O,Delivery,Gudalur,Nilgiris
643211,Choondi B.O,B.O,Delivery,Gudalur,Nilgiris
643211,Gudalur Nilgiris S.O,S.O,Delivery,Gudalur,Nilgiris
643211,Kargudi B.O,B.O,Delivery,Gudalur,Nilgiris
643211,Lauriston B.O,B.O,Delivery,Gudalur,Nilgiris
643211,Machikolli B.O,B.O,Delivery,Gudalur,Nilgiris
643211,Marthoma Nagar B.O,B.O,Delivery,Gudalur,Nilgiris
643211,Mudumalai Sanctuary B.O,B.O,Delivery,Gudalur,Nilgiris
643211,Nadugani B.O,B.O,Delivery,Gudalur,Nilgiris
643211,Padanthorai B.O,B.O,Delivery,Gudalur,Nilgiris
643211,Thorapalli B.O,B.O,Delivery,Gudalur,Nilgiris
643212,Athipalli B.O,B.O,Delivery,Gudalur,Nilgiris
643212,Devala B.O,B.O,Delivery,Gudalur,Nilgiris
643212,Gudalur Bazaar S.O,S.O,Delivery,Gudalur,Nilgiris
643212,Nandhatti B.O,B.O,Delivery,Gudalur,Nilgiris
643212,Puliampara B.O,B.O,Delivery,Gudalur,Nilgiris
643212,Sree Madurai B.O,B.O,Delivery,Gudalur,Nilgiris
643213,Katary Dam B.O,B.O,Delivery,Coonoor,Nilgiris
643213,Katary S.O,S.O,Delivery,Coonoor,Nilgiris
643213,Kilinjada B.O,B.O,Delivery,Coonoor,Nilgiris
643213,Koderi B.O,B.O,Delivery,Coonoor,Nilgiris
643214,Billicombai B.O,B.O,Delivery,Kotagiri,Nilgiris
643214,Kagguchi B.O,B.O,Delivery,Udagamandalam,Nilgiris
643214,Kattabettu S.O,S.O,Delivery,Kotagiri,Nilgiris
643214,T.Manihatti B.O,B.O,Delivery,Kotagiri,Nilgiris
643215,Ketti Palada B.O,B.O,Delivery,Coonoor,Nilgiris
643215,Ketti S.O,S.O,Delivery,Coonoor,Nilgiris
643215,Kollimalai Oranalli B.O,B.O,Delivery,Coonoor,Nilgiris
643215,Shanthur B.O,B.O,Delivery,Udhagamandalam,Nilgiris
643216,Aracode B.O,B.O,Delivery,Kotagiri,Nilgiris
643216,Kadinamalai B.O,B.O,Delivery,Kotagiri,Nilgiris
643216,Kil Kotagiri Bazaar B.O,B.O,Delivery,Kotagiri,Nilgiris
643216,Kil Kotagiri S.O,S.O,Delivery,Kotagiri,Nilgiris
643217,Donnington S.O,S.O,Non-Delivery,Kotagiri,Nilgiris
643217,Down Hills B.O,B.O,Delivery,Kotagiri,Nilgiris
643217,Farm Tea Estate B.O,B.O,Delivery,Kotagiri,Nilgiris
643217,Gundada B.O,B.O,Delivery,Kotagiri,Nilgiris
643217,Kaikatti B.O,B.O,Delivery,Kotagiri,Nilgiris
643217,Kannerimukku B.O,B.O,Delivery,Kotagiri,Nilgiris
643217,Kodanad B.O,B.O,Delivery,Kotagiri,Nilgiris
643217,Konavakorai B.O,B.O,Delivery,Kotagiri,Nilgiris
643217,Kotagiri Bazaar B.O,B.O,Non-Delivery,Kotagiri,Nilgiris
643217,Kotagiri S.O,S.O,Delivery,Kotagiri,Nilgiris
643217,Kukalthorai B.O,B.O,Delivery,Kotagiri,Nilgiris
643217,Masakkal B.O,B.O,Delivery,Kotagiri,Nilgiris
643217,Milidane B.O,B.O,Delivery,Kotagiri,Nilgiris
643217,Nedugula B.O,B.O,Delivery,Kotagiri,Nilgiris
643217,Nihung B.O,B.O,Delivery,Kotagiri,Nilgiris
643218,Kullakamby S.O,S.O,Delivery,Coonoor,Nilgiris
643218,Thuthurmattam B.O,B.O,Delivery,Coonoor,Nilgiris
643219,Doddacombai B.O,B.O,Delivery,Kundah,Nilgiris
643219,Kil Kundah B.O,B.O,Delivery,Kundah,Nilgiris
643219,Kinnakorai B.O,B.O,Delivery,Kundah,Nilgiris
643219,Korakundah B.O,B.O,Delivery,Kundah,Nilgiris
643219,Kundah Bridge S.O,S.O,Delivery,Coonoor,Nilgiris
643219,Manjoor B.O,B.O,Non-Delivery,Kundah,Nilgiris
643219,Pegumbahalla Camp B.O,B.O,Delivery,Kundah,Nilgiris
643219,Thiashoa B.O,B.O,Delivery,Kundah,Nilgiris
643220,Cherambadi Tea Division B.O,B.O,Delivery,Gudalur,Nilgiris
643220,Cherangode B.O,B.O,Delivery,Pandalur,Nilgiris
643220,Mangorange S.O,S.O,Delivery,Panthalur,Nilgiris
643221,Araihatty B.O,B.O,Delivery,Coonoor,Nilgiris
643221,Manjacombai Bazaar B.O,B.O,Delivery,Coonoor,Nilgiris
643221,Melur Nilgiris S.O,S.O,Delivery,Coonoor,Nilgiris
643223,Masinagudi S.O,S.O,Delivery,Udagamandalam,Nilgiris
643223,Mavanahalla B.O,B.O,Delivery,Udhagamandalam,Nilgiris
643223,Moyarcamp B.O,B.O,Delivery,Udhagamandalam,Nilgiris
643223,Singara B.O,B.O,Delivery,Udhagamandalam,Nilgiris
643224,Bellevue B.O,B.O,Delivery,Gudalur,Nilgiris
643224,Naduvattam S.O,S.O,Delivery,Udhagamandalam,Nilgiris
643224,Prospect B.O,B.O,Delivery,Udhagamandalam,Nilgiris
643224,T R Bazaar B.O,B.O,Delivery,Udhagamandalam,Nilgiris
643225,Kariashola B.O,B.O,Delivery,Gudalur,Nilgiris
643225,Nellakotta S.O,S.O,Delivery,Pandalur,Nilgiris
643225,Rockwood Estate B.O,B.O,Delivery,Gudalur,Nilgiris
643226,Glenvans B.O,B.O,Delivery,Gudalur,Nilgiris
643226,Newhope S.O,S.O,Delivery,Gudalur,Nilgiris
643228,Periashola B.O,B.O,Delivery,Gudalur,Nilgiris
643228,Seaforth S.O,S.O,Delivery,Gudalur,Nilgiris
643228,Yellamalai B.O,B.O,Delivery,Gudalur,Nilgiris
643231,Berhatti B.O,B.O,Delivery,Coonoor,Nilgiris
643231,Defence Service Staff College S.O,S.O,Non-Delivery,Coonoor,Nilgiris
643231,Wellington Bazaar S.O,S.O,Non-Delivery,Coonoor,Nilgiris
643231,Wellington S.O,S.O,Delivery,Coonoor,Nilgiris
643233,Pandalur S.O,S.O,Delivery,Pandalur,Nilgiris
643236,Hettakal B.O,B.O,Delivery,Coonoor,Nilgiris
643236,Kengarai B.O,B.O,Delivery,Kotagiri,Nilgiris
643236,Kotada Estate S.O,S.O,Delivery,Kotagiri,Nilgiris
643237,Glenmorgan B.O,B.O,Delivery,Udhagamandalam,Nilgiris
643237,Pykaradam B.O,B.O,Delivery,Udhagamandalam,Nilgiris
643237,Sandynallah S.O,S.O,Delivery,Udhagamandalam,Nilgiris
643238,Nonsuch S.O,S.O,Delivery,Coonoor,Nilgiris
643238,Pilloormattam B.O,B.O,Delivery,Kotagiri,Nilgiris
643239,Konnachal S.O,S.O,Delivery,Pandalur,Nilgiris
643239,Munnanad GDS B.O,B.O,Delivery,Pandalur,Nilgiris
643240,Ambalamoola B.O,B.O,Delivery,Gudalur,Nilgiris
643240,Bitherkad S.O,S.O,Delivery,Gudalur,Nilgiris
643240,Pattavayal B.O,B.O,Delivery,Gudalur,Nilgiris
643241,Athikunna B.O,B.O,Delivery,Gudalur,Nilgiris
643241,Kunnalady B.O,B.O,Delivery,Gudalur,Nilgiris
643241,Uppatti S.O,S.O,Delivery,Panthalur,Nilgiris
643242,Kunjapanai B.O,B.O,Delivery,Kotagiri,Nilgiris
643242,Tuttapallam S.O,S.O,Delivery,Kotagiri,Nilgiris
643243,Yellanhalli S.O,S.O,Delivery,Udhagamandalam,Nilgiris
643253,Kolapalli S.O,S.O,Delivery,Gudalur,Nilgiris
